[INFO] Scanning for projects...
[INFO] 
[INFO] ----------------------< vn.logistic:api-gateway >-----------------------
[INFO] Building api-gateway 0.0.1-SNAPSHOT
[INFO]   from pom.xml
[INFO] --------------------------------[ jar ]---------------------------------
[INFO] 
[INFO] >>> spring-boot:3.3.3:run (default-cli) > test-compile @ api-gateway >>>
[INFO] 
[INFO] --- resources:3.3.1:resources (default-resources) @ api-gateway ---
[INFO] Copying 2 resources from src\main\resources to target\classes
[INFO] Copying 1 resource from src\main\resources to target\classes
[INFO] 
[INFO] --- compiler:3.13.0:compile (default-compile) @ api-gateway ---
[INFO] Nothing to compile - all classes are up to date.
[INFO] 
[INFO] --- resources:3.3.1:testResources (default-testResources) @ api-gateway ---
[INFO] skip non existing resourceDirectory D:\AI-AGENT\BabySystem\codebase\backend\api-gateway\src\test\resources
[INFO] 
[INFO] --- compiler:3.13.0:testCompile (default-testCompile) @ api-gateway ---
[INFO] Nothing to compile - all classes are up to date.
[INFO] 
[INFO] <<< spring-boot:3.3.3:run (default-cli) < test-compile @ api-gateway <<<
[INFO] 
[INFO] 
[INFO] --- spring-boot:3.3.3:run (default-cli) @ api-gateway ---
[INFO] Attaching agents: []
     _    ____ ___    ____       _                           
    / \  |  _ \_ _|  / ___| __ _| |_ _____      ____ _ _   _ 
   / _ \ | |_) | |  | |  _ / _` | __/ _ \ \ /\ / / _` | | | |
  / ___ \|  __/| |  | |_| | (_| | ||  __/\ V  V / (_| | |_| |
 /_/   \_\_|  |___|  \____|\__,_|\__\___| \_/\_/ \__,_|\__, |
                                                       |___/ 
2026-05-13T07:28:21.839+07:00  INFO 27588 --- [api-gateway] [           main] v.l.apigateway.ApiGatewayApplication     : Starting ApiGatewayApplication using Java 17.0.8 with PID 27588 (D:\AI-AGENT\BabySystem\codebase\backend\api-gateway\target\classes started by admin in D:\AI-AGENT\BabySystem\codebase\backend\api-gateway)
2026-05-13T07:28:21.851+07:00  INFO 27588 --- [api-gateway] [           main] v.l.apigateway.ApiGatewayApplication     : No active profile set, falling back to 1 default profile: "default"
2026-05-13T07:28:21.851+07:00 DEBUG 27588 --- [api-gateway] [           main] o.s.boot.SpringApplication               : Loading source class vn.logistic.apigateway.ApiGatewayApplication
2026-05-13T07:28:21.916+07:00 DEBUG 27588 --- [api-gateway] [           main] onfigReactiveWebServerApplicationContext : Refreshing org.springframework.boot.web.reactive.context.AnnotationConfigReactiveWebServerApplicationContext@45e37a7e
2026-05-13T07:28:25.183+07:00  INFO 27588 --- [api-gateway] [           main] .s.d.r.c.RepositoryConfigurationDelegate : Multiple Spring Data modules found, entering strict repository configuration mode
2026-05-13T07:28:25.190+07:00  INFO 27588 --- [api-gateway] [           main] .s.d.r.c.RepositoryConfigurationDelegate : Bootstrapping Spring Data Redis repositories in DEFAULT mode.
2026-05-13T07:28:25.237+07:00 DEBUG 27588 --- [api-gateway] [           main] o.s.b.a.AutoConfigurationPackages        : @EnableAutoConfiguration was declared on a class in the package 'vn.logistic.apigateway'. Automatic @Repository and @Entity scanning is enabled.
2026-05-13T07:28:25.253+07:00  INFO 27588 --- [api-gateway] [           main] .s.d.r.c.RepositoryConfigurationDelegate : Finished Spring Data repository scanning in 41 ms. Found 0 Redis repository interfaces.
2026-05-13T07:28:26.275+07:00  INFO 27588 --- [api-gateway] [           main] o.s.cloud.context.scope.GenericScope     : BeanFactory id=425ef34e-a034-33da-8a56-fcb9fbfdfd28
2026-05-13T07:28:27.534+07:00 DEBUG 27588 --- [api-gateway] [           main] ySourcesPropertyResolver$DefaultResolver : Found key 'jwt.accessKey' in PropertySource 'Config resource 'class path resource [application.yml]' via location 'optional:classpath:/'' with value of type String
2026-05-13T07:28:30.950+07:00  INFO 27588 --- [api-gateway] [           main] o.s.c.g.r.RouteDefinitionRouteLocator    : Loaded RoutePredicateFactory [After]
2026-05-13T07:28:30.954+07:00  INFO 27588 --- [api-gateway] [           main] o.s.c.g.r.RouteDefinitionRouteLocator    : Loaded RoutePredicateFactory [Before]
2026-05-13T07:28:30.956+07:00  INFO 27588 --- [api-gateway] [           main] o.s.c.g.r.RouteDefinitionRouteLocator    : Loaded RoutePredicateFactory [Between]
2026-05-13T07:28:30.958+07:00  INFO 27588 --- [api-gateway] [           main] o.s.c.g.r.RouteDefinitionRouteLocator    : Loaded RoutePredicateFactory [Cookie]
2026-05-13T07:28:30.959+07:00  INFO 27588 --- [api-gateway] [           main] o.s.c.g.r.RouteDefinitionRouteLocator    : Loaded RoutePredicateFactory [Header]
2026-05-13T07:28:30.960+07:00  INFO 27588 --- [api-gateway] [           main] o.s.c.g.r.RouteDefinitionRouteLocator    : Loaded RoutePredicateFactory [Host]
2026-05-13T07:28:30.961+07:00  INFO 27588 --- [api-gateway] [           main] o.s.c.g.r.RouteDefinitionRouteLocator    : Loaded RoutePredicateFactory [Method]
2026-05-13T07:28:30.962+07:00  INFO 27588 --- [api-gateway] [           main] o.s.c.g.r.RouteDefinitionRouteLocator    : Loaded RoutePredicateFactory [Path]
2026-05-13T07:28:30.962+07:00  INFO 27588 --- [api-gateway] [           main] o.s.c.g.r.RouteDefinitionRouteLocator    : Loaded RoutePredicateFactory [Query]
2026-05-13T07:28:30.963+07:00  INFO 27588 --- [api-gateway] [           main] o.s.c.g.r.RouteDefinitionRouteLocator    : Loaded RoutePredicateFactory [ReadBody]
2026-05-13T07:28:30.963+07:00  INFO 27588 --- [api-gateway] [           main] o.s.c.g.r.RouteDefinitionRouteLocator    : Loaded RoutePredicateFactory [RemoteAddr]
2026-05-13T07:28:30.964+07:00  INFO 27588 --- [api-gateway] [           main] o.s.c.g.r.RouteDefinitionRouteLocator    : Loaded RoutePredicateFactory [XForwardedRemoteAddr]
2026-05-13T07:28:30.964+07:00  INFO 27588 --- [api-gateway] [           main] o.s.c.g.r.RouteDefinitionRouteLocator    : Loaded RoutePredicateFactory [Weight]
2026-05-13T07:28:30.965+07:00  INFO 27588 --- [api-gateway] [           main] o.s.c.g.r.RouteDefinitionRouteLocator    : Loaded RoutePredicateFactory [CloudFoundryRouteService]
2026-05-13T07:28:31.222+07:00 DEBUG 27588 --- [api-gateway] [           main] s.w.r.r.m.a.RequestMappingHandlerMapping : 1 mappings in 'requestMappingHandlerMapping'
2026-05-13T07:28:31.249+07:00 DEBUG 27588 --- [api-gateway] [           main] o.s.w.r.handler.SimpleUrlHandlerMapping  : Patterns [/webjars/**, /**] in 'resourceHandlerMapping'
2026-05-13T07:28:31.746+07:00  INFO 27588 --- [api-gateway] [           main] o.s.b.a.e.web.EndpointLinksResolver      : Exposing 1 endpoint beneath base path '/actuator'
2026-05-13T07:28:31.759+07:00 DEBUG 27588 --- [api-gateway] [           main] .b.a.e.w.r.WebFluxEndpointHandlerMapping : 3 mappings in 'webEndpointReactiveHandlerMapping'
2026-05-13T07:28:31.844+07:00 DEBUG 27588 --- [api-gateway] [           main] o.s.w.r.r.m.a.ControllerMethodResolver   : ControllerAdvice beans: 0 @ModelAttribute, 0 @InitBinder, 1 @ExceptionHandler
2026-05-13T07:28:31.887+07:00 DEBUG 27588 --- [api-gateway] [           main] o.s.w.s.adapter.HttpWebHandlerAdapter    : enableLoggingRequestDetails='false': form data and headers will be masked to prevent unsafe logging of potentially sensitive data
2026-05-13T07:28:32.423+07:00  INFO 27588 --- [api-gateway] [           main] o.s.b.web.embedded.netty.NettyWebServer  : Netty started on port 4953 (http)
2026-05-13T07:28:32.730+07:00 DEBUG 27588 --- [api-gateway] [           main] .s.b.a.l.ConditionEvaluationReportLogger : 


============================
CONDITIONS EVALUATION REPORT
============================


Positive matches:
-----------------

   AbstractBulkheadConfigurationOnMissingBean#bulkheadRegistry matched:
      - @ConditionalOnMissingBean (types: io.github.resilience4j.bulkhead.BulkheadRegistry; SearchStrategy: all) did not find any beans (OnBeanCondition)

   AbstractBulkheadConfigurationOnMissingBean#compositeBulkheadCustomizer matched:
      - @ConditionalOnMissingBean (names: compositeBulkheadCustomizer; SearchStrategy: all) did not find any beans (OnBeanCondition)

   AbstractBulkheadConfigurationOnMissingBean#compositeThreadPoolBulkheadCustomizer matched:
      - @ConditionalOnMissingBean (names: compositeThreadPoolBulkheadCustomizer; SearchStrategy: all) did not find any beans (OnBeanCondition)

   AbstractBulkheadConfigurationOnMissingBean#threadPoolBulkheadRegistry matched:
      - @ConditionalOnMissingBean (types: io.github.resilience4j.bulkhead.ThreadPoolBulkheadRegistry; SearchStrategy: all) did not find any beans (OnBeanCondition)

   AbstractCircuitBreakerConfigurationOnMissingBean#circuitBreakerRegistry matched:
      - @ConditionalOnMissingBean (types: io.github.resilience4j.circuitbreaker.CircuitBreakerRegistry; SearchStrategy: all) did not find any beans (OnBeanCondition)

   AbstractCircuitBreakerConfigurationOnMissingBean#compositeCircuitBreakerCustomizer matched:
      - @ConditionalOnMissingBean (names: compositeCircuitBreakerCustomizer; SearchStrategy: all) did not find any beans (OnBeanCondition)

   AbstractRateLimiterConfigurationOnMissingBean#compositeRateLimiterCustomizer matched:
      - @ConditionalOnMissingBean (names: compositeRateLimiterCustomizer; SearchStrategy: all) did not find any beans (OnBeanCondition)

   AbstractRateLimiterConfigurationOnMissingBean#rateLimiterRegistry matched:
      - @ConditionalOnMissingBean (types: io.github.resilience4j.ratelimiter.RateLimiterRegistry; SearchStrategy: all) did not find any beans (OnBeanCondition)

   AbstractRetryConfigurationOnMissingBean#compositeRetryCustomizer matched:
      - @ConditionalOnMissingBean (names: compositeRetryCustomizer; SearchStrategy: all) did not find any beans (OnBeanCondition)

   AbstractRetryConfigurationOnMissingBean#retryRegistry matched:
      - @ConditionalOnMissingBean (types: io.github.resilience4j.retry.RetryRegistry; SearchStrategy: all) did not find any beans (OnBeanCondition)

   AbstractTimeLimiterConfigurationOnMissingBean#compositeTimeLimiterCustomizer matched:
      - @ConditionalOnMissingBean (names: compositeTimeLimiterCustomizer; SearchStrategy: all) did not find any beans (OnBeanCondition)

   AbstractTimeLimiterConfigurationOnMissingBean#timeLimiterRegistry matched:
      - @ConditionalOnMissingBean (types: io.github.resilience4j.timelimiter.TimeLimiterRegistry; SearchStrategy: all) did not find any beans (OnBeanCondition)

   AopAutoConfiguration matched:
      - @ConditionalOnProperty (spring.aop.auto=true) matched (OnPropertyCondition)

   AopAutoConfiguration.ClassProxyingConfiguration matched:
      - @ConditionalOnMissingClass did not find unwanted class 'org.aspectj.weaver.Advice' (OnClassCondition)
      - @ConditionalOnProperty (spring.aop.proxy-target-class=true) matched (OnPropertyCondition)

   ApplicationAvailabilityAutoConfiguration#applicationAvailability matched:
      - @ConditionalOnMissingBean (types: org.springframework.boot.availability.ApplicationAvailability; SearchStrategy: all) did not find any beans (OnBeanCondition)

   AutoServiceRegistrationAutoConfiguration matched:
      - @ConditionalOnProperty (spring.cloud.service-registry.auto-registration.enabled) matched (OnPropertyCondition)

   AutoServiceRegistrationConfiguration matched:
      - @ConditionalOnProperty (spring.cloud.service-registry.auto-registration.enabled) matched (OnPropertyCondition)

   BulkheadAutoConfiguration matched:
      - @ConditionalOnClass found required class 'io.github.resilience4j.bulkhead.Bulkhead' (OnClassCondition)

   BulkheadAutoConfiguration.BulkheadEndpointAutoConfiguration matched:
      - @ConditionalOnClass found required class 'org.springframework.boot.actuate.endpoint.annotation.Endpoint' (OnClassCondition)

   BulkheadConfigurationOnMissingBean#bulkheadEventConsumerRegistry matched:
      - @ConditionalOnMissingBean (types: io.github.resilience4j.bulkhead.event.BulkheadEvent; SearchStrategy: all) did not find any beans (OnBeanCondition)

   BulkheadMetricsAutoConfiguration matched:
      - @ConditionalOnClass found required classes 'io.micrometer.core.instrument.MeterRegistry', 'io.github.resilience4j.bulkhead.Bulkhead', 'io.github.resilience4j.micrometer.tagged.TaggedBulkheadMetricsPublisher' (OnClassCondition)
      - @ConditionalOnProperty (resilience4j.bulkhead.metrics.enabled) matched (OnPropertyCondition)

   BulkheadMetricsAutoConfiguration#taggedBulkheadMetricsPublisher matched:
      - @ConditionalOnProperty (resilience4j.bulkhead.metrics.legacy.enabled=false) matched (OnPropertyCondition)
      - @ConditionalOnBean (types: io.micrometer.core.instrument.MeterRegistry; SearchStrategy: all) found bean 'simpleMeterRegistry'; @ConditionalOnMissingBean (types: io.github.resilience4j.micrometer.tagged.TaggedBulkheadMetricsPublisher; SearchStrategy: all) did not find any beans (OnBeanCondition)

   CacheMeterBinderProvidersConfiguration matched:
      - @ConditionalOnClass found required class 'io.micrometer.core.instrument.binder.MeterBinder' (OnClassCondition)

   CacheMeterBinderProvidersConfiguration.RedisCacheMeterBinderProviderConfiguration matched:
      - @ConditionalOnClass found required class 'org.springframework.data.redis.cache.RedisCache' (OnClassCondition)

   CircuitBreakerAutoConfiguration matched:
      - @ConditionalOnClass found required class 'io.github.resilience4j.circuitbreaker.CircuitBreaker' (OnClassCondition)

   CircuitBreakerAutoConfiguration.CircuitBreakerEndpointAutoConfiguration matched:
      - @ConditionalOnClass found required class 'org.springframework.boot.actuate.endpoint.annotation.Endpoint' (OnClassCondition)

   CircuitBreakerConfigurationOnMissingBean#eventConsumerRegistry matched:
      - @ConditionalOnMissingBean (types: io.github.resilience4j.circuitbreaker.event.CircuitBreakerEvent; SearchStrategy: all) did not find any beans (OnBeanCondition)

   CircuitBreakerMetricsAutoConfiguration matched:
      - @ConditionalOnClass found required classes 'io.micrometer.core.instrument.MeterRegistry', 'io.github.resilience4j.circuitbreaker.CircuitBreaker', 'io.github.resilience4j.micrometer.tagged.TaggedCircuitBreakerMetricsPublisher' (OnClassCondition)
      - @ConditionalOnProperty (resilience4j.circuitbreaker.metrics.enabled) matched (OnPropertyCondition)

   CircuitBreakerMetricsAutoConfiguration#taggedCircuitBreakerMetricsPublisher matched:
      - @ConditionalOnProperty (resilience4j.circuitbreaker.metrics.legacy.enabled=false) matched (OnPropertyCondition)
      - @ConditionalOnBean (types: io.micrometer.core.instrument.MeterRegistry; SearchStrategy: all) found bean 'simpleMeterRegistry'; @ConditionalOnMissingBean (types: io.github.resilience4j.micrometer.tagged.TaggedCircuitBreakerMetricsPublisher; SearchStrategy: all) did not find any beans (OnBeanCondition)

   CircuitBreakerStreamEventsAutoConfiguration matched:
      - @ConditionalOnClass found required classes 'io.github.resilience4j.circuitbreaker.CircuitBreaker', 'org.springframework.boot.actuate.endpoint.annotation.Endpoint', 'reactor.core.publisher.Flux', 'io.github.resilience4j.reactor.adapter.ReactorAdapter' (OnClassCondition)

   CircuitBreakersHealthIndicatorAutoConfiguration matched:
      - @ConditionalOnClass found required classes 'io.github.resilience4j.circuitbreaker.CircuitBreaker', 'org.springframework.boot.actuate.health.HealthIndicator', 'org.springframework.boot.actuate.health.StatusAggregator' (OnClassCondition)

   ClientHttpConnectorAutoConfiguration matched:
      - @ConditionalOnClass found required class 'org.springframework.web.reactive.function.client.WebClient' (OnClassCondition)

   ClientHttpConnectorAutoConfiguration#webClientHttpConnector matched:
      - @ConditionalOnMissingBean (types: org.springframework.http.client.reactive.ClientHttpConnector; SearchStrategy: all) did not find any beans (OnBeanCondition)

   ClientHttpConnectorAutoConfiguration#webClientHttpConnectorCustomizer matched:
      - @ConditionalOnBean (types: org.springframework.http.client.reactive.ClientHttpConnector; SearchStrategy: all) found bean 'webClientHttpConnector' (OnBeanCondition)

   ClientHttpConnectorFactoryConfiguration.ReactorNetty matched:
      - @ConditionalOnClass found required class 'reactor.netty.http.client.HttpClient' (OnClassCondition)
      - @ConditionalOnMissingBean (types: org.springframework.boot.autoconfigure.web.reactive.function.client.ClientHttpConnectorFactory; SearchStrategy: all) did not find any beans (OnBeanCondition)

   CodecsAutoConfiguration matched:
      - @ConditionalOnClass found required classes 'org.springframework.http.codec.CodecConfigurer', 'org.springframework.web.reactive.function.client.WebClient' (OnClassCondition)

   CodecsAutoConfiguration.JacksonCodecConfiguration matched:
      - @ConditionalOnClass found required class 'com.fasterxml.jackson.databind.ObjectMapper' (OnClassCondition)

   CodecsAutoConfiguration.JacksonCodecConfiguration#jacksonCodecCustomizer matched:
      - @ConditionalOnBean (types: com.fasterxml.jackson.databind.ObjectMapper; SearchStrategy: all) found bean 'jacksonObjectMapper' (OnBeanCondition)

   CommonsClientAutoConfiguration.ActuatorConfiguration matched:
      - @ConditionalOnClass found required class 'org.springframework.boot.actuate.endpoint.annotation.Endpoint' (OnClassCondition)
      - @ConditionalOnProperty (spring.cloud.features.enabled) matched (OnPropertyCondition)

   CommonsClientAutoConfiguration.DiscoveryLoadBalancerConfiguration matched:
      - @ConditionalOnClass found required class 'org.springframework.boot.actuate.health.HealthIndicator' (OnClassCondition)
      - @ConditionalOnProperty (spring.cloud.discovery.enabled) matched; @ConditionalOnProperty (spring.cloud.discovery.blocking.enabled) matched (OnPropertyCondition)
      - @ConditionalOnBean (types: org.springframework.cloud.client.discovery.DiscoveryClient; SearchStrategy: all) found beans 'simpleDiscoveryClient', 'compositeDiscoveryClient' (OnBeanCondition)

   CommonsClientAutoConfiguration.DiscoveryLoadBalancerConfiguration#discoveryClientHealthIndicator matched:
      - @ConditionalOnProperty (spring.cloud.discovery.client.health-indicator.enabled) matched (OnPropertyCondition)

   CommonsClientAutoConfiguration.DiscoveryLoadBalancerConfiguration#discoveryCompositeHealthContributor matched:
      - @ConditionalOnProperty (spring.cloud.discovery.client.composite-indicator.enabled) matched (OnPropertyCondition)
      - @ConditionalOnBean (types: org.springframework.cloud.client.discovery.health.DiscoveryHealthIndicator; SearchStrategy: all) found bean 'discoveryClientHealthIndicator' (OnBeanCondition)

   CompatibilityVerifierAutoConfiguration matched:
      - @ConditionalOnProperty (spring.cloud.compatibility-verifier.enabled) matched (OnPropertyCondition)

   CompositeMeterRegistryAutoConfiguration matched:
      - @ConditionalOnClass found required class 'io.micrometer.core.instrument.composite.CompositeMeterRegistry' (OnClassCondition)

   ConfigurationPropertiesRebinderAutoConfiguration matched:
      - @ConditionalOnBean (types: org.springframework.boot.context.properties.ConfigurationPropertiesBindingPostProcessor; SearchStrategy: all) found bean 'org.springframework.boot.context.properties.ConfigurationPropertiesBindingPostProcessor' (OnBeanCondition)

   ConfigurationPropertiesRebinderAutoConfiguration#configurationPropertiesBeans matched:
      - @ConditionalOnMissingBean (types: org.springframework.cloud.context.properties.ConfigurationPropertiesBeans; SearchStrategy: current) did not find any beans (OnBeanCondition)

   ConfigurationPropertiesRebinderAutoConfiguration#configurationPropertiesRebinder matched:
      - @ConditionalOnMissingBean (types: org.springframework.cloud.context.properties.ConfigurationPropertiesRebinder; SearchStrategy: current) did not find any beans (OnBeanCondition)

   DiskSpaceHealthContributorAutoConfiguration matched:
      - @ConditionalOnEnabledHealthIndicator management.health.defaults.enabled is considered true (OnEnabledHealthIndicatorCondition)

   DiskSpaceHealthContributorAutoConfiguration#diskSpaceHealthIndicator matched:
      - @ConditionalOnMissingBean (names: diskSpaceHealthIndicator; SearchStrategy: all) did not find any beans (OnBeanCondition)

   EmbeddedWebServerFactoryCustomizerAutoConfiguration matched:
      - @ConditionalOnWebApplication (required) found ConfigurableReactiveWebEnvironment (OnWebApplicationCondition)
      - @ConditionalOnWarDeployment the application is not deployed as a WAR file. (OnWarDeploymentCondition)

   EmbeddedWebServerFactoryCustomizerAutoConfiguration.NettyWebServerFactoryCustomizerConfiguration matched:
      - @ConditionalOnClass found required class 'reactor.netty.http.server.HttpServer' (OnClassCondition)

   EndpointAutoConfiguration#endpointCachingOperationInvokerAdvisor matched:
      - @ConditionalOnMissingBean (types: org.springframework.boot.actuate.endpoint.invoker.cache.CachingOperationInvokerAdvisor; SearchStrategy: all) did not find any beans (OnBeanCondition)

   EndpointAutoConfiguration#endpointOperationParameterMapper matched:
      - @ConditionalOnMissingBean (types: org.springframework.boot.actuate.endpoint.invoke.ParameterValueMapper; SearchStrategy: all) did not find any beans (OnBeanCondition)

   ErrorWebFluxAutoConfiguration matched:
      - @ConditionalOnClass found required class 'org.springframework.web.reactive.config.WebFluxConfigurer' (OnClassCondition)
      - found ConfigurableReactiveWebEnvironment (OnWebApplicationCondition)

   ErrorWebFluxAutoConfiguration#errorAttributes matched:
      - @ConditionalOnMissingBean (types: org.springframework.boot.web.reactive.error.ErrorAttributes; SearchStrategy: current) did not find any beans (OnBeanCondition)

   FallbackConfigurationOnMissingBean#completionStageFallbackDecorator matched:
      - @ConditionalOnMissingBean (types: io.github.resilience4j.spring6.fallback.CompletionStageFallbackDecorator; SearchStrategy: all) did not find any beans (OnBeanCondition)

   FallbackConfigurationOnMissingBean#reactorFallbackDecorator matched:
      - @ConditionalOnMissingBean (types: io.github.resilience4j.spring6.fallback.ReactorFallbackDecorator; SearchStrategy: all) did not find any beans (OnBeanCondition)

   GatewayAutoConfiguration matched:
      - @ConditionalOnClass found required class 'org.springframework.web.reactive.DispatcherHandler' (OnClassCondition)
      - @ConditionalOnProperty (spring.cloud.gateway.enabled) matched (OnPropertyCondition)

   GatewayAutoConfiguration#adaptCachedBodyGlobalFilter matched:
      - matched (OnEnabledGlobalFilter)

   GatewayAutoConfiguration#addRequestHeaderGatewayFilterFactory matched:
      - matched (OnEnabledFilter)

   GatewayAutoConfiguration#addRequestHeadersIfNotPresentGatewayFilterFactory matched:
      - matched (OnEnabledFilter)

   GatewayAutoConfiguration#addRequestParameterGatewayFilterFactory matched:
      - matched (OnEnabledFilter)

   GatewayAutoConfiguration#addResponseHeaderGatewayFilterFactory matched:
      - matched (OnEnabledFilter)

   GatewayAutoConfiguration#afterRoutePredicateFactory matched:
      - matched (OnEnabledPredicate)

   GatewayAutoConfiguration#beforeRoutePredicateFactory matched:
      - matched (OnEnabledPredicate)

   GatewayAutoConfiguration#betweenRoutePredicateFactory matched:
      - matched (OnEnabledPredicate)

   GatewayAutoConfiguration#cacheRequestBodyGatewayFilterFactory matched:
      - matched (OnEnabledFilter)

   GatewayAutoConfiguration#cachedCompositeRouteLocator matched:
      - @ConditionalOnMissingBean (names: cachedCompositeRouteLocator; SearchStrategy: all) did not find any beans (OnBeanCondition)

   GatewayAutoConfiguration#cloudFoundryRouteServiceRoutePredicateFactory matched:
      - matched (OnEnabledPredicate)

   GatewayAutoConfiguration#cookieRoutePredicateFactory matched:
      - matched (OnEnabledPredicate)

   GatewayAutoConfiguration#corsGatewayFilterApplicationListener matched:
      - @ConditionalOnProperty (spring.cloud.gateway.globalcors.enabled) matched (OnPropertyCondition)

   GatewayAutoConfiguration#dedupeResponseHeaderGatewayFilterFactory matched:
      - matched (OnEnabledFilter)

   GatewayAutoConfiguration#filteringWebHandler matched:
      - @ConditionalOnMissingBean (types: org.springframework.cloud.gateway.handler.FilteringWebHandler; SearchStrategy: all) did not find any beans (OnBeanCondition)

   GatewayAutoConfiguration#forwardPathFilter matched:
      - matched (OnEnabledGlobalFilter)

   GatewayAutoConfiguration#forwardRoutingFilter matched:
      - matched (OnEnabledGlobalFilter)

   GatewayAutoConfiguration#forwardedHeadersFilter matched:
      - @ConditionalOnProperty (spring.cloud.gateway.forwarded.enabled) matched (OnPropertyCondition)

   GatewayAutoConfiguration#gRPCRequestHeadersFilter matched:
      - @ConditionalOnProperty (server.http2.enabled) matched (OnPropertyCondition)

   GatewayAutoConfiguration#gRPCResponseHeadersFilter matched:
      - @ConditionalOnProperty (server.http2.enabled) matched (OnPropertyCondition)

   GatewayAutoConfiguration#headerRoutePredicateFactory matched:
      - matched (OnEnabledPredicate)

   GatewayAutoConfiguration#hostRoutePredicateFactory matched:
      - matched (OnEnabledPredicate)

   GatewayAutoConfiguration#inMemoryRouteDefinitionRepository matched:
      - @ConditionalOnMissingBean (types: org.springframework.cloud.gateway.route.RouteDefinitionRepository; SearchStrategy: all) did not find any beans (OnBeanCondition)

   GatewayAutoConfiguration#mapRequestHeaderGatewayFilterFactory matched:
      - matched (OnEnabledFilter)

   GatewayAutoConfiguration#methodRoutePredicateFactory matched:
      - matched (OnEnabledPredicate)

   GatewayAutoConfiguration#modifyRequestBodyGatewayFilterFactory matched:
      - matched (OnEnabledFilter)

   GatewayAutoConfiguration#modifyResponseBodyGatewayFilterFactory matched:
      - matched (OnEnabledFilter)

   GatewayAutoConfiguration#pathRoutePredicateFactory matched:
      - matched (OnEnabledPredicate)

   GatewayAutoConfiguration#prefixPathGatewayFilterFactory matched:
      - matched (OnEnabledFilter)

   GatewayAutoConfiguration#preserveHostHeaderGatewayFilterFactory matched:
      - matched (OnEnabledFilter)

   GatewayAutoConfiguration#propertiesRouteDefinitionLocator matched:
      - @ConditionalOnMissingBean (types: org.springframework.cloud.gateway.config.PropertiesRouteDefinitionLocator; SearchStrategy: all) did not find any beans (OnBeanCondition)

   GatewayAutoConfiguration#queryRoutePredicateFactory matched:
      - matched (OnEnabledPredicate)

   GatewayAutoConfiguration#readBodyPredicateFactory matched:
      - matched (OnEnabledPredicate)

   GatewayAutoConfiguration#redirectToGatewayFilterFactory matched:
      - matched (OnEnabledFilter)

   GatewayAutoConfiguration#remoteAddrRoutePredicateFactory matched:
      - matched (OnEnabledPredicate)

   GatewayAutoConfiguration#removeCachedBodyFilter matched:
      - matched (OnEnabledGlobalFilter)

   GatewayAutoConfiguration#removeJsonAttributesResponseBodyGatewayFilterFactory matched:
      - matched (OnEnabledFilter)

   GatewayAutoConfiguration#removeRequestHeaderGatewayFilterFactory matched:
      - matched (OnEnabledFilter)

   GatewayAutoConfiguration#removeRequestParameterGatewayFilterFactory matched:
      - matched (OnEnabledFilter)

   GatewayAutoConfiguration#removeResponseHeaderGatewayFilterFactory matched:
      - matched (OnEnabledFilter)

   GatewayAutoConfiguration#requestHeaderSizeGatewayFilterFactory matched:
      - matched (OnEnabledFilter)

   GatewayAutoConfiguration#requestHeaderToRequestUriGatewayFilterFactory matched:
      - matched (OnEnabledFilter)

   GatewayAutoConfiguration#requestRateLimiterGatewayFilterFactory matched:
      - @ConditionalOnBean (types: org.springframework.cloud.gateway.filter.ratelimit.RateLimiter,org.springframework.cloud.gateway.filter.ratelimit.KeyResolver; SearchStrategy: all) found beans 'clientKeyResolver', 'redisRateLimiter' (OnBeanCondition)
      - matched (OnEnabledFilter)

   GatewayAutoConfiguration#requestSizeGatewayFilterFactory matched:
      - matched (OnEnabledFilter)

   GatewayAutoConfiguration#retryGatewayFilterFactory matched:
      - matched (OnEnabledFilter)

   GatewayAutoConfiguration#rewriteLocationResponseHeaderGatewayFilterFactory matched:
      - matched (OnEnabledFilter)

   GatewayAutoConfiguration#rewritePathGatewayFilterFactory matched:
      - matched (OnEnabledFilter)

   GatewayAutoConfiguration#rewriteRequestParameterGatewayFilterFactory matched:
      - matched (OnEnabledFilter)

   GatewayAutoConfiguration#rewriteResponseHeaderGatewayFilterFactory matched:
      - matched (OnEnabledFilter)

   GatewayAutoConfiguration#routePredicateHandlerMapping matched:
      - @ConditionalOnMissingBean (types: org.springframework.cloud.gateway.handler.RoutePredicateHandlerMapping; SearchStrategy: all) did not find any beans (OnBeanCondition)

   GatewayAutoConfiguration#routeRefreshListener matched:
      - @ConditionalOnClass found required class 'org.springframework.cloud.client.discovery.event.HeartbeatMonitor' (OnClassCondition)
      - @ConditionalOnProperty (spring.cloud.gateway..route-refresh-listener.enabled) matched (OnPropertyCondition)

   GatewayAutoConfiguration#routeToRequestUrlFilter matched:
      - matched (OnEnabledGlobalFilter)

   GatewayAutoConfiguration#saveSessionGatewayFilterFactory matched:
      - matched (OnEnabledFilter)

   GatewayAutoConfiguration#secureHeadersGatewayFilterFactory matched:
      - matched (OnEnabledFilter)

   GatewayAutoConfiguration#setPathGatewayFilterFactory matched:
      - matched (OnEnabledFilter)

   GatewayAutoConfiguration#setRequestHeaderGatewayFilterFactory matched:
      - matched (OnEnabledFilter)

   GatewayAutoConfiguration#setRequestHostHeaderGatewayFilterFactory matched:
      - matched (OnEnabledFilter)

   GatewayAutoConfiguration#setResponseHeaderGatewayFilterFactory matched:
      - matched (OnEnabledFilter)

   GatewayAutoConfiguration#setStatusGatewayFilterFactory matched:
      - matched (OnEnabledFilter)

   GatewayAutoConfiguration#stripPrefixGatewayFilterFactory matched:
      - matched (OnEnabledFilter)

   GatewayAutoConfiguration#webSocketService matched:
      - matched (OnEnabledGlobalFilter)

   GatewayAutoConfiguration#websocketRoutingFilter matched:
      - matched (OnEnabledGlobalFilter)

   GatewayAutoConfiguration#weightCalculatorWebFilter matched:
      - matched (OnEnabledPredicate)

   GatewayAutoConfiguration#weightRoutePredicateFactory matched:
      - matched (OnEnabledPredicate)

   GatewayAutoConfiguration#xForwardedHeadersFilter matched:
      - @ConditionalOnProperty (spring.cloud.gateway.x-forwarded.enabled) matched (OnPropertyCondition)

   GatewayAutoConfiguration#xForwardedRemoteAddrRoutePredicateFactory matched:
      - matched (OnEnabledPredicate)

   GatewayAutoConfiguration.GatewayActuatorConfiguration matched:
      - @ConditionalOnClass found required class 'org.springframework.boot.actuate.health.Health' (OnClassCondition)

   GatewayAutoConfiguration.NettyConfiguration matched:
      - @ConditionalOnClass found required class 'reactor.netty.http.client.HttpClient' (OnClassCondition)

   GatewayAutoConfiguration.NettyConfiguration#gatewayHttpClientFactory matched:
      - @ConditionalOnMissingBean (types: reactor.netty.http.client.HttpClient,org.springframework.cloud.gateway.config.HttpClientFactory; SearchStrategy: all) did not find any beans (OnBeanCondition)

   GatewayAutoConfiguration.NettyConfiguration#nettyWriteResponseFilter matched:
      - matched (OnEnabledGlobalFilter)

   GatewayAutoConfiguration.NettyConfiguration#reactorNettyRequestUpgradeStrategy matched:
      - matched (OnEnabledGlobalFilter)

   GatewayAutoConfiguration.NettyConfiguration#reactorNettyWebSocketClient matched:
      - matched (OnEnabledGlobalFilter)

   GatewayAutoConfiguration.NettyConfiguration#routingFilter matched:
      - matched (OnEnabledGlobalFilter)

   GatewayClassPathWarningAutoConfiguration matched:
      - @ConditionalOnProperty (spring.cloud.gateway.enabled) matched (OnPropertyCondition)

   GatewayDiscoveryClientAutoConfiguration matched:
      - @ConditionalOnClass found required classes 'org.springframework.web.reactive.DispatcherHandler', 'org.springframework.cloud.client.discovery.composite.CompositeDiscoveryClientAutoConfiguration' (OnClassCondition)
      - @ConditionalOnProperty (spring.cloud.gateway.enabled) matched (OnPropertyCondition)

   GatewayDiscoveryClientAutoConfiguration.ReactiveDiscoveryClientRouteDefinitionLocatorConfiguration matched:
      - @ConditionalOnProperty (spring.cloud.discovery.reactive.enabled) matched (OnPropertyCondition)

   GatewayMetricsAutoConfiguration matched:
      - @ConditionalOnClass found required classes 'org.springframework.web.reactive.DispatcherHandler', 'io.micrometer.core.instrument.MeterRegistry', 'org.springframework.boot.actuate.autoconfigure.metrics.MetricsAutoConfiguration' (OnClassCondition)
      - @ConditionalOnProperty (spring.cloud.gateway.enabled) matched (OnPropertyCondition)

   GatewayMetricsAutoConfiguration#gatewayMetricFilter matched:
      - @ConditionalOnProperty (spring.cloud.gateway.metrics.enabled) matched (OnPropertyCondition)
      - @ConditionalOnBean (types: io.micrometer.core.instrument.MeterRegistry; SearchStrategy: all) found bean 'simpleMeterRegistry' (OnBeanCondition)

   GatewayMetricsAutoConfiguration#routeDefinitionMetrics matched:
      - @ConditionalOnProperty (spring.cloud.gateway.metrics.enabled) matched (OnPropertyCondition)
      - @ConditionalOnBean (types: io.micrometer.core.instrument.MeterRegistry; SearchStrategy: all) found bean 'simpleMeterRegistry' (OnBeanCondition)

   GatewayMetricsAutoConfiguration.ObservabilityConfiguration matched:
      - @ConditionalOnProperty (spring.cloud.gateway.observability.enabled) matched (OnPropertyCondition)
      - @ConditionalOnBean (types: io.micrometer.observation.ObservationRegistry; SearchStrategy: all) found bean 'observationRegistry' (OnBeanCondition)

   GatewayMetricsAutoConfiguration.ObservabilityConfiguration#observedRequestHttpHeadersFilter matched:
      - @ConditionalOnMissingBean (types: org.springframework.cloud.gateway.filter.headers.observation.ObservedRequestHttpHeadersFilter; SearchStrategy: all) did not find any beans (OnBeanCondition)

   GatewayMetricsAutoConfiguration.ObservabilityConfiguration#observedResponseHttpHeadersFilter matched:
      - @ConditionalOnMissingBean (types: org.springframework.cloud.gateway.filter.headers.observation.ObservedResponseHttpHeadersFilter; SearchStrategy: all) did not find any beans (OnBeanCondition)

   GatewayNoLoadBalancerClientAutoConfiguration matched:
      - @ConditionalOnMissingClass did not find unwanted class 'org.springframework.cloud.loadbalancer.core.ReactorLoadBalancer' (OnClassCondition)
      - @ConditionalOnMissingBean (types: org.springframework.cloud.client.loadbalancer.reactive.ReactiveLoadBalancer; SearchStrategy: all) did not find any beans (OnBeanCondition)

   GatewayNoLoadBalancerClientAutoConfiguration#noLoadBalancerClientFilter matched:
      - @ConditionalOnMissingBean (types: org.springframework.cloud.gateway.filter.ReactiveLoadBalancerClientFilter; SearchStrategy: all) did not find any beans (OnBeanCondition)

   GatewayRedisAutoConfiguration matched:
      - @ConditionalOnClass found required classes 'org.springframework.data.redis.core.RedisTemplate', 'org.springframework.web.reactive.DispatcherHandler' (OnClassCondition)
      - @ConditionalOnProperty (spring.cloud.gateway.redis.enabled) matched (OnPropertyCondition)
      - @ConditionalOnBean (types: org.springframework.data.redis.core.ReactiveRedisTemplate; SearchStrategy: all) found beans 'reactiveRedisTemplate', 'reactiveStringRedisTemplate' (OnBeanCondition)

   GatewayResilience4JCircuitBreakerAutoConfiguration matched:
      - @ConditionalOnClass found required classes 'org.springframework.web.reactive.DispatcherHandler', 'org.springframework.cloud.circuitbreaker.resilience4j.ReactiveResilience4JAutoConfiguration', 'org.springframework.cloud.client.circuitbreaker.ReactiveCircuitBreakerFactory', 'org.springframework.cloud.circuitbreaker.resilience4j.ReactiveResilience4JCircuitBreakerFactory' (OnClassCondition)
      - @ConditionalOnProperty (spring.cloud.gateway.enabled) matched (OnPropertyCondition)

   GatewayResilience4JCircuitBreakerAutoConfiguration#fallbackHeadersGatewayFilterFactory matched:
      - @ConditionalOnMissingBean (types: org.springframework.cloud.gateway.filter.factory.FallbackHeadersGatewayFilterFactory; SearchStrategy: all) did not find any beans (OnBeanCondition)
      - matched (OnEnabledFilter)

   GatewayResilience4JCircuitBreakerAutoConfiguration#springCloudCircuitBreakerResilience4JFilterFactory matched:
      - @ConditionalOnBean (types: org.springframework.cloud.circuitbreaker.resilience4j.ReactiveResilience4JCircuitBreakerFactory; SearchStrategy: all) found bean 'reactiveResilience4JCircuitBreakerFactory' (OnBeanCondition)
      - matched (OnEnabledFilter)

   GenericCacheConfiguration matched:
      - Cache org.springframework.boot.autoconfigure.cache.GenericCacheConfiguration automatic cache type (CacheCondition)

   HealthContributorAutoConfiguration#pingHealthContributor matched:
      - @ConditionalOnEnabledHealthIndicator management.health.defaults.enabled is considered true (OnEnabledHealthIndicatorCondition)

   HealthEndpointAutoConfiguration matched:
      - @ConditionalOnAvailableEndpoint marked as exposed by a 'management.endpoints.web.exposure' property (OnAvailableEndpointCondition)

   HealthEndpointConfiguration#healthContributorRegistry matched:
      - @ConditionalOnMissingBean (types: org.springframework.boot.actuate.health.HealthContributorRegistry; SearchStrategy: all) did not find any beans (OnBeanCondition)

   HealthEndpointConfiguration#healthEndpoint matched:
      - @ConditionalOnMissingBean (types: org.springframework.boot.actuate.health.HealthEndpoint; SearchStrategy: all) did not find any beans (OnBeanCondition)

   HealthEndpointConfiguration#healthEndpointGroupMembershipValidator matched:
      - @ConditionalOnProperty (management.endpoint.health.validate-group-membership=true) matched (OnPropertyCondition)

   HealthEndpointConfiguration#healthEndpointGroups matched:
      - @ConditionalOnMissingBean (types: org.springframework.boot.actuate.health.HealthEndpointGroups; SearchStrategy: all) did not find any beans (OnBeanCondition)

   HealthEndpointConfiguration#healthHttpCodeStatusMapper matched:
      - @ConditionalOnMissingBean (types: org.springframework.boot.actuate.health.HttpCodeStatusMapper; SearchStrategy: all) did not find any beans (OnBeanCondition)

   HealthEndpointConfiguration#healthStatusAggregator matched:
      - @ConditionalOnMissingBean (types: org.springframework.boot.actuate.health.StatusAggregator; SearchStrategy: all) did not find any beans (OnBeanCondition)

   HealthEndpointReactiveWebExtensionConfiguration matched:
      - found ConfigurableReactiveWebEnvironment (OnWebApplicationCondition)
      - @ConditionalOnAvailableEndpoint marked as exposed by a 'management.endpoints.web.exposure' property (OnAvailableEndpointCondition)

   HealthEndpointReactiveWebExtensionConfiguration#reactiveHealthEndpointWebExtension matched:
      - @ConditionalOnBean (types: org.springframework.boot.actuate.health.HealthEndpoint; SearchStrategy: all) found bean 'healthEndpoint'; @ConditionalOnMissingBean (types: org.springframework.boot.actuate.health.ReactiveHealthEndpointWebExtension; SearchStrategy: all) did not find any beans (OnBeanCondition)

   HealthEndpointReactiveWebExtensionConfiguration.WebFluxAdditionalHealthEndpointPathsConfiguration matched:
      - @ConditionalOnAvailableEndpoint marked as exposed by a 'management.endpoints.web.exposure' property (OnAvailableEndpointCondition)

   HttpClientObservationsAutoConfiguration matched:
      - @ConditionalOnClass found required class 'io.micrometer.observation.Observation' (OnClassCondition)
      - @ConditionalOnBean (types: io.micrometer.observation.ObservationRegistry; SearchStrategy: all) found bean 'observationRegistry' (OnBeanCondition)

   HttpClientObservationsAutoConfiguration.MeterFilterConfiguration matched:
      - @ConditionalOnClass found required class 'io.micrometer.core.instrument.MeterRegistry' (OnClassCondition)
      - @ConditionalOnBean (types: io.micrometer.core.instrument.MeterRegistry; SearchStrategy: all) found bean 'simpleMeterRegistry' (OnBeanCondition)

   HttpHandlerAutoConfiguration matched:
      - @ConditionalOnClass found required classes 'org.springframework.web.reactive.DispatcherHandler', 'org.springframework.http.server.reactive.HttpHandler' (OnClassCondition)
      - found ConfigurableReactiveWebEnvironment (OnWebApplicationCondition)
      - @ConditionalOnMissingBean (types: org.springframework.http.server.reactive.HttpHandler; SearchStrategy: all) did not find any beans (OnBeanCondition)

   JacksonAutoConfiguration matched:
      - @ConditionalOnClass found required class 'com.fasterxml.jackson.databind.ObjectMapper' (OnClassCondition)

   JacksonAutoConfiguration.Jackson2ObjectMapperBuilderCustomizerConfiguration matched:
      - @ConditionalOnClass found required class 'org.springframework.http.converter.json.Jackson2ObjectMapperBuilder' (OnClassCondition)

   JacksonAutoConfiguration.JacksonObjectMapperBuilderConfiguration matched:
      - @ConditionalOnClass found required class 'org.springframework.http.converter.json.Jackson2ObjectMapperBuilder' (OnClassCondition)

   JacksonAutoConfiguration.JacksonObjectMapperBuilderConfiguration#jacksonObjectMapperBuilder matched:
      - @ConditionalOnMissingBean (types: org.springframework.http.converter.json.Jackson2ObjectMapperBuilder; SearchStrategy: all) did not find any beans (OnBeanCondition)

   JacksonAutoConfiguration.JacksonObjectMapperConfiguration matched:
      - @ConditionalOnClass found required class 'org.springframework.http.converter.json.Jackson2ObjectMapperBuilder' (OnClassCondition)

   JacksonAutoConfiguration.JacksonObjectMapperConfiguration#jacksonObjectMapper matched:
      - @ConditionalOnMissingBean (types: com.fasterxml.jackson.databind.ObjectMapper; SearchStrategy: all) did not find any beans (OnBeanCondition)

   JacksonAutoConfiguration.ParameterNamesModuleConfiguration matched:
      - @ConditionalOnClass found required class 'com.fasterxml.jackson.module.paramnames.ParameterNamesModule' (OnClassCondition)

   JacksonAutoConfiguration.ParameterNamesModuleConfiguration#parameterNamesModule matched:
      - @ConditionalOnMissingBean (types: com.fasterxml.jackson.module.paramnames.ParameterNamesModule; SearchStrategy: all) did not find any beans (OnBeanCondition)

   JacksonEndpointAutoConfiguration#endpointObjectMapper matched:
      - @ConditionalOnClass found required classes 'com.fasterxml.jackson.databind.ObjectMapper', 'org.springframework.http.converter.json.Jackson2ObjectMapperBuilder' (OnClassCondition)
      - @ConditionalOnProperty (management.endpoints.jackson.isolated-object-mapper) matched (OnPropertyCondition)

   JvmMetricsAutoConfiguration matched:
      - @ConditionalOnClass found required class 'io.micrometer.core.instrument.MeterRegistry' (OnClassCondition)
      - @ConditionalOnBean (types: io.micrometer.core.instrument.MeterRegistry; SearchStrategy: all) found bean 'simpleMeterRegistry' (OnBeanCondition)

   JvmMetricsAutoConfiguration#classLoaderMetrics matched:
      - @ConditionalOnMissingBean (types: io.micrometer.core.instrument.binder.jvm.ClassLoaderMetrics; SearchStrategy: all) did not find any beans (OnBeanCondition)

   JvmMetricsAutoConfiguration#jvmCompilationMetrics matched:
      - @ConditionalOnMissingBean (types: io.micrometer.core.instrument.binder.jvm.JvmCompilationMetrics; SearchStrategy: all) did not find any beans (OnBeanCondition)

   JvmMetricsAutoConfiguration#jvmGcMetrics matched:
      - @ConditionalOnMissingBean (types: io.micrometer.core.instrument.binder.jvm.JvmGcMetrics; SearchStrategy: all) did not find any beans (OnBeanCondition)

   JvmMetricsAutoConfiguration#jvmHeapPressureMetrics matched:
      - @ConditionalOnMissingBean (types: io.micrometer.core.instrument.binder.jvm.JvmHeapPressureMetrics; SearchStrategy: all) did not find any beans (OnBeanCondition)

   JvmMetricsAutoConfiguration#jvmInfoMetrics matched:
      - @ConditionalOnMissingBean (types: io.micrometer.core.instrument.binder.jvm.JvmInfoMetrics; SearchStrategy: all) did not find any beans (OnBeanCondition)

   JvmMetricsAutoConfiguration#jvmMemoryMetrics matched:
      - @ConditionalOnMissingBean (types: io.micrometer.core.instrument.binder.jvm.JvmMemoryMetrics; SearchStrategy: all) did not find any beans (OnBeanCondition)

   JvmMetricsAutoConfiguration#jvmThreadMetrics matched:
      - @ConditionalOnMissingBean (types: io.micrometer.core.instrument.binder.jvm.JvmThreadMetrics; SearchStrategy: all) did not find any beans (OnBeanCondition)

   LettuceConnectionConfiguration matched:
      - @ConditionalOnClass found required class 'io.lettuce.core.RedisClient' (OnClassCondition)
      - @ConditionalOnProperty (spring.data.redis.client-type=lettuce) matched (OnPropertyCondition)

   LettuceConnectionConfiguration#lettuceClientResources matched:
      - @ConditionalOnMissingBean (types: io.lettuce.core.resource.ClientResources; SearchStrategy: all) did not find any beans (OnBeanCondition)

   LettuceConnectionConfiguration#redisConnectionFactory matched:
      - @ConditionalOnMissingBean (types: org.springframework.data.redis.connection.RedisConnectionFactory; SearchStrategy: all) did not find any beans (OnBeanCondition)
      - @ConditionalOnThreading found PLATFORM (OnThreadingCondition)

   LettuceMetricsAutoConfiguration matched:
      - @ConditionalOnClass found required classes 'io.lettuce.core.RedisClient', 'io.lettuce.core.metrics.MicrometerCommandLatencyRecorder' (OnClassCondition)
      - @ConditionalOnBean (types: io.micrometer.core.instrument.MeterRegistry; SearchStrategy: all) found bean 'simpleMeterRegistry' (OnBeanCondition)

   LettuceMetricsAutoConfiguration#micrometerOptions matched:
      - @ConditionalOnMissingBean (types: io.lettuce.core.metrics.MicrometerOptions; SearchStrategy: all) did not find any beans (OnBeanCondition)

   LifecycleAutoConfiguration#defaultLifecycleProcessor matched:
      - @ConditionalOnMissingBean (names: lifecycleProcessor; SearchStrategy: current) did not find any beans (OnBeanCondition)

   LifecycleMvcEndpointAutoConfiguration#environmentManager matched:
      - @ConditionalOnMissingBean (types: org.springframework.cloud.context.environment.EnvironmentManager; SearchStrategy: all) did not find any beans (OnBeanCondition)

   LogbackMetricsAutoConfiguration matched:
      - @ConditionalOnClass found required classes 'io.micrometer.core.instrument.MeterRegistry', 'ch.qos.logback.classic.LoggerContext', 'org.slf4j.LoggerFactory' (OnClassCondition)
      - LogbackLoggingCondition ILoggerFactory is a Logback LoggerContext (LogbackMetricsAutoConfiguration.LogbackLoggingCondition)
      - @ConditionalOnBean (types: io.micrometer.core.instrument.MeterRegistry; SearchStrategy: all) found bean 'simpleMeterRegistry' (OnBeanCondition)

   LogbackMetricsAutoConfiguration#logbackMetrics matched:
      - @ConditionalOnMissingBean (types: io.micrometer.core.instrument.binder.logging.LogbackMetrics; SearchStrategy: all) did not find any beans (OnBeanCondition)

   ManagementContextAutoConfiguration.SameManagementContextConfiguration matched:
      - Management Port actual port type (SAME) matched required type (OnManagementPortCondition)

   MetricsAutoConfiguration matched:
      - @ConditionalOnClass found required class 'io.micrometer.core.annotation.Timed' (OnClassCondition)

   MetricsAutoConfiguration#micrometerClock matched:
      - @ConditionalOnMissingBean (types: io.micrometer.core.instrument.Clock; SearchStrategy: all) did not find any beans (OnBeanCondition)

   NettyAutoConfiguration matched:
      - @ConditionalOnClass found required class 'io.netty.util.NettyRuntime' (OnClassCondition)

   NoOpCacheConfiguration matched:
      - Cache org.springframework.boot.autoconfigure.cache.NoOpCacheConfiguration automatic cache type (CacheCondition)

   ObservationAutoConfiguration matched:
      - @ConditionalOnClass found required class 'io.micrometer.observation.ObservationRegistry' (OnClassCondition)

   ObservationAutoConfiguration#observationRegistry matched:
      - @ConditionalOnMissingBean (types: io.micrometer.observation.ObservationRegistry; SearchStrategy: all) did not find any beans (OnBeanCondition)

   ObservationAutoConfiguration.MeterObservationHandlerConfiguration matched:
      - @ConditionalOnBean (types: io.micrometer.core.instrument.MeterRegistry; SearchStrategy: all) found bean 'simpleMeterRegistry'; @ConditionalOnMissingBean (types: io.micrometer.core.instrument.observation.MeterObservationHandler; SearchStrategy: all) did not find any beans (OnBeanCondition)

   ObservationAutoConfiguration.MeterObservationHandlerConfiguration.OnlyMetricsMeterObservationHandlerConfiguration matched:
      - @ConditionalOnMissingBean (types: io.micrometer.tracing.Tracer; SearchStrategy: all) did not find any beans (OnBeanCondition)

   ObservationAutoConfiguration.OnlyMetricsConfiguration matched:
      - @ConditionalOnClass found required class 'io.micrometer.core.instrument.MeterRegistry'; @ConditionalOnMissingClass did not find unwanted class 'io.micrometer.tracing.Tracer' (OnClassCondition)

   PersistenceExceptionTranslationAutoConfiguration matched:
      - @ConditionalOnClass found required class 'org.springframework.dao.annotation.PersistenceExceptionTranslationPostProcessor' (OnClassCondition)

   PersistenceExceptionTranslationAutoConfiguration#persistenceExceptionTranslationPostProcessor matched:
      - @ConditionalOnProperty (spring.dao.exceptiontranslation.enabled) matched (OnPropertyCondition)
      - @ConditionalOnMissingBean (types: org.springframework.dao.annotation.PersistenceExceptionTranslationPostProcessor; SearchStrategy: all) did not find any beans (OnBeanCondition)

   PropertyPlaceholderAutoConfiguration#propertySourcesPlaceholderConfigurer matched:
      - @ConditionalOnMissingBean (types: org.springframework.context.support.PropertySourcesPlaceholderConfigurer; SearchStrategy: current) did not find any beans (OnBeanCondition)

   RateLimiterAutoConfiguration matched:
      - @ConditionalOnClass found required class 'io.github.resilience4j.ratelimiter.RateLimiter' (OnClassCondition)

   RateLimiterAutoConfiguration.RateLimiterEndpointAutoConfiguration matched:
      - @ConditionalOnClass found required class 'org.springframework.boot.actuate.endpoint.annotation.Endpoint' (OnClassCondition)

   RateLimiterConfigurationOnMissingBean#rateLimiterEventsConsumerRegistry matched:
      - @ConditionalOnMissingBean (types: io.github.resilience4j.ratelimiter.event.RateLimiterEvent; SearchStrategy: all) did not find any beans (OnBeanCondition)

   RateLimiterMetricsAutoConfiguration matched:
      - @ConditionalOnClass found required classes 'io.micrometer.core.instrument.MeterRegistry', 'io.github.resilience4j.ratelimiter.RateLimiter', 'io.github.resilience4j.micrometer.tagged.TaggedRateLimiterMetricsPublisher' (OnClassCondition)
      - @ConditionalOnProperty (resilience4j.ratelimiter.metrics.enabled) matched (OnPropertyCondition)

   RateLimiterMetricsAutoConfiguration#taggedRateLimiterMetricsPublisher matched:
      - @ConditionalOnProperty (resilience4j.ratelimiter.metrics.legacy.enabled=false) matched (OnPropertyCondition)
      - @ConditionalOnBean (types: io.micrometer.core.instrument.MeterRegistry; SearchStrategy: all) found bean 'simpleMeterRegistry'; @ConditionalOnMissingBean (types: io.github.resilience4j.micrometer.tagged.TaggedRateLimiterMetricsPublisher; SearchStrategy: all) did not find any beans (OnBeanCondition)

   RateLimitersHealthIndicatorAutoConfiguration matched:
      - @ConditionalOnClass found required classes 'io.github.resilience4j.ratelimiter.RateLimiter', 'org.springframework.boot.actuate.health.HealthIndicator', 'org.springframework.boot.actuate.health.StatusAggregator' (OnClassCondition)

   ReactiveCommonsClientAutoConfiguration.ReactiveDiscoveryLoadBalancerConfiguration matched:
      - @ConditionalOnClass found required classes 'org.springframework.boot.actuate.health.ReactiveHealthIndicator', 'org.springframework.web.reactive.function.client.WebClient' (OnClassCondition)
      - @ConditionalOnProperty (spring.cloud.discovery.enabled) matched; @ConditionalOnProperty (spring.cloud.discovery.reactive.enabled) matched (OnPropertyCondition)
      - @ConditionalOnBean (types: org.springframework.cloud.client.discovery.ReactiveDiscoveryClient; SearchStrategy: all) found beans 'simpleReactiveDiscoveryClient', 'reactiveCompositeDiscoveryClient' (OnBeanCondition)

   ReactiveCommonsClientAutoConfiguration.ReactiveDiscoveryLoadBalancerConfiguration#reactiveDiscoveryClients matched:
      - @ConditionalOnProperty (spring.cloud.discovery.client.composite-indicator.enabled) matched (OnPropertyCondition)
      - @ConditionalOnBean (types: org.springframework.cloud.client.discovery.health.reactive.ReactiveDiscoveryHealthIndicator; SearchStrategy: all) found bean 'simpleReactiveDiscoveryClientHealthIndicator' (OnBeanCondition)

   ReactiveCompositeDiscoveryClientAutoConfiguration matched:
      - @ConditionalOnClass found required class 'org.springframework.web.reactive.function.client.WebClient' (OnClassCondition)
      - @ConditionalOnProperty (spring.cloud.discovery.enabled) matched; @ConditionalOnProperty (spring.cloud.discovery.reactive.enabled) matched (OnPropertyCondition)

   ReactiveHealthEndpointConfiguration matched:
      - @ConditionalOnClass found required class 'reactor.core.publisher.Flux' (OnClassCondition)
      - @ConditionalOnBean (types: org.springframework.boot.actuate.health.HealthEndpoint; SearchStrategy: all) found bean 'healthEndpoint' (OnBeanCondition)

   ReactiveHealthEndpointConfiguration#reactiveHealthContributorRegistry matched:
      - @ConditionalOnMissingBean (types: org.springframework.boot.actuate.health.ReactiveHealthContributorRegistry; SearchStrategy: all) did not find any beans (OnBeanCondition)

   ReactiveManagementContextAutoConfiguration matched:
      - @ConditionalOnClass found required class 'reactor.core.publisher.Flux' (OnClassCondition)
      - found ConfigurableReactiveWebEnvironment (OnWebApplicationCondition)

   ReactiveMultipartAutoConfiguration matched:
      - @ConditionalOnClass found required classes 'org.springframework.http.codec.multipart.DefaultPartHttpMessageReader', 'org.springframework.web.reactive.config.WebFluxConfigurer' (OnClassCondition)
      - found ConfigurableReactiveWebEnvironment (OnWebApplicationCondition)

   ReactiveResilience4JAutoConfiguration matched:
      - @ConditionalOnClass found required classes 'reactor.core.publisher.Mono', 'reactor.core.publisher.Flux', 'io.github.resilience4j.reactor.circuitbreaker.operator.CircuitBreakerOperator' (OnClassCondition)
      - @ConditionalOnProperty ([spring.cloud.circuitbreaker.resilience4j.enabled,spring.cloud.circuitbreaker.resilience4j.reactive.enabled]) matched (OnPropertyCondition)

   ReactiveResilience4JAutoConfiguration#reactiveResilience4JCircuitBreakerFactory matched:
      - @ConditionalOnMissingBean (types: org.springframework.cloud.client.circuitbreaker.ReactiveCircuitBreakerFactory; SearchStrategy: all) did not find any beans (OnBeanCondition)

   ReactiveWebServerFactoryAutoConfiguration matched:
      - @ConditionalOnClass found required class 'org.springframework.http.ReactiveHttpInputMessage' (OnClassCondition)
      - found ConfigurableReactiveWebEnvironment (OnWebApplicationCondition)

   ReactiveWebServerFactoryConfiguration.EmbeddedNetty matched:
      - @ConditionalOnClass found required class 'reactor.netty.http.server.HttpServer' (OnClassCondition)
      - @ConditionalOnMissingBean (types: org.springframework.boot.web.reactive.server.ReactiveWebServerFactory; SearchStrategy: all) did not find any beans (OnBeanCondition)

   ReactorAutoConfiguration matched:
      - @ConditionalOnClass found required class 'reactor.core.publisher.Hooks' (OnClassCondition)

   ReactorNettyConfigurations.ReactorResourceFactoryConfiguration#reactorResourceFactory matched:
      - @ConditionalOnMissingBean (types: org.springframework.http.client.ReactorResourceFactory; SearchStrategy: all) did not find any beans (OnBeanCondition)

   RedisAutoConfiguration matched:
      - @ConditionalOnClass found required class 'org.springframework.data.redis.core.RedisOperations' (OnClassCondition)

   RedisAutoConfiguration#redisConnectionDetails matched:
      - @ConditionalOnMissingBean (types: org.springframework.boot.autoconfigure.data.redis.RedisConnectionDetails; SearchStrategy: all) did not find any beans (OnBeanCondition)

   RedisAutoConfiguration#redisTemplate matched:
      - @ConditionalOnSingleCandidate (types: org.springframework.data.redis.connection.RedisConnectionFactory; SearchStrategy: all) found a single bean 'redisConnectionFactory'; @ConditionalOnMissingBean (names: redisTemplate; SearchStrategy: all) did not find any beans (OnBeanCondition)

   RedisAutoConfiguration#stringRedisTemplate matched:
      - @ConditionalOnSingleCandidate (types: org.springframework.data.redis.connection.RedisConnectionFactory; SearchStrategy: all) found a single bean 'redisConnectionFactory'; @ConditionalOnMissingBean (types: org.springframework.data.redis.core.StringRedisTemplate; SearchStrategy: all) did not find any beans (OnBeanCondition)

   RedisCacheConfiguration matched:
      - @ConditionalOnClass found required class 'org.springframework.data.redis.connection.RedisConnectionFactory' (OnClassCondition)
      - Cache org.springframework.boot.autoconfigure.cache.RedisCacheConfiguration automatic cache type (CacheCondition)

   RedisHealthContributorAutoConfiguration matched:
      - @ConditionalOnClass found required class 'org.springframework.data.redis.connection.RedisConnectionFactory' (OnClassCondition)
      - @ConditionalOnEnabledHealthIndicator management.health.defaults.enabled is considered true (OnEnabledHealthIndicatorCondition)
      - @ConditionalOnBean (types: org.springframework.data.redis.connection.RedisConnectionFactory; SearchStrategy: all) found bean 'redisConnectionFactory' (OnBeanCondition)

   RedisReactiveAutoConfiguration matched:
      - @ConditionalOnClass found required classes 'org.springframework.data.redis.connection.ReactiveRedisConnectionFactory', 'org.springframework.data.redis.core.ReactiveRedisTemplate', 'reactor.core.publisher.Flux' (OnClassCondition)

   RedisReactiveAutoConfiguration#reactiveRedisTemplate matched:
      - @ConditionalOnBean (types: org.springframework.data.redis.connection.ReactiveRedisConnectionFactory; SearchStrategy: all) found bean 'redisConnectionFactory'; @ConditionalOnMissingBean (names: reactiveRedisTemplate; SearchStrategy: all) did not find any beans (OnBeanCondition)

   RedisReactiveAutoConfiguration#reactiveStringRedisTemplate matched:
      - @ConditionalOnBean (types: org.springframework.data.redis.connection.ReactiveRedisConnectionFactory; SearchStrategy: all) found bean 'redisConnectionFactory'; @ConditionalOnMissingBean (names: reactiveStringRedisTemplate; SearchStrategy: all) did not find any beans (OnBeanCondition)

   RedisReactiveHealthContributorAutoConfiguration matched:
      - @ConditionalOnClass found required classes 'org.springframework.data.redis.connection.ReactiveRedisConnectionFactory', 'reactor.core.publisher.Flux' (OnClassCondition)
      - @ConditionalOnEnabledHealthIndicator management.health.defaults.enabled is considered true (OnEnabledHealthIndicatorCondition)
      - @ConditionalOnBean (types: org.springframework.data.redis.connection.ReactiveRedisConnectionFactory; SearchStrategy: all) found bean 'redisConnectionFactory' (OnBeanCondition)

   RedisReactiveHealthContributorAutoConfiguration#redisHealthContributor matched:
      - @ConditionalOnMissingBean (names: redisHealthIndicator,redisHealthContributor; SearchStrategy: all) did not find any beans (OnBeanCondition)

   RedisRepositoriesAutoConfiguration matched:
      - @ConditionalOnClass found required class 'org.springframework.data.redis.repository.configuration.EnableRedisRepositories' (OnClassCondition)
      - @ConditionalOnProperty (spring.data.redis.repositories.enabled=true) matched (OnPropertyCondition)
      - @ConditionalOnBean (types: org.springframework.data.redis.connection.RedisConnectionFactory; SearchStrategy: all) found bean 'redisConnectionFactory'; @ConditionalOnMissingBean (types: org.springframework.data.redis.repository.support.RedisRepositoryFactoryBean; SearchStrategy: all) did not find any beans (OnBeanCondition)

   RefreshAutoConfiguration matched:
      - @ConditionalOnClass found required class 'org.springframework.cloud.context.scope.refresh.RefreshScope' (OnClassCondition)
      - @ConditionalOnProperty (spring.cloud.refresh.enabled) matched (OnPropertyCondition)

   RefreshAutoConfiguration#configDataContextRefresher matched:
      - @ConditionalOnMissingBean (types: org.springframework.cloud.context.refresh.ConfigDataContextRefresher; SearchStrategy: all) did not find any beans (OnBeanCondition)
      - NoneNestedConditions 0 matched 3 did not; NestedCondition on ConditionalOnBootstrapDisabled.OnBootstrapDisabledCondition.OnBootstrapEnabled @ConditionalOnProperty (spring.cloud.bootstrap.enabled) did not find property 'spring.cloud.bootstrap.enabled'; NestedCondition on ConditionalOnBootstrapDisabled.OnBootstrapDisabledCondition.OnUseLegacyProcessingEnabled @ConditionalOnProperty (spring.config.use-legacy-processing) did not find property 'spring.config.use-legacy-processing'; NestedCondition on ConditionalOnBootstrapDisabled.OnBootstrapDisabledCondition.OnBootstrapMarkerClassPresent @ConditionalOnClass did not find required class 'org.springframework.cloud.bootstrap.marker.Marker' (ConditionalOnBootstrapDisabled.OnBootstrapDisabledCondition)

   RefreshAutoConfiguration#loggingRebinder matched:
      - @ConditionalOnMissingBean (types: org.springframework.cloud.logging.LoggingRebinder; SearchStrategy: all) did not find any beans (OnBeanCondition)

   RefreshAutoConfiguration#refreshScope matched:
      - @ConditionalOnMissingBean (types: org.springframework.cloud.context.scope.refresh.RefreshScope; SearchStrategy: all) did not find any beans (OnBeanCondition)

   RefreshAutoConfiguration#refreshScopeLifecycle matched:
      - @ConditionalOnProperty (spring.cloud.refresh.on-restart.enabled) matched (OnPropertyCondition)

   RefreshEndpointAutoConfiguration matched:
      - @ConditionalOnClass found required classes 'org.springframework.boot.actuate.autoconfigure.endpoint.EndpointAutoConfiguration', 'org.springframework.boot.actuate.health.Health' (OnClassCondition)

   RefreshEndpointAutoConfiguration#refreshScopeHealthIndicator matched:
      - @ConditionalOnMissingBean (types: org.springframework.cloud.health.RefreshScopeHealthIndicator; SearchStrategy: all) did not find any beans (OnBeanCondition)
      - @ConditionalOnEnabledHealthIndicator management.health.defaults.enabled is considered true (OnEnabledHealthIndicatorCondition)

   RepositoryMetricsAutoConfiguration matched:
      - @ConditionalOnClass found required class 'org.springframework.data.repository.Repository' (OnClassCondition)
      - @ConditionalOnBean (types: io.micrometer.core.instrument.MeterRegistry; SearchStrategy: all) found bean 'simpleMeterRegistry' (OnBeanCondition)

   RepositoryMetricsAutoConfiguration#metricsRepositoryMethodInvocationListener matched:
      - @ConditionalOnMissingBean (types: org.springframework.boot.actuate.metrics.data.MetricsRepositoryMethodInvocationListener; SearchStrategy: all) did not find any beans (OnBeanCondition)

   RepositoryMetricsAutoConfiguration#repositoryTagsProvider matched:
      - @ConditionalOnMissingBean (types: org.springframework.boot.actuate.metrics.data.RepositoryTagsProvider; SearchStrategy: all) did not find any beans (OnBeanCondition)

   Resilience4JAutoConfiguration matched:
      - @ConditionalOnProperty ([spring.cloud.circuitbreaker.resilience4j.enabled,spring.cloud.circuitbreaker.resilience4j.blocking.enabled]) matched (OnPropertyCondition)

   Resilience4JAutoConfiguration#resilience4jCircuitBreakerFactory matched:
      - @ConditionalOnMissingBean (types: org.springframework.cloud.client.circuitbreaker.CircuitBreakerFactory; SearchStrategy: all) did not find any beans (OnBeanCondition)

   Resilience4JAutoConfiguration.MicrometerResilience4JGroupCustomizerConfiguration matched:
      - @ConditionalOnBean (types: io.micrometer.core.instrument.MeterRegistry; SearchStrategy: all) found bean 'simpleMeterRegistry' (OnBeanCondition)

   Resilience4JAutoConfiguration.MicrometerResilience4JGroupCustomizerConfiguration#resilience4JMeterFilter matched:
      - @ConditionalOnProperty (spring.cloud.circuitbreaker.resilience4j.enableGroupMeterFilter=true) matched (OnPropertyCondition)

   Resilience4JAutoConfiguration.ObservationRegistryCustomizerResilience4jCustomizer matched:
      - @ConditionalOnBean (types: io.micrometer.observation.ObservationRegistry; SearchStrategy: all) found bean 'observationRegistry' (OnBeanCondition)

   Resilience4JAutoConfiguration.Resilience4jBulkheadConfiguration matched:
      - @ConditionalOnClass found required class 'io.github.resilience4j.bulkhead.Bulkhead' (OnClassCondition)
      - @ConditionalOnProperty (spring.cloud.circuitbreaker.bulkhead.resilience4j.enabled) matched (OnPropertyCondition)

   RestartEndpointWithoutIntegrationConfiguration matched:
      - @ConditionalOnMissingClass did not find unwanted class 'org.springframework.integration.monitor.IntegrationMBeanExporter' (OnClassCondition)

   RetryAutoConfiguration matched:
      - @ConditionalOnClass found required class 'io.github.resilience4j.retry.Retry' (OnClassCondition)

   RetryAutoConfiguration.RetryAutoEndpointConfiguration matched:
      - @ConditionalOnClass found required class 'org.springframework.boot.actuate.endpoint.annotation.Endpoint' (OnClassCondition)

   RetryConfigurationOnMissingBean#retryEventConsumerRegistry matched:
      - @ConditionalOnMissingBean (types: io.github.resilience4j.retry.event.RetryEvent; SearchStrategy: all) did not find any beans (OnBeanCondition)

   RetryMetricsAutoConfiguration matched:
      - @ConditionalOnClass found required classes 'io.micrometer.core.instrument.MeterRegistry', 'io.github.resilience4j.retry.Retry', 'io.github.resilience4j.micrometer.tagged.TaggedRetryMetricsPublisher' (OnClassCondition)
      - @ConditionalOnProperty (resilience4j.retry.metrics.enabled) matched (OnPropertyCondition)

   RetryMetricsAutoConfiguration#taggedRetryMetricsPublisher matched:
      - @ConditionalOnProperty (resilience4j.retry.metrics.legacy.enabled=false) matched (OnPropertyCondition)
      - @ConditionalOnBean (types: io.micrometer.core.instrument.MeterRegistry; SearchStrategy: all) found bean 'simpleMeterRegistry'; @ConditionalOnMissingBean (types: io.github.resilience4j.micrometer.tagged.TaggedRetryMetricsPublisher; SearchStrategy: all) did not find any beans (OnBeanCondition)

   ScheduledTasksObservabilityAutoConfiguration matched:
      - @ConditionalOnClass found required class 'org.springframework.scheduling.concurrent.ThreadPoolTaskScheduler' (OnClassCondition)
      - @ConditionalOnBean (types: io.micrometer.observation.ObservationRegistry; SearchStrategy: all) found bean 'observationRegistry' (OnBeanCondition)

   SimpleCacheConfiguration matched:
      - Cache org.springframework.boot.autoconfigure.cache.SimpleCacheConfiguration automatic cache type (CacheCondition)

   SimpleDiscoveryClientAutoConfiguration#simpleDiscoveryProperties matched:
      - @ConditionalOnMissingBean (types: org.springframework.cloud.client.discovery.simple.SimpleDiscoveryProperties; SearchStrategy: all) did not find any beans (OnBeanCondition)

   SimpleMetricsExportAutoConfiguration matched:
      - @ConditionalOnEnabledMetricsExport management.defaults.metrics.export.enabled is considered true (OnMetricsExportEnabledCondition)
      - @ConditionalOnBean (types: io.micrometer.core.instrument.Clock; SearchStrategy: all) found bean 'micrometerClock'; @ConditionalOnMissingBean (types: io.micrometer.core.instrument.MeterRegistry; SearchStrategy: all) did not find any beans (OnBeanCondition)

   SimpleMetricsExportAutoConfiguration#simpleConfig matched:
      - @ConditionalOnMissingBean (types: io.micrometer.core.instrument.simple.SimpleConfig; SearchStrategy: all) did not find any beans (OnBeanCondition)

   SimpleReactiveDiscoveryClientAutoConfiguration matched:
      - @ConditionalOnClass found required class 'org.springframework.web.reactive.function.client.WebClient' (OnClassCondition)
      - @ConditionalOnProperty (spring.cloud.discovery.enabled) matched; @ConditionalOnProperty (spring.cloud.discovery.reactive.enabled) matched (OnPropertyCondition)

   SimpleReactiveDiscoveryClientAutoConfiguration.HealthConfiguration matched:
      - @ConditionalOnClass found required class 'org.springframework.boot.actuate.health.ReactiveHealthIndicator' (OnClassCondition)

   SimpleReactiveDiscoveryClientAutoConfiguration.HealthConfiguration#simpleReactiveDiscoveryClientHealthIndicator matched:
      - @ConditionalOnProperty (spring.cloud.discovery.client.health-indicator.enabled) matched (OnPropertyCondition)

   SimpleUrlHandlerMappingGlobalCorsAutoConfiguration matched:
      - @ConditionalOnClass found required class 'org.springframework.web.reactive.handler.SimpleUrlHandlerMapping' (OnClassCondition)
      - @ConditionalOnProperty (spring.cloud.gateway.globalcors.add-to-simple-url-handler-mapping) matched (OnPropertyCondition)

   SpelResolverConfigurationOnMissingBean#parameterNameDiscoverer matched:
      - @ConditionalOnMissingBean (types: org.springframework.core.ParameterNameDiscoverer; SearchStrategy: all) did not find any beans (OnBeanCondition)

   SpelResolverConfigurationOnMissingBean#spelExpressionParser matched:
      - @ConditionalOnMissingBean (types: org.springframework.expression.spel.standard.SpelExpressionParser; SearchStrategy: all) did not find any beans (OnBeanCondition)

   SpelResolverConfigurationOnMissingBean#spelResolver matched:
      - @ConditionalOnMissingBean (types: io.github.resilience4j.spring6.spelresolver.SpelResolver; SearchStrategy: all) did not find any beans (OnBeanCondition)

   SpringDocConfigProperties matched:
      - @ConditionalOnProperty (springdoc.api-docs.enabled) matched (OnPropertyCondition)
      - @ConditionalOnBean (types: org.springdoc.core.configuration.SpringDocConfiguration; SearchStrategy: all) found bean 'org.springdoc.core.configuration.SpringDocConfiguration' (OnBeanCondition)

   SpringDocConfiguration matched:
      - @ConditionalOnWebApplication (required) found ConfigurableReactiveWebEnvironment (OnWebApplicationCondition)
      - @ConditionalOnProperty (springdoc.api-docs.enabled) matched (OnPropertyCondition)

   SpringDocConfiguration#fileSupportConverter matched:
      - @ConditionalOnMissingBean (types: org.springdoc.core.converters.FileSupportConverter; SearchStrategy: all) did not find any beans (OnBeanCondition)

   SpringDocConfiguration#openAPIBuilder matched:
      - @ConditionalOnMissingBean (types: org.springdoc.core.service.OpenAPIService; SearchStrategy: all) did not find any beans (OnBeanCondition)

   SpringDocConfiguration#operationBuilder matched:
      - @ConditionalOnMissingBean (types: org.springdoc.core.service.OperationService; SearchStrategy: all) did not find any beans (OnBeanCondition)

   SpringDocConfiguration#parameterBuilder matched:
      - @ConditionalOnMissingBean (types: org.springdoc.core.service.GenericParameterService; SearchStrategy: all) did not find any beans (OnBeanCondition)

   SpringDocConfiguration#polymorphicModelConverter matched:
      - @ConditionalOnProperty (springdoc.model-converters.polymorphic-converter.enabled) matched (OnPropertyCondition)
      - @ConditionalOnMissingBean (types: org.springdoc.core.converters.PolymorphicModelConverter; SearchStrategy: all) did not find any beans (OnBeanCondition)

   SpringDocConfiguration#requestBodyBuilder matched:
      - @ConditionalOnMissingBean (types: org.springdoc.core.service.RequestBodyService; SearchStrategy: all) did not find any beans (OnBeanCondition)

   SpringDocConfiguration#responseSupportConverter matched:
      - @ConditionalOnMissingBean (types: org.springdoc.core.converters.ResponseSupportConverter; SearchStrategy: all) did not find any beans (OnBeanCondition)

   SpringDocConfiguration#schemaPropertyDeprecatingConverter matched:
      - @ConditionalOnProperty (springdoc.model-converters.deprecating-converter.enabled) matched (OnPropertyCondition)
      - @ConditionalOnMissingBean (types: org.springdoc.core.converters.SchemaPropertyDeprecatingConverter; SearchStrategy: all) did not find any beans (OnBeanCondition)

   SpringDocConfiguration#securityParser matched:
      - @ConditionalOnMissingBean (types: org.springdoc.core.service.SecurityService; SearchStrategy: all) did not find any beans (OnBeanCondition)

   SpringDocConfiguration#springDocCustomizers matched:
      - @ConditionalOnMissingBean (types: org.springdoc.core.customizers.SpringDocCustomizers; SearchStrategy: all) did not find any beans (OnBeanCondition)

   SpringDocConfiguration#springDocProviders matched:
      - @ConditionalOnMissingBean (types: org.springdoc.core.providers.SpringDocProviders; SearchStrategy: all) did not find any beans (OnBeanCondition)

   SpringDocConfiguration#springdocObjectMapperProvider matched:
      - @ConditionalOnMissingBean (types: org.springdoc.core.providers.ObjectMapperProvider; SearchStrategy: all) did not find any beans (OnBeanCondition)

   SpringDocConfiguration.QuerydslProvider matched:
      - @ConditionalOnClass found required class 'org.springframework.data.querydsl.binding.QuerydslBindingsFactory' (OnClassCondition)

   SpringDocConfiguration.QuerydslProvider#queryDslQuerydslPredicateOperationCustomizer matched:
      - @ConditionalOnMissingBean (types: org.springdoc.core.customizers.QuerydslPredicateOperationCustomizer; SearchStrategy: all) did not find any beans (OnBeanCondition)

   SpringDocConfiguration.SpringDocSpringDataWebPropertiesProvider matched:
      - @ConditionalOnClass found required class 'org.springframework.boot.autoconfigure.data.web.SpringDataWebProperties' (OnClassCondition)

   SpringDocConfiguration.SpringDocSpringDataWebPropertiesProvider#springDataWebPropertiesProvider matched:
      - @ConditionalOnMissingBean (types: org.springdoc.core.providers.SpringDataWebPropertiesProvider; SearchStrategy: all) did not find any beans (OnBeanCondition)

   SpringDocConfiguration.SpringDocWebFluxSupportConfiguration matched:
      - @ConditionalOnClass found required class 'reactor.core.publisher.Flux' (OnClassCondition)

   SpringDocConfiguration.SpringDocWebFluxSupportConfiguration#webFluxSupportConverter matched:
      - @ConditionalOnMissingBean (types: org.springdoc.core.converters.WebFluxSupportConverter; SearchStrategy: all) did not find any beans (OnBeanCondition)

   SpringDocConfiguration.WebConversionServiceConfiguration matched:
      - @ConditionalOnClass found required class 'org.springframework.boot.autoconfigure.web.format.WebConversionService' (OnClassCondition)

   SpringDocPageableConfiguration matched:
      - @ConditionalOnClass found required class 'org.springframework.data.domain.Pageable' (OnClassCondition)
      - @ConditionalOnWebApplication (required) found ConfigurableReactiveWebEnvironment (OnWebApplicationCondition)
      - @ConditionalOnProperty (springdoc.api-docs.enabled) matched (OnPropertyCondition)
      - @ConditionalOnBean (types: org.springdoc.core.configuration.SpringDocConfiguration; SearchStrategy: all) found bean 'org.springdoc.core.configuration.SpringDocConfiguration' (OnBeanCondition)

   SpringDocPageableConfiguration#delegatingMethodParameterCustomizer matched:
      - @ConditionalOnMissingBean (types: org.springdoc.core.customizers.DelegatingMethodParameterCustomizer; SearchStrategy: all) did not find any beans (OnBeanCondition)

   SpringDocPageableConfiguration#pageableOpenAPIConverter matched:
      - @ConditionalOnProperty (springdoc.model-converters.pageable-converter.enabled) matched (OnPropertyCondition)
      - @ConditionalOnMissingBean (types: org.springdoc.core.converters.PageableOpenAPIConverter; SearchStrategy: all) did not find any beans (OnBeanCondition)

   SpringDocSortConfiguration matched:
      - @ConditionalOnClass found required class 'org.springframework.data.domain.Sort' (OnClassCondition)
      - @ConditionalOnWebApplication (required) found ConfigurableReactiveWebEnvironment (OnWebApplicationCondition)
      - @ConditionalOnProperty (springdoc.api-docs.enabled) matched (OnPropertyCondition)
      - @ConditionalOnBean (types: org.springdoc.core.configuration.SpringDocConfiguration; SearchStrategy: all) found bean 'org.springdoc.core.configuration.SpringDocConfiguration' (OnBeanCondition)

   SpringDocSortConfiguration#sortOpenAPIConverter matched:
      - @ConditionalOnProperty (springdoc.model-converters.sort-converter.enabled) matched (OnPropertyCondition)
      - @ConditionalOnMissingBean (types: org.springdoc.core.converters.SortOpenAPIConverter; SearchStrategy: all) did not find any beans (OnBeanCondition)

   SpringDocUIConfiguration matched:
      - @ConditionalOnWebApplication (required) found ConfigurableReactiveWebEnvironment (OnWebApplicationCondition)
      - @ConditionalOnBean (types: org.springdoc.core.configuration.SpringDocConfiguration; SearchStrategy: all) found bean 'org.springdoc.core.configuration.SpringDocConfiguration' (OnBeanCondition)

   SqlInitializationAutoConfiguration matched:
      - @ConditionalOnProperty (spring.sql.init.enabled) matched (OnPropertyCondition)
      - NoneNestedConditions 0 matched 1 did not; NestedCondition on SqlInitializationAutoConfiguration.SqlInitializationModeCondition.ModeIsNever @ConditionalOnProperty (spring.sql.init.mode=never) did not find property 'mode' (SqlInitializationAutoConfiguration.SqlInitializationModeCondition)

   SslAutoConfiguration#sslBundleRegistry matched:
      - @ConditionalOnMissingBean (types: org.springframework.boot.ssl.SslBundleRegistry,org.springframework.boot.ssl.SslBundles; SearchStrategy: all) did not find any beans (OnBeanCondition)

   StartupTimeMetricsListenerAutoConfiguration matched:
      - @ConditionalOnClass found required class 'io.micrometer.core.instrument.MeterRegistry' (OnClassCondition)
      - @ConditionalOnBean (types: io.micrometer.core.instrument.MeterRegistry; SearchStrategy: all) found bean 'simpleMeterRegistry' (OnBeanCondition)

   StartupTimeMetricsListenerAutoConfiguration#startupTimeMetrics matched:
      - @ConditionalOnMissingBean (types: org.springframework.boot.actuate.metrics.startup.StartupTimeMetricsListener; SearchStrategy: all) did not find any beans (OnBeanCondition)

   SwaggerUiConfigParameters matched:
      - @ConditionalOnProperty (springdoc.swagger-ui.enabled) matched (OnPropertyCondition)
      - @ConditionalOnBean (types: org.springdoc.core.configuration.SpringDocConfiguration; SearchStrategy: all) found bean 'org.springdoc.core.configuration.SpringDocConfiguration' (OnBeanCondition)

   SwaggerUiConfigProperties matched:
      - @ConditionalOnProperty (springdoc.swagger-ui.enabled) matched (OnPropertyCondition)
      - @ConditionalOnBean (types: org.springdoc.core.configuration.SpringDocConfiguration; SearchStrategy: all) found bean 'org.springdoc.core.configuration.SpringDocConfiguration' (OnBeanCondition)

   SwaggerUiOAuthProperties matched:
      - @ConditionalOnProperty (springdoc.swagger-ui.enabled) matched (OnPropertyCondition)
      - @ConditionalOnBean (types: org.springdoc.core.configuration.SpringDocConfiguration; SearchStrategy: all) found bean 'org.springdoc.core.configuration.SpringDocConfiguration' (OnBeanCondition)

   SystemMetricsAutoConfiguration matched:
      - @ConditionalOnClass found required class 'io.micrometer.core.instrument.MeterRegistry' (OnClassCondition)
      - @ConditionalOnBean (types: io.micrometer.core.instrument.MeterRegistry; SearchStrategy: all) found bean 'simpleMeterRegistry' (OnBeanCondition)

   SystemMetricsAutoConfiguration#diskSpaceMetrics matched:
      - @ConditionalOnMissingBean (types: org.springframework.boot.actuate.metrics.system.DiskSpaceMetricsBinder; SearchStrategy: all) did not find any beans (OnBeanCondition)

   SystemMetricsAutoConfiguration#fileDescriptorMetrics matched:
      - @ConditionalOnMissingBean (types: io.micrometer.core.instrument.binder.system.FileDescriptorMetrics; SearchStrategy: all) did not find any beans (OnBeanCondition)

   SystemMetricsAutoConfiguration#processorMetrics matched:
      - @ConditionalOnMissingBean (types: io.micrometer.core.instrument.binder.system.ProcessorMetrics; SearchStrategy: all) did not find any beans (OnBeanCondition)

   SystemMetricsAutoConfiguration#uptimeMetrics matched:
      - @ConditionalOnMissingBean (types: io.micrometer.core.instrument.binder.system.UptimeMetrics; SearchStrategy: all) did not find any beans (OnBeanCondition)

   TaskExecutionAutoConfiguration matched:
      - @ConditionalOnClass found required class 'org.springframework.scheduling.concurrent.ThreadPoolTaskExecutor' (OnClassCondition)

   TaskExecutorConfigurations.SimpleAsyncTaskExecutorBuilderConfiguration#simpleAsyncTaskExecutorBuilder matched:
      - @ConditionalOnMissingBean (types: org.springframework.boot.task.SimpleAsyncTaskExecutorBuilder; SearchStrategy: all) did not find any beans (OnBeanCondition)
      - @ConditionalOnThreading found PLATFORM (OnThreadingCondition)

   TaskExecutorConfigurations.TaskExecutorBuilderConfiguration#taskExecutorBuilder matched:
      - @ConditionalOnMissingBean (types: org.springframework.boot.task.TaskExecutorBuilder; SearchStrategy: all) did not find any beans (OnBeanCondition)

   TaskExecutorConfigurations.TaskExecutorConfiguration matched:
      - @ConditionalOnMissingBean (types: java.util.concurrent.Executor; SearchStrategy: all) did not find any beans (OnBeanCondition)

   TaskExecutorConfigurations.TaskExecutorConfiguration#applicationTaskExecutor matched:
      - @ConditionalOnThreading found PLATFORM (OnThreadingCondition)

   TaskExecutorConfigurations.ThreadPoolTaskExecutorBuilderConfiguration#threadPoolTaskExecutorBuilder matched:
      - @ConditionalOnMissingBean (types: org.springframework.boot.task.TaskExecutorBuilder,org.springframework.boot.task.ThreadPoolTaskExecutorBuilder; SearchStrategy: all) did not find any beans (OnBeanCondition)

   TaskExecutorMetricsAutoConfiguration matched:
      - @ConditionalOnClass found required class 'io.micrometer.core.instrument.binder.jvm.ExecutorServiceMetrics' (OnClassCondition)
      - @ConditionalOnBean (types: java.util.concurrent.Executor,io.micrometer.core.instrument.MeterRegistry; SearchStrategy: all) found beans 'applicationTaskExecutor', 'simpleMeterRegistry' (OnBeanCondition)

   TaskSchedulingAutoConfiguration matched:
      - @ConditionalOnClass found required class 'org.springframework.scheduling.concurrent.ThreadPoolTaskScheduler' (OnClassCondition)

   TaskSchedulingConfigurations.SimpleAsyncTaskSchedulerBuilderConfiguration#simpleAsyncTaskSchedulerBuilder matched:
      - @ConditionalOnMissingBean (types: org.springframework.boot.task.SimpleAsyncTaskSchedulerBuilder; SearchStrategy: all) did not find any beans (OnBeanCondition)
      - @ConditionalOnThreading found PLATFORM (OnThreadingCondition)

   TaskSchedulingConfigurations.TaskSchedulerBuilderConfiguration#taskSchedulerBuilder matched:
      - @ConditionalOnMissingBean (types: org.springframework.boot.task.TaskSchedulerBuilder; SearchStrategy: all) did not find any beans (OnBeanCondition)

   TaskSchedulingConfigurations.ThreadPoolTaskSchedulerBuilderConfiguration#threadPoolTaskSchedulerBuilder matched:
      - @ConditionalOnMissingBean (types: org.springframework.boot.task.TaskSchedulerBuilder,org.springframework.boot.task.ThreadPoolTaskSchedulerBuilder; SearchStrategy: all) did not find any beans (OnBeanCondition)

   ThreadPoolBulkheadMetricsAutoConfiguration matched:
      - @ConditionalOnClass found required classes 'io.micrometer.core.instrument.MeterRegistry', 'io.github.resilience4j.bulkhead.ThreadPoolBulkhead', 'io.github.resilience4j.micrometer.tagged.TaggedThreadPoolBulkheadMetricsPublisher' (OnClassCondition)
      - @ConditionalOnProperty (resilience4j.thread-pool-bulkhead.metrics.enabled) matched (OnPropertyCondition)

   ThreadPoolBulkheadMetricsAutoConfiguration#taggedThreadPoolBulkheadMetricsPublisher matched:
      - @ConditionalOnProperty (resilience4j.thread-pool-bulkhead.metrics.legacy.enabled=false) matched (OnPropertyCondition)
      - @ConditionalOnBean (types: io.micrometer.core.instrument.MeterRegistry; SearchStrategy: all) found bean 'simpleMeterRegistry'; @ConditionalOnMissingBean (types: io.github.resilience4j.micrometer.tagged.TaggedThreadPoolBulkheadMetricsPublisher; SearchStrategy: all) did not find any beans (OnBeanCondition)

   TimeLimiterAutoConfiguration matched:
      - @ConditionalOnClass found required class 'io.github.resilience4j.timelimiter.TimeLimiter' (OnClassCondition)

   TimeLimiterAutoConfiguration.TimeLimiterAutoEndpointConfiguration matched:
      - @ConditionalOnClass found required class 'org.springframework.boot.actuate.endpoint.annotation.Endpoint' (OnClassCondition)

   TimeLimiterConfigurationOnMissingBean#timeLimiterEventsConsumerRegistry matched:
      - @ConditionalOnMissingBean (types: io.github.resilience4j.timelimiter.event.TimeLimiterEvent; SearchStrategy: all) did not find any beans (OnBeanCondition)

   TimeLimiterMetricsAutoConfiguration matched:
      - @ConditionalOnClass found required classes 'io.micrometer.core.instrument.MeterRegistry', 'io.github.resilience4j.timelimiter.TimeLimiter', 'io.github.resilience4j.micrometer.tagged.TaggedTimeLimiterMetricsPublisher' (OnClassCondition)
      - @ConditionalOnProperty (resilience4j.timelimiter.metrics.enabled) matched (OnPropertyCondition)

   TimeLimiterMetricsAutoConfiguration#taggedTimeLimiterMetricsPublisher matched:
      - @ConditionalOnProperty (resilience4j.timelimiter.metrics.legacy.enabled=false) matched (OnPropertyCondition)
      - @ConditionalOnBean (types: io.micrometer.core.instrument.MeterRegistry; SearchStrategy: all) found bean 'simpleMeterRegistry'; @ConditionalOnMissingBean (types: io.github.resilience4j.micrometer.tagged.TaggedTimeLimiterMetricsPublisher; SearchStrategy: all) did not find any beans (OnBeanCondition)

   TransactionAutoConfiguration matched:
      - @ConditionalOnClass found required class 'org.springframework.transaction.PlatformTransactionManager' (OnClassCondition)

   TransactionManagerCustomizationAutoConfiguration matched:
      - @ConditionalOnClass found required class 'org.springframework.transaction.PlatformTransactionManager' (OnClassCondition)

   TransactionManagerCustomizationAutoConfiguration#platformTransactionManagerCustomizers matched:
      - @ConditionalOnMissingBean (types: org.springframework.boot.autoconfigure.transaction.TransactionManagerCustomizers; SearchStrategy: all) did not find any beans (OnBeanCondition)

   UtilAutoConfiguration matched:
      - @ConditionalOnProperty (spring.cloud.util.enabled) matched (OnPropertyCondition)

   UtilAutoConfiguration#inetUtils matched:
      - @ConditionalOnMissingBean (types: org.springframework.cloud.commons.util.InetUtils; SearchStrategy: all) did not find any beans (OnBeanCondition)

   ValidationAutoConfiguration matched:
      - @ConditionalOnClass found required class 'jakarta.validation.executable.ExecutableValidator' (OnClassCondition)
      - @ConditionalOnResource found location classpath:META-INF/services/jakarta.validation.spi.ValidationProvider (OnResourceCondition)

   ValidationAutoConfiguration#defaultValidator matched:
      - @ConditionalOnMissingBean (types: jakarta.validation.Validator; SearchStrategy: all) did not find any beans (OnBeanCondition)

   ValidationAutoConfiguration#methodValidationPostProcessor matched:
      - @ConditionalOnMissingBean (types: org.springframework.validation.beanvalidation.MethodValidationPostProcessor; SearchStrategy: current) did not find any beans (OnBeanCondition)

   WebClientAutoConfiguration matched:
      - @ConditionalOnClass found required class 'org.springframework.web.reactive.function.client.WebClient' (OnClassCondition)

   WebClientAutoConfiguration#webClientBuilder matched:
      - @ConditionalOnMissingBean (types: org.springframework.web.reactive.function.client.WebClient$Builder; SearchStrategy: all) did not find any beans (OnBeanCondition)

   WebClientAutoConfiguration#webClientSsl matched:
      - @ConditionalOnBean (types: org.springframework.boot.ssl.SslBundles; SearchStrategy: all) found bean 'sslBundleRegistry'; @ConditionalOnMissingBean (types: org.springframework.boot.autoconfigure.web.reactive.function.client.WebClientSsl; SearchStrategy: all) did not find any beans (OnBeanCondition)

   WebClientAutoConfiguration.WebClientCodecsConfiguration matched:
      - @ConditionalOnBean (types: org.springframework.boot.web.codec.CodecCustomizer; SearchStrategy: all) found beans 'jacksonCodecCustomizer', 'defaultCodecCustomizer', 'defaultPartHttpMessageReaderCustomizer' (OnBeanCondition)

   WebClientAutoConfiguration.WebClientCodecsConfiguration#exchangeStrategiesCustomizer matched:
      - @ConditionalOnMissingBean (types: org.springframework.boot.autoconfigure.web.reactive.function.client.WebClientCodecCustomizer; SearchStrategy: all) did not find any beans (OnBeanCondition)

   WebClientObservationConfiguration matched:
      - @ConditionalOnClass found required class 'org.springframework.web.reactive.function.client.WebClient' (OnClassCondition)

   WebEndpointAutoConfiguration matched:
      - @ConditionalOnWebApplication (required) found ConfigurableReactiveWebEnvironment (OnWebApplicationCondition)

   WebEndpointAutoConfiguration#controllerEndpointDiscoverer matched:
      - @ConditionalOnMissingBean (types: org.springframework.boot.actuate.endpoint.web.annotation.ControllerEndpointsSupplier; SearchStrategy: all) did not find any beans (OnBeanCondition)

   WebEndpointAutoConfiguration#endpointMediaTypes matched:
      - @ConditionalOnMissingBean (types: org.springframework.boot.actuate.endpoint.web.EndpointMediaTypes; SearchStrategy: all) did not find any beans (OnBeanCondition)

   WebEndpointAutoConfiguration#pathMappedEndpoints matched:
      - @ConditionalOnMissingBean (types: org.springframework.boot.actuate.endpoint.web.PathMappedEndpoints; SearchStrategy: all) did not find any beans (OnBeanCondition)

   WebEndpointAutoConfiguration#webEndpointDiscoverer matched:
      - @ConditionalOnMissingBean (types: org.springframework.boot.actuate.endpoint.web.WebEndpointsSupplier; SearchStrategy: all) did not find any beans (OnBeanCondition)

   WebFluxAutoConfiguration matched:
      - @ConditionalOnClass found required class 'org.springframework.web.reactive.config.WebFluxConfigurer' (OnClassCondition)
      - found ConfigurableReactiveWebEnvironment (OnWebApplicationCondition)
      - @ConditionalOnMissingBean (types: org.springframework.web.reactive.config.WebFluxConfigurationSupport; SearchStrategy: all) did not find any beans (OnBeanCondition)

   WebFluxAutoConfiguration.EnableWebFluxConfiguration#localeContextResolver matched:
      - @ConditionalOnMissingBean (names: localeContextResolver; SearchStrategy: all) did not find any beans (OnBeanCondition)

   WebFluxAutoConfiguration.EnableWebFluxConfiguration#webSessionManager matched:
      - @ConditionalOnMissingBean (names: webSessionManager; SearchStrategy: all) did not find any beans (OnBeanCondition)

   WebFluxEndpointManagementContextConfiguration matched:
      - @ConditionalOnClass found required classes 'org.springframework.web.reactive.DispatcherHandler', 'org.springframework.http.server.reactive.HttpHandler' (OnClassCondition)
      - found ConfigurableReactiveWebEnvironment (OnWebApplicationCondition)
      - @ConditionalOnBean (types: org.springframework.boot.actuate.endpoint.web.WebEndpointsSupplier; SearchStrategy: all) found bean 'webEndpointDiscoverer' (OnBeanCondition)

   WebFluxEndpointManagementContextConfiguration#controllerEndpointHandlerMapping matched:
      - @ConditionalOnMissingBean (types: org.springframework.boot.actuate.endpoint.web.reactive.ControllerEndpointHandlerMapping; SearchStrategy: all) did not find any beans (OnBeanCondition)

   WebFluxEndpointManagementContextConfiguration#serverCodecConfigurerEndpointObjectMapperBeanPostProcessor matched:
      - @ConditionalOnBean (types: org.springframework.boot.actuate.endpoint.jackson.EndpointObjectMapper; SearchStrategy: all) found bean 'endpointObjectMapper' (OnBeanCondition)

   WebFluxEndpointManagementContextConfiguration#webEndpointReactiveHandlerMapping matched:
      - @ConditionalOnMissingBean (types: org.springframework.boot.actuate.endpoint.web.reactive.WebFluxEndpointHandlerMapping; SearchStrategy: all) did not find any beans (OnBeanCondition)

   WebFluxObservationAutoConfiguration matched:
      - @ConditionalOnClass found required classes 'io.micrometer.observation.Observation', 'io.micrometer.core.instrument.MeterRegistry' (OnClassCondition)
      - found ConfigurableReactiveWebEnvironment (OnWebApplicationCondition)
      - @ConditionalOnBean (types: io.micrometer.observation.ObservationRegistry,io.micrometer.core.instrument.MeterRegistry; SearchStrategy: all) found beans 'observationRegistry', 'simpleMeterRegistry' (OnBeanCondition)

   WebFluxObservationAutoConfiguration#defaultServerRequestObservationConvention matched:
      - @ConditionalOnMissingBean (types: org.springframework.http.server.reactive.observation.ServerRequestObservationConvention; SearchStrategy: all) did not find any beans (OnBeanCondition)

   WebSessionIdResolverAutoConfiguration matched:
      - @ConditionalOnClass found required classes 'org.springframework.web.server.session.WebSessionManager', 'reactor.core.publisher.Mono' (OnClassCondition)
      - found ConfigurableReactiveWebEnvironment (OnWebApplicationCondition)

   WebSessionIdResolverAutoConfiguration#webSessionIdResolver matched:
      - @ConditionalOnMissingBean (types: org.springframework.web.server.session.WebSessionIdResolver; SearchStrategy: all) did not find any beans (OnBeanCondition)


Negative matches:
-----------------

   ActiveMQAutoConfiguration:
      Did not match:
         - @ConditionalOnClass did not find required class 'jakarta.jms.ConnectionFactory' (OnClassCondition)

   AopAutoConfiguration.AspectJAutoProxyingConfiguration:
      Did not match:
         - @ConditionalOnClass did not find required class 'org.aspectj.weaver.Advice' (OnClassCondition)

   AppOpticsMetricsExportAutoConfiguration:
      Did not match:
         - @ConditionalOnClass did not find required class 'io.micrometer.appoptics.AppOpticsMeterRegistry' (OnClassCondition)

   ArtemisAutoConfiguration:
      Did not match:
         - @ConditionalOnClass did not find required class 'jakarta.jms.ConnectionFactory' (OnClassCondition)

   AtlasMetricsExportAutoConfiguration:
      Did not match:
         - @ConditionalOnClass did not find required class 'io.micrometer.atlas.AtlasMeterRegistry' (OnClassCondition)

   AuditAutoConfiguration:
      Did not match:
         - @ConditionalOnBean (types: org.springframework.boot.actuate.audit.AuditEventRepository; SearchStrategy: all) did not find any beans of type org.springframework.boot.actuate.audit.AuditEventRepository (OnBeanCondition)
      Matched:
         - @ConditionalOnProperty (management.auditevents.enabled) matched (OnPropertyCondition)

   AuditEventsEndpointAutoConfiguration:
      Did not match:
         - @ConditionalOnAvailableEndpoint no 'management.endpoints' property marked it as exposed (OnAvailableEndpointCondition)

   AvailabilityHealthContributorAutoConfiguration#livenessStateHealthIndicator:
      Did not match:
         - @ConditionalOnProperty (management.health.livenessstate.enabled=true) did not find property 'enabled' (OnPropertyCondition)

   AvailabilityHealthContributorAutoConfiguration#readinessStateHealthIndicator:
      Did not match:
         - @ConditionalOnProperty (management.health.readinessstate.enabled=true) did not find property 'enabled' (OnPropertyCondition)

   AvailabilityProbesAutoConfiguration:
      Did not match:
         - Probes availability not running on a supported cloud platform (AvailabilityProbesAutoConfiguration.ProbesCondition)

   BatchAutoConfiguration:
      Did not match:
         - @ConditionalOnClass did not find required class 'org.springframework.batch.core.launch.JobLauncher' (OnClassCondition)

   BatchObservationAutoConfiguration:
      Did not match:
         - @ConditionalOnClass did not find required class 'org.springframework.batch.core.configuration.annotation.BatchObservabilityBeanPostProcessor' (OnClassCondition)

   BeansEndpointAutoConfiguration:
      Did not match:
         - @ConditionalOnAvailableEndpoint no 'management.endpoints' property marked it as exposed (OnAvailableEndpointCondition)

   BraveAutoConfiguration:
      Did not match:
         - @ConditionalOnClass did not find required class 'brave.Tracer' (OnClassCondition)

   BulkheadAutoConfiguration.BulkheadEndpointAutoConfiguration#bulkheadEndpoint:
      Did not match:
         - @ConditionalOnAvailableEndpoint no 'management.endpoints' property marked it as exposed (OnAvailableEndpointCondition)

   BulkheadAutoConfiguration.BulkheadEndpointAutoConfiguration#bulkheadEventsEndpoint:
      Did not match:
         - @ConditionalOnAvailableEndpoint no 'management.endpoints' property marked it as exposed (OnAvailableEndpointCondition)

   BulkheadMetricsAutoConfiguration#registerBulkheadMetrics:
      Did not match:
         - @ConditionalOnProperty (resilience4j.bulkhead.metrics.legacy.enabled=true) did not find property 'resilience4j.bulkhead.metrics.legacy.enabled' (OnPropertyCondition)

   Cache2kCacheConfiguration:
      Did not match:
         - @ConditionalOnClass did not find required class 'org.cache2k.Cache2kBuilder' (OnClassCondition)

   CacheAutoConfiguration:
      Did not match:
         - @ConditionalOnBean (types: org.springframework.cache.interceptor.CacheAspectSupport; SearchStrategy: all) did not find any beans of type org.springframework.cache.interceptor.CacheAspectSupport (OnBeanCondition)
      Matched:
         - @ConditionalOnClass found required class 'org.springframework.cache.CacheManager' (OnClassCondition)

   CacheAutoConfiguration.CacheManagerEntityManagerFactoryDependsOnPostProcessor:
      Did not match:
         - @ConditionalOnClass did not find required class 'org.springframework.orm.jpa.LocalContainerEntityManagerFactoryBean' (OnClassCondition)
         - Ancestor org.springframework.boot.autoconfigure.cache.CacheAutoConfiguration did not match (ConditionEvaluationReport.AncestorsMatchedCondition)

   CacheMeterBinderProvidersConfiguration.Cache2kCacheMeterBinderProviderConfiguration:
      Did not match:
         - @ConditionalOnClass did not find required classes 'org.cache2k.Cache2kBuilder', 'org.cache2k.extra.spring.SpringCache2kCache', 'org.cache2k.extra.micrometer.Cache2kCacheMetrics' (OnClassCondition)

   CacheMeterBinderProvidersConfiguration.CaffeineCacheMeterBinderProviderConfiguration:
      Did not match:
         - @ConditionalOnClass did not find required class 'com.github.benmanes.caffeine.cache.Cache' (OnClassCondition)

   CacheMeterBinderProvidersConfiguration.HazelcastCacheMeterBinderProviderConfiguration:
      Did not match:
         - @ConditionalOnClass did not find required classes 'com.hazelcast.spring.cache.HazelcastCache', 'com.hazelcast.core.Hazelcast' (OnClassCondition)

   CacheMeterBinderProvidersConfiguration.JCacheCacheMeterBinderProviderConfiguration:
      Did not match:
         - @ConditionalOnClass did not find required class 'javax.cache.CacheManager' (OnClassCondition)

   CacheMetricsAutoConfiguration:
      Did not match:
         - @ConditionalOnBean (types: org.springframework.cache.CacheManager; SearchStrategy: all) did not find any beans of type org.springframework.cache.CacheManager (OnBeanCondition)

   CachesEndpointAutoConfiguration:
      Did not match:
         - @ConditionalOnAvailableEndpoint no 'management.endpoints' property marked it as exposed (OnAvailableEndpointCondition)
      Matched:
         - @ConditionalOnClass found required class 'org.springframework.cache.CacheManager' (OnClassCondition)

   CaffeineCacheConfiguration:
      Did not match:
         - @ConditionalOnClass did not find required class 'com.github.benmanes.caffeine.cache.Caffeine' (OnClassCondition)

   CassandraAutoConfiguration:
      Did not match:
         - @ConditionalOnClass did not find required class 'com.datastax.oss.driver.api.core.CqlSession' (OnClassCondition)

   CassandraDataAutoConfiguration:
      Did not match:
         - @ConditionalOnClass did not find required class 'com.datastax.oss.driver.api.core.CqlSession' (OnClassCondition)

   CassandraHealthContributorAutoConfiguration:
      Did not match:
         - @ConditionalOnClass did not find required class 'com.datastax.oss.driver.api.core.CqlSession' (OnClassCondition)

   CassandraReactiveDataAutoConfiguration:
      Did not match:
         - @ConditionalOnClass did not find required class 'com.datastax.oss.driver.api.core.CqlSession' (OnClassCondition)

   CassandraReactiveHealthContributorAutoConfiguration:
      Did not match:
         - @ConditionalOnClass did not find required class 'com.datastax.oss.driver.api.core.CqlSession' (OnClassCondition)

   CassandraReactiveRepositoriesAutoConfiguration:
      Did not match:
         - @ConditionalOnClass did not find required class 'org.springframework.data.cassandra.ReactiveSession' (OnClassCondition)

   CassandraRepositoriesAutoConfiguration:
      Did not match:
         - @ConditionalOnClass did not find required class 'com.datastax.oss.driver.api.core.CqlSession' (OnClassCondition)

   CircuitBreakerAutoConfiguration.CircuitBreakerEndpointAutoConfiguration#circuitBreakerEndpoint:
      Did not match:
         - @ConditionalOnAvailableEndpoint no 'management.endpoints' property marked it as exposed (OnAvailableEndpointCondition)

   CircuitBreakerAutoConfiguration.CircuitBreakerEndpointAutoConfiguration#circuitBreakerEventsEndpoint:
      Did not match:
         - @ConditionalOnAvailableEndpoint no 'management.endpoints' property marked it as exposed (OnAvailableEndpointCondition)

   CircuitBreakerMetricsAutoConfiguration#registerCircuitBreakerMetrics:
      Did not match:
         - @ConditionalOnProperty (resilience4j.circuitbreaker.metrics.legacy.enabled=true) did not find property 'resilience4j.circuitbreaker.metrics.legacy.enabled' (OnPropertyCondition)

   CircuitBreakerStreamEventsAutoConfiguration#circuitBreakerHystrixServerSideEventEndpoint:
      Did not match:
         - @ConditionalOnAvailableEndpoint no 'management.endpoints' property marked it as exposed (OnAvailableEndpointCondition)

   CircuitBreakerStreamEventsAutoConfiguration#circuitBreakerServerSideEventEndpoint:
      Did not match:
         - @ConditionalOnAvailableEndpoint no 'management.endpoints' property marked it as exposed (OnAvailableEndpointCondition)

   CircuitBreakersHealthIndicatorAutoConfiguration#circuitBreakersHealthIndicator:
      Did not match:
         - @ConditionalOnProperty (management.health.circuitbreakers.enabled) did not find property 'enabled' (OnPropertyCondition)

   ClientHttpConnectorFactoryConfiguration.HttpClient5:
      Did not match:
         - @ConditionalOnClass did not find required classes 'org.apache.hc.client5.http.impl.async.HttpAsyncClients', 'org.apache.hc.core5.http.nio.AsyncRequestProducer', 'org.apache.hc.core5.reactive.ReactiveResponseConsumer' (OnClassCondition)

   ClientHttpConnectorFactoryConfiguration.JdkClient:
      Did not match:
         - @ConditionalOnMissingBean (types: org.springframework.boot.autoconfigure.web.reactive.function.client.ClientHttpConnectorFactory; SearchStrategy: all) found beans of type 'org.springframework.boot.autoconfigure.web.reactive.function.client.ClientHttpConnectorFactory' reactorClientHttpConnectorFactory (OnBeanCondition)
      Matched:
         - @ConditionalOnClass found required class 'java.net.http.HttpClient' (OnClassCondition)

   CloudFoundryActuatorAutoConfiguration:
      Did not match:
         - @ConditionalOnClass did not find required class 'org.springframework.web.servlet.DispatcherServlet' (OnClassCondition)

   CloudHypermediaAutoConfiguration:
      Did not match:
         - @ConditionalOnClass did not find required class 'org.springframework.hateoas.Link' (OnClassCondition)

   CommonsClientAutoConfiguration.ActuatorConfiguration#featuresEndpoint:
      Did not match:
         - @ConditionalOnAvailableEndpoint no 'management.endpoints' property marked it as exposed (OnAvailableEndpointCondition)

   CompositeMeterRegistryConfiguration:
      Did not match:
         - NoneNestedConditions 1 matched 1 did not; NestedCondition on CompositeMeterRegistryConfiguration.MultipleNonPrimaryMeterRegistriesCondition.SingleInjectableMeterRegistry @ConditionalOnSingleCandidate (types: io.micrometer.core.instrument.MeterRegistry; SearchStrategy: all) found a single bean 'simpleMeterRegistry'; NestedCondition on CompositeMeterRegistryConfiguration.MultipleNonPrimaryMeterRegistriesCondition.NoMeterRegistryCondition @ConditionalOnMissingBean (types: io.micrometer.core.instrument.MeterRegistry; SearchStrategy: all) found beans of type 'io.micrometer.core.instrument.MeterRegistry' simpleMeterRegistry (CompositeMeterRegistryConfiguration.MultipleNonPrimaryMeterRegistriesCondition)

   ConditionsReportEndpointAutoConfiguration:
      Did not match:
         - @ConditionalOnAvailableEndpoint no 'management.endpoints' property marked it as exposed (OnAvailableEndpointCondition)

   ConfigurationPropertiesReportEndpointAutoConfiguration:
      Did not match:
         - @ConditionalOnAvailableEndpoint no 'management.endpoints' property marked it as exposed (OnAvailableEndpointCondition)

   ConnectionFactoryHealthContributorAutoConfiguration:
      Did not match:
         - @ConditionalOnClass did not find required class 'io.r2dbc.spi.ConnectionFactory' (OnClassCondition)

   ConnectionPoolMetricsAutoConfiguration:
      Did not match:
         - @ConditionalOnClass did not find required class 'io.r2dbc.pool.ConnectionPool' (OnClassCondition)

   ContextAwareScheduledThreadPoolAutoConfiguration:
      Did not match:
         - @ConditionalOnProperty (resilience4j.scheduled.executor.core-pool-size) did not find property 'resilience4j.scheduled.executor.core-pool-size' (OnPropertyCondition)

   CouchbaseAutoConfiguration:
      Did not match:
         - @ConditionalOnClass did not find required class 'com.couchbase.client.java.Cluster' (OnClassCondition)

   CouchbaseCacheConfiguration:
      Did not match:
         - @ConditionalOnClass did not find required class 'com.couchbase.client.java.Cluster' (OnClassCondition)

   CouchbaseDataAutoConfiguration:
      Did not match:
         - @ConditionalOnClass did not find required class 'com.couchbase.client.java.Bucket' (OnClassCondition)

   CouchbaseHealthContributorAutoConfiguration:
      Did not match:
         - @ConditionalOnClass did not find required class 'com.couchbase.client.java.Cluster' (OnClassCondition)

   CouchbaseReactiveDataAutoConfiguration:
      Did not match:
         - @ConditionalOnClass did not find required class 'com.couchbase.client.java.Cluster' (OnClassCondition)

   CouchbaseReactiveHealthContributorAutoConfiguration:
      Did not match:
         - @ConditionalOnClass did not find required class 'com.couchbase.client.java.Cluster' (OnClassCondition)

   CouchbaseReactiveRepositoriesAutoConfiguration:
      Did not match:
         - @ConditionalOnClass did not find required class 'com.couchbase.client.java.Cluster' (OnClassCondition)

   CouchbaseRepositoriesAutoConfiguration:
      Did not match:
         - @ConditionalOnClass did not find required class 'com.couchbase.client.java.Bucket' (OnClassCondition)

   DataSourceAutoConfiguration:
      Did not match:
         - @ConditionalOnClass did not find required class 'org.springframework.jdbc.datasource.embedded.EmbeddedDatabaseType' (OnClassCondition)

   DataSourceHealthContributorAutoConfiguration:
      Did not match:
         - @ConditionalOnClass did not find required class 'org.springframework.jdbc.core.JdbcTemplate' (OnClassCondition)

   DataSourceInitializationConfiguration:
      Did not match:
         - @ConditionalOnClass did not find required class 'org.springframework.jdbc.datasource.init.DatabasePopulator' (OnClassCondition)

   DataSourcePoolMetricsAutoConfiguration:
      Did not match:
         - @ConditionalOnBean (types: javax.sql.DataSource,io.micrometer.core.instrument.MeterRegistry; SearchStrategy: all) did not find any beans of type javax.sql.DataSource (OnBeanCondition)
      Matched:
         - @ConditionalOnClass found required classes 'javax.sql.DataSource', 'io.micrometer.core.instrument.MeterRegistry' (OnClassCondition)

   DataSourcePoolMetricsAutoConfiguration.HikariDataSourceMetricsConfiguration:
      Did not match:
         - @ConditionalOnClass did not find required class 'com.zaxxer.hikari.HikariDataSource' (OnClassCondition)
         - Ancestor org.springframework.boot.actuate.autoconfigure.metrics.jdbc.DataSourcePoolMetricsAutoConfiguration did not match (ConditionEvaluationReport.AncestorsMatchedCondition)

   DataSourceTransactionManagerAutoConfiguration:
      Did not match:
         - @ConditionalOnClass did not find required class 'org.springframework.jdbc.core.JdbcTemplate' (OnClassCondition)

   DatadogMetricsExportAutoConfiguration:
      Did not match:
         - @ConditionalOnClass did not find required class 'io.micrometer.datadog.DatadogMeterRegistry' (OnClassCondition)

   DispatcherServletAutoConfiguration:
      Did not match:
         - @ConditionalOnClass did not find required class 'org.springframework.web.servlet.DispatcherServlet' (OnClassCondition)

   DynatraceMetricsExportAutoConfiguration:
      Did not match:
         - @ConditionalOnClass did not find required class 'io.micrometer.dynatrace.DynatraceMeterRegistry' (OnClassCondition)

   ElasticMetricsExportAutoConfiguration:
      Did not match:
         - @ConditionalOnClass did not find required class 'io.micrometer.elastic.ElasticMeterRegistry' (OnClassCondition)

   ElasticsearchClientAutoConfiguration:
      Did not match:
         - @ConditionalOnClass did not find required class 'co.elastic.clients.elasticsearch.ElasticsearchClient' (OnClassCondition)

   ElasticsearchDataAutoConfiguration:
      Did not match:
         - @ConditionalOnClass did not find required class 'org.springframework.data.elasticsearch.client.elc.ElasticsearchTemplate' (OnClassCondition)

   ElasticsearchReactiveHealthContributorAutoConfiguration:
      Did not match:
         - @ConditionalOnClass did not find required class 'org.springframework.data.elasticsearch.client.elc.ReactiveElasticsearchClient' (OnClassCondition)

   ElasticsearchRepositoriesAutoConfiguration:
      Did not match:
         - @ConditionalOnClass did not find required class 'org.springframework.data.elasticsearch.repository.ElasticsearchRepository' (OnClassCondition)

   ElasticsearchRestClientAutoConfiguration:
      Did not match:
         - @ConditionalOnClass did not find required class 'org.elasticsearch.client.RestClientBuilder' (OnClassCondition)

   ElasticsearchRestHealthContributorAutoConfiguration:
      Did not match:
         - @ConditionalOnClass did not find required class 'org.elasticsearch.client.RestClient' (OnClassCondition)

   EmbeddedLdapAutoConfiguration:
      Did not match:
         - @ConditionalOnClass did not find required class 'com.unboundid.ldap.listener.InMemoryDirectoryServer' (OnClassCondition)

   EmbeddedWebServerFactoryCustomizerAutoConfiguration.JettyWebServerFactoryCustomizerConfiguration:
      Did not match:
         - @ConditionalOnClass did not find required classes 'org.eclipse.jetty.server.Server', 'org.eclipse.jetty.util.Loader', 'org.eclipse.jetty.ee10.webapp.WebAppContext' (OnClassCondition)

   EmbeddedWebServerFactoryCustomizerAutoConfiguration.TomcatWebServerFactoryCustomizerConfiguration:
      Did not match:
         - @ConditionalOnClass did not find required classes 'org.apache.catalina.startup.Tomcat', 'org.apache.coyote.UpgradeProtocol' (OnClassCondition)

   EmbeddedWebServerFactoryCustomizerAutoConfiguration.UndertowWebServerFactoryCustomizerConfiguration:
      Did not match:
         - @ConditionalOnClass did not find required classes 'io.undertow.Undertow', 'org.xnio.SslClientAuthMode' (OnClassCondition)

   EnvironmentEndpointAutoConfiguration:
      Did not match:
         - @ConditionalOnAvailableEndpoint no 'management.endpoints' property marked it as exposed (OnAvailableEndpointCondition)

   ErrorMvcAutoConfiguration:
      Did not match:
         - @ConditionalOnClass did not find required class 'jakarta.servlet.Servlet' (OnClassCondition)

   ErrorWebFluxAutoConfiguration#errorWebExceptionHandler:
      Did not match:
         - @ConditionalOnMissingBean (types: org.springframework.boot.web.reactive.error.ErrorWebExceptionHandler; SearchStrategy: current) found beans of type 'org.springframework.boot.web.reactive.error.ErrorWebExceptionHandler' gatewayGlobalErrorHandler (OnBeanCondition)

   FlywayAutoConfiguration:
      Did not match:
         - @ConditionalOnClass did not find required class 'org.flywaydb.core.Flyway' (OnClassCondition)

   FlywayEndpointAutoConfiguration:
      Did not match:
         - @ConditionalOnClass did not find required class 'org.flywaydb.core.Flyway' (OnClassCondition)

   FreeMarkerAutoConfiguration:
      Did not match:
         - @ConditionalOnClass did not find required class 'freemarker.template.Configuration' (OnClassCondition)

   GangliaMetricsExportAutoConfiguration:
      Did not match:
         - @ConditionalOnClass did not find required class 'io.micrometer.ganglia.GangliaMeterRegistry' (OnClassCondition)

   GatewayAutoConfiguration#grpcSslConfigurer:
      Did not match:
         - @ConditionalOnClass did not find required class 'io.grpc.Channel' (OnClassCondition)

   GatewayAutoConfiguration#jsonToGRPCFilterFactory:
      Did not match:
         - @ConditionalOnClass did not find required class 'io.grpc.Channel' (OnClassCondition)

   GatewayAutoConfiguration#principalNameKeyResolver:
      Did not match:
         - @ConditionalOnMissingBean (types: org.springframework.cloud.gateway.filter.ratelimit.KeyResolver; SearchStrategy: all) found beans of type 'org.springframework.cloud.gateway.filter.ratelimit.KeyResolver' clientKeyResolver (OnBeanCondition)

   GatewayAutoConfiguration.GatewayActuatorConfiguration#gatewayControllerEndpoint:
      Did not match:
         - @ConditionalOnAvailableEndpoint no property management.endpoint.gateway.enabled found so using endpoint default of false (OnAvailableEndpointCondition)
      Matched:
         - @ConditionalOnProperty (spring.cloud.gateway.actuator.verbose.enabled) matched (OnPropertyCondition)

   GatewayAutoConfiguration.GatewayActuatorConfiguration#gatewayLegacyControllerEndpoint:
      Did not match:
         - NoneNestedConditions 1 matched 0 did not; NestedCondition on GatewayAutoConfiguration.OnVerboseDisabledCondition.VerboseDisabled @ConditionalOnProperty (spring.cloud.gateway.actuator.verbose.enabled) matched (GatewayAutoConfiguration.OnVerboseDisabledCondition)

   GatewayAutoConfiguration.NettyConfiguration#nettyServerWiretapCustomizer:
      Did not match:
         - @ConditionalOnProperty (spring.cloud.gateway.httpserver.wiretap) did not find property 'spring.cloud.gateway.httpserver.wiretap' (OnPropertyCondition)

   GatewayAutoConfiguration.TokenRelayConfiguration:
      Did not match:
         - @ConditionalOnClass did not find required classes 'org.springframework.security.oauth2.client.OAuth2AuthorizedClient', 'org.springframework.security.web.server.SecurityWebFilterChain' (OnClassCondition)

   GatewayClassPathWarningAutoConfiguration.SpringMvcFoundOnClasspathConfiguration:
      Did not match:
         - @ConditionalOnClass did not find required class 'org.springframework.web.servlet.DispatcherServlet' (OnClassCondition)

   GatewayClassPathWarningAutoConfiguration.WebfluxMissingFromClasspathConfiguration:
      Did not match:
         - @ConditionalOnMissingClass found unwanted class 'org.springframework.web.reactive.DispatcherHandler' (OnClassCondition)

   GatewayDiscoveryClientAutoConfiguration.ReactiveDiscoveryClientRouteDefinitionLocatorConfiguration#discoveryClientRouteDefinitionLocator:
      Did not match:
         - @ConditionalOnProperty (spring.cloud.gateway.discovery.locator.enabled) did not find property 'spring.cloud.gateway.discovery.locator.enabled' (OnPropertyCondition)

   GatewayMetricsAutoConfiguration#gatewayPathTagsProvider:
      Did not match:
         - @ConditionalOnProperty (spring.cloud.gateway.metrics.tags.path.enabled) did not find property 'spring.cloud.gateway.metrics.tags.path.enabled' (OnPropertyCondition)

   GatewayMetricsAutoConfiguration.ObservabilityConfiguration.GatewayTracingConfiguration:
      Did not match:
         - @ConditionalOnClass did not find required class 'io.micrometer.tracing.Tracer' (OnClassCondition)

   GatewayReactiveLoadBalancerClientAutoConfiguration:
      Did not match:
         - @ConditionalOnClass did not find required class 'org.springframework.cloud.loadbalancer.config.LoadBalancerAutoConfiguration' (OnClassCondition)

   GatewayReactiveOAuth2AutoConfiguration:
      Did not match:
         - @ConditionalOnClass did not find required class 'org.springframework.security.oauth2.client.OAuth2AuthorizedClient' (OnClassCondition)

   GatewayRedisAutoConfiguration#redisRateLimiter:
      Did not match:
         - @ConditionalOnMissingBean (types: org.springframework.cloud.gateway.filter.ratelimit.RedisRateLimiter; SearchStrategy: all) found beans of type 'org.springframework.cloud.gateway.filter.ratelimit.RedisRateLimiter' redisRateLimiter (OnBeanCondition)

   GatewayRedisAutoConfiguration#redisRouteDefinitionRepository:
      Did not match:
         - @ConditionalOnProperty (spring.cloud.gateway.redis-route-definition-repository.enabled=true) did not find property 'spring.cloud.gateway.redis-route-definition-repository.enabled' (OnPropertyCondition)
      Matched:
         - @ConditionalOnClass found required class 'org.springframework.data.redis.core.ReactiveRedisTemplate' (OnClassCondition)

   GraphQlAutoConfiguration:
      Did not match:
         - @ConditionalOnClass did not find required class 'graphql.GraphQL' (OnClassCondition)

   GraphQlObservationAutoConfiguration:
      Did not match:
         - @ConditionalOnClass did not find required class 'graphql.GraphQL' (OnClassCondition)

   GraphQlQueryByExampleAutoConfiguration:
      Did not match:
         - @ConditionalOnClass did not find required class 'graphql.GraphQL' (OnClassCondition)

   GraphQlQuerydslAutoConfiguration:
      Did not match:
         - @ConditionalOnClass did not find required class 'com.querydsl.core.Query' (OnClassCondition)

   GraphQlRSocketAutoConfiguration:
      Did not match:
         - @ConditionalOnClass did not find required class 'graphql.GraphQL' (OnClassCondition)

   GraphQlReactiveQueryByExampleAutoConfiguration:
      Did not match:
         - @ConditionalOnClass did not find required class 'graphql.GraphQL' (OnClassCondition)

   GraphQlReactiveQuerydslAutoConfiguration:
      Did not match:
         - @ConditionalOnClass did not find required class 'com.querydsl.core.Query' (OnClassCondition)

   GraphQlWebFluxAutoConfiguration:
      Did not match:
         - @ConditionalOnClass did not find required class 'graphql.GraphQL' (OnClassCondition)

   GraphQlWebFluxSecurityAutoConfiguration:
      Did not match:
         - @ConditionalOnClass did not find required class 'graphql.GraphQL' (OnClassCondition)

   GraphQlWebMvcAutoConfiguration:
      Did not match:
         - @ConditionalOnClass did not find required class 'graphql.GraphQL' (OnClassCondition)

   GraphQlWebMvcSecurityAutoConfiguration:
      Did not match:
         - @ConditionalOnClass did not find required class 'graphql.GraphQL' (OnClassCondition)

   GraphiteMetricsExportAutoConfiguration:
      Did not match:
         - @ConditionalOnClass did not find required class 'io.micrometer.graphite.GraphiteMeterRegistry' (OnClassCondition)

   GroovyTemplateAutoConfiguration:
      Did not match:
         - @ConditionalOnClass did not find required class 'groovy.text.markup.MarkupTemplateEngine' (OnClassCondition)

   GsonAutoConfiguration:
      Did not match:
         - @ConditionalOnClass did not find required class 'com.google.gson.Gson' (OnClassCondition)

   H2ConsoleAutoConfiguration:
      Did not match:
         - @ConditionalOnClass did not find required class 'org.h2.server.web.JakartaWebServlet' (OnClassCondition)

   HazelcastAutoConfiguration:
      Did not match:
         - @ConditionalOnClass did not find required class 'com.hazelcast.core.HazelcastInstance' (OnClassCondition)

   HazelcastCacheConfiguration:
      Did not match:
         - @ConditionalOnClass did not find required class 'com.hazelcast.core.HazelcastInstance' (OnClassCondition)

   HazelcastHealthContributorAutoConfiguration:
      Did not match:
         - @ConditionalOnClass did not find required class 'com.hazelcast.core.HazelcastInstance' (OnClassCondition)

   HazelcastJpaDependencyAutoConfiguration:
      Did not match:
         - @ConditionalOnClass did not find required class 'com.hazelcast.core.HazelcastInstance' (OnClassCondition)

   HealthEndpointWebExtensionConfiguration:
      Did not match:
         - not a servlet web application (OnWebApplicationCondition)

   HeapDumpWebEndpointAutoConfiguration:
      Did not match:
         - @ConditionalOnAvailableEndpoint no 'management.endpoints' property marked it as exposed (OnAvailableEndpointCondition)

   HibernateJpaAutoConfiguration:
      Did not match:
         - @ConditionalOnClass did not find required class 'jakarta.persistence.EntityManager' (OnClassCondition)

   HibernateMetricsAutoConfiguration:
      Did not match:
         - @ConditionalOnClass did not find required class 'jakarta.persistence.EntityManagerFactory' (OnClassCondition)

   HttpEncodingAutoConfiguration:
      Did not match:
         - @ConditionalOnClass did not find required class 'org.springframework.web.filter.CharacterEncodingFilter' (OnClassCondition)

   HttpExchangesAutoConfiguration:
      Did not match:
         - @ConditionalOnBean (types: org.springframework.boot.actuate.web.exchanges.HttpExchangeRepository; SearchStrategy: all) did not find any beans of type org.springframework.boot.actuate.web.exchanges.HttpExchangeRepository (OnBeanCondition)
      Matched:
         - @ConditionalOnWebApplication (required) found ConfigurableReactiveWebEnvironment (OnWebApplicationCondition)
         - @ConditionalOnProperty (management.httpexchanges.recording.enabled) matched (OnPropertyCondition)

   HttpExchangesAutoConfiguration.ReactiveHttpExchangesConfiguration:
      Did not match:
         - Ancestor org.springframework.boot.actuate.autoconfigure.web.exchanges.HttpExchangesAutoConfiguration did not match (ConditionEvaluationReport.AncestorsMatchedCondition)
      Matched:
         - found ConfigurableReactiveWebEnvironment (OnWebApplicationCondition)

   HttpExchangesAutoConfiguration.ServletHttpExchangesConfiguration:
      Did not match:
         - not a servlet web application (OnWebApplicationCondition)
         - Ancestor org.springframework.boot.actuate.autoconfigure.web.exchanges.HttpExchangesAutoConfiguration did not match (ConditionEvaluationReport.AncestorsMatchedCondition)

   HttpExchangesEndpointAutoConfiguration:
      Did not match:
         - @ConditionalOnAvailableEndpoint no 'management.endpoints' property marked it as exposed (OnAvailableEndpointCondition)

   HttpMessageConvertersAutoConfiguration:
      Did not match:
         - NoneNestedConditions 1 matched 0 did not; NestedCondition on HttpMessageConvertersAutoConfiguration.NotReactiveWebApplicationCondition.ReactiveWebApplication found ConfigurableReactiveWebEnvironment (HttpMessageConvertersAutoConfiguration.NotReactiveWebApplicationCondition)
      Matched:
         - @ConditionalOnClass found required class 'org.springframework.http.converter.HttpMessageConverter' (OnClassCondition)

   HumioMetricsExportAutoConfiguration:
      Did not match:
         - @ConditionalOnClass did not find required class 'io.micrometer.humio.HumioMeterRegistry' (OnClassCondition)

   HypermediaAutoConfiguration:
      Did not match:
         - @ConditionalOnClass did not find required class 'org.springframework.hateoas.EntityModel' (OnClassCondition)

   InfinispanCacheConfiguration:
      Did not match:
         - @ConditionalOnClass did not find required class 'org.infinispan.spring.embedded.provider.SpringEmbeddedCacheManager' (OnClassCondition)

   InfluxDbAutoConfiguration:
      Did not match:
         - @ConditionalOnClass did not find required class 'org.influxdb.InfluxDB' (OnClassCondition)

   InfluxDbHealthContributorAutoConfiguration:
      Did not match:
         - @ConditionalOnClass did not find required class 'org.influxdb.InfluxDB' (OnClassCondition)

   InfluxMetricsExportAutoConfiguration:
      Did not match:
         - @ConditionalOnClass did not find required class 'io.micrometer.influx.InfluxMeterRegistry' (OnClassCondition)

   InfoContributorAutoConfiguration#buildInfoContributor:
      Did not match:
         - @ConditionalOnSingleCandidate (types: org.springframework.boot.info.BuildProperties; SearchStrategy: all) did not find any beans (OnBeanCondition)
      Matched:
         - @ConditionalOnEnabledInfoContributor management.info.defaults.enabled is considered true (OnEnabledInfoContributorCondition)

   InfoContributorAutoConfiguration#envInfoContributor:
      Did not match:
         - @ConditionalOnEnabledInfoContributor management.info.env.enabled is not true (OnEnabledInfoContributorCondition)

   InfoContributorAutoConfiguration#gitInfoContributor:
      Did not match:
         - @ConditionalOnSingleCandidate (types: org.springframework.boot.info.GitProperties; SearchStrategy: all) did not find any beans (OnBeanCondition)
      Matched:
         - @ConditionalOnEnabledInfoContributor management.info.defaults.enabled is considered true (OnEnabledInfoContributorCondition)

   InfoContributorAutoConfiguration#javaInfoContributor:
      Did not match:
         - @ConditionalOnEnabledInfoContributor management.info.java.enabled is not true (OnEnabledInfoContributorCondition)

   InfoContributorAutoConfiguration#osInfoContributor:
      Did not match:
         - @ConditionalOnEnabledInfoContributor management.info.os.enabled is not true (OnEnabledInfoContributorCondition)

   InfoContributorAutoConfiguration#processInfoContributor:
      Did not match:
         - @ConditionalOnEnabledInfoContributor management.info.process.enabled is not true (OnEnabledInfoContributorCondition)

   InfoEndpointAutoConfiguration:
      Did not match:
         - @ConditionalOnAvailableEndpoint no 'management.endpoints' property marked it as exposed (OnAvailableEndpointCondition)

   IntegrationAutoConfiguration:
      Did not match:
         - @ConditionalOnClass did not find required class 'org.springframework.integration.config.EnableIntegration' (OnClassCondition)

   IntegrationGraphEndpointAutoConfiguration:
      Did not match:
         - @ConditionalOnClass did not find required class 'org.springframework.integration.graph.IntegrationGraphServer' (OnClassCondition)

   JCacheCacheConfiguration:
      Did not match:
         - @ConditionalOnClass did not find required class 'javax.cache.Caching' (OnClassCondition)

   JdbcClientAutoConfiguration:
      Did not match:
         - @ConditionalOnSingleCandidate did not find required type 'org.springframework.jdbc.core.namedparam.NamedParameterJdbcTemplate' (OnBeanCondition)

   JdbcRepositoriesAutoConfiguration:
      Did not match:
         - @ConditionalOnClass did not find required class 'org.springframework.data.jdbc.repository.config.AbstractJdbcConfiguration' (OnClassCondition)

   JdbcTemplateAutoConfiguration:
      Did not match:
         - @ConditionalOnClass did not find required class 'org.springframework.jdbc.core.JdbcTemplate' (OnClassCondition)

   JedisConnectionConfiguration:
      Did not match:
         - @ConditionalOnClass did not find required classes 'org.apache.commons.pool2.impl.GenericObjectPool', 'redis.clients.jedis.Jedis' (OnClassCondition)

   JerseyAutoConfiguration:
      Did not match:
         - @ConditionalOnClass did not find required class 'jakarta.servlet.ServletRegistration' (OnClassCondition)

   JerseySameManagementContextConfiguration:
      Did not match:
         - @ConditionalOnClass did not find required class 'org.glassfish.jersey.server.ResourceConfig' (OnClassCondition)

   JerseyServerMetricsAutoConfiguration:
      Did not match:
         - @ConditionalOnClass did not find required class 'org.glassfish.jersey.micrometer.server.ObservationApplicationEventListener' (OnClassCondition)

   JerseyWebEndpointManagementContextConfiguration:
      Did not match:
         - @ConditionalOnClass did not find required class 'org.glassfish.jersey.server.ResourceConfig' (OnClassCondition)

   JettyMetricsAutoConfiguration:
      Did not match:
         - @ConditionalOnClass did not find required class 'org.eclipse.jetty.server.Server' (OnClassCondition)

   JmsAutoConfiguration:
      Did not match:
         - @ConditionalOnClass did not find required class 'jakarta.jms.Message' (OnClassCondition)

   JmsHealthContributorAutoConfiguration:
      Did not match:
         - @ConditionalOnClass did not find required class 'jakarta.jms.ConnectionFactory' (OnClassCondition)

   JmxAutoConfiguration:
      Did not match:
         - @ConditionalOnProperty (spring.jmx.enabled=true) did not find property 'enabled' (OnPropertyCondition)
      Matched:
         - @ConditionalOnClass found required class 'org.springframework.jmx.export.MBeanExporter' (OnClassCondition)

   JmxEndpointAutoConfiguration:
      Did not match:
         - @ConditionalOnProperty (spring.jmx.enabled=true) did not find property 'enabled' (OnPropertyCondition)

   JmxMetricsExportAutoConfiguration:
      Did not match:
         - @ConditionalOnClass did not find required class 'io.micrometer.jmx.JmxMeterRegistry' (OnClassCondition)

   JndiConnectionFactoryAutoConfiguration:
      Did not match:
         - @ConditionalOnClass did not find required class 'org.springframework.jms.core.JmsTemplate' (OnClassCondition)

   JndiDataSourceAutoConfiguration:
      Did not match:
         - @ConditionalOnClass did not find required class 'org.springframework.jdbc.datasource.embedded.EmbeddedDatabaseType' (OnClassCondition)

   JooqAutoConfiguration:
      Did not match:
         - @ConditionalOnClass did not find required class 'org.jooq.DSLContext' (OnClassCondition)

   JpaRepositoriesAutoConfiguration:
      Did not match:
         - @ConditionalOnClass did not find required class 'org.springframework.data.jpa.repository.JpaRepository' (OnClassCondition)

   JsonbAutoConfiguration:
      Did not match:
         - @ConditionalOnClass did not find required class 'jakarta.json.bind.Jsonb' (OnClassCondition)

   JtaAutoConfiguration:
      Did not match:
         - @ConditionalOnClass did not find required class 'jakarta.transaction.Transaction' (OnClassCondition)

   KafkaAutoConfiguration:
      Did not match:
         - @ConditionalOnClass did not find required class 'org.springframework.kafka.core.KafkaTemplate' (OnClassCondition)

   KafkaMetricsAutoConfiguration:
      Did not match:
         - @ConditionalOnClass did not find required class 'org.springframework.kafka.core.ProducerFactory' (OnClassCondition)

   KairosMetricsExportAutoConfiguration:
      Did not match:
         - @ConditionalOnClass did not find required class 'io.micrometer.kairos.KairosMeterRegistry' (OnClassCondition)

   LdapAutoConfiguration:
      Did not match:
         - @ConditionalOnClass did not find required class 'org.springframework.ldap.core.ContextSource' (OnClassCondition)

   LdapHealthContributorAutoConfiguration:
      Did not match:
         - @ConditionalOnClass did not find required class 'org.springframework.ldap.core.LdapOperations' (OnClassCondition)

   LdapRepositoriesAutoConfiguration:
      Did not match:
         - @ConditionalOnClass did not find required class 'org.springframework.data.ldap.repository.LdapRepository' (OnClassCondition)

   LettuceConnectionConfiguration#redisConnectionFactoryVirtualThreads:
      Did not match:
         - @ConditionalOnMissingBean (types: org.springframework.data.redis.connection.RedisConnectionFactory; SearchStrategy: all) found beans of type 'org.springframework.data.redis.connection.RedisConnectionFactory' redisConnectionFactory (OnBeanCondition)

   LiquibaseAutoConfiguration:
      Did not match:
         - @ConditionalOnClass did not find required class 'liquibase.change.DatabaseChange' (OnClassCondition)

   LiquibaseEndpointAutoConfiguration:
      Did not match:
         - @ConditionalOnClass did not find required class 'liquibase.integration.spring.SpringLiquibase' (OnClassCondition)

   LoadBalancerAutoConfiguration:
      Did not match:
         - @ConditionalOnBean (types: org.springframework.cloud.client.loadbalancer.LoadBalancerClient; SearchStrategy: all) did not find any beans of type org.springframework.cloud.client.loadbalancer.LoadBalancerClient (OnBeanCondition)
      Matched:
         - AnyNestedCondition 2 matched 0 did not; NestedCondition on BlockingRestClassesPresentCondition.RestClientPresent @ConditionalOnClass found required class 'org.springframework.web.client.RestClient'; NestedCondition on BlockingRestClassesPresentCondition.RestTemplatePresent @ConditionalOnClass found required class 'org.springframework.web.client.RestTemplate' (BlockingRestClassesPresentCondition)

   LoadBalancerAutoConfiguration.RetryAutoConfiguration:
      Did not match:
         - @ConditionalOnClass did not find required class 'org.springframework.retry.support.RetryTemplate' (OnClassCondition)
         - Ancestor org.springframework.cloud.client.loadbalancer.LoadBalancerAutoConfiguration did not match (ConditionEvaluationReport.AncestorsMatchedCondition)

   LoadBalancerAutoConfiguration.RetryInterceptorAutoConfiguration:
      Did not match:
         - @ConditionalOnClass did not find required class 'org.springframework.retry.support.RetryTemplate' (OnClassCondition)
         - Ancestor org.springframework.cloud.client.loadbalancer.LoadBalancerAutoConfiguration did not match (ConditionEvaluationReport.AncestorsMatchedCondition)

   LoadBalancerBeanPostProcessorAutoConfiguration:
      Did not match:
         - AnyNestedCondition 0 matched 2 did not; NestedCondition on LoadBalancerBeanPostProcessorAutoConfiguration.OnAnyLoadBalancerImplementationPresentCondition.LoadBalancerClientPresent @ConditionalOnBean (types: org.springframework.cloud.client.loadbalancer.LoadBalancerClient; SearchStrategy: all) did not find any beans of type org.springframework.cloud.client.loadbalancer.LoadBalancerClient; NestedCondition on LoadBalancerBeanPostProcessorAutoConfiguration.OnAnyLoadBalancerImplementationPresentCondition.ReactiveLoadBalancerFactoryPresent @ConditionalOnBean (types: org.springframework.cloud.client.loadbalancer.reactive.ReactiveLoadBalancer$Factory; SearchStrategy: all) did not find any beans of type org.springframework.cloud.client.loadbalancer.reactive.ReactiveLoadBalancer$Factory (LoadBalancerBeanPostProcessorAutoConfiguration.OnAnyLoadBalancerImplementationPresentCondition)
      Matched:
         - @ConditionalOnClass found required class 'org.springframework.web.reactive.function.client.WebClient' (OnClassCondition)

   LocalResponseCacheAutoConfiguration:
      Did not match:
         - @ConditionalOnClass did not find required class 'com.github.benmanes.caffeine.cache.Caffeine' (OnClassCondition)

   Log4J2MetricsAutoConfiguration:
      Did not match:
         - @ConditionalOnClass did not find required class 'org.apache.logging.log4j.core.LoggerContext' (OnClassCondition)

   LogFileWebEndpointAutoConfiguration:
      Did not match:
         - @ConditionalOnAvailableEndpoint no 'management.endpoints' property marked it as exposed (OnAvailableEndpointCondition)

   LoggersEndpointAutoConfiguration:
      Did not match:
         - @ConditionalOnAvailableEndpoint no 'management.endpoints' property marked it as exposed (OnAvailableEndpointCondition)

   MailHealthContributorAutoConfiguration:
      Did not match:
         - @ConditionalOnBean (types: org.springframework.mail.javamail.JavaMailSenderImpl; SearchStrategy: all) did not find any beans of type org.springframework.mail.javamail.JavaMailSenderImpl (OnBeanCondition)
      Matched:
         - @ConditionalOnClass found required class 'org.springframework.mail.javamail.JavaMailSenderImpl' (OnClassCondition)
         - @ConditionalOnEnabledHealthIndicator management.health.defaults.enabled is considered true (OnEnabledHealthIndicatorCondition)

   MailSenderAutoConfiguration:
      Did not match:
         - @ConditionalOnClass did not find required class 'jakarta.mail.internet.MimeMessage' (OnClassCondition)

   MailSenderValidatorAutoConfiguration:
      Did not match:
         - @ConditionalOnProperty (spring.mail.test-connection) did not find property 'test-connection' (OnPropertyCondition)

   ManagementContextAutoConfiguration.DifferentManagementContextConfiguration:
      Did not match:
         - Management Port actual port type (SAME) did not match required type (DIFFERENT) (OnManagementPortCondition)

   ManagementWebSecurityAutoConfiguration:
      Did not match:
         - not a servlet web application (OnWebApplicationCondition)

   MappingsEndpointAutoConfiguration:
      Did not match:
         - @ConditionalOnAvailableEndpoint no 'management.endpoints' property marked it as exposed (OnAvailableEndpointCondition)

   MessageSourceAutoConfiguration:
      Did not match:
         - ResourceBundle did not find bundle with basename messages (MessageSourceAutoConfiguration.ResourceBundleCondition)

   MetricsAspectsAutoConfiguration:
      Did not match:
         - @ConditionalOnClass did not find required class 'org.aspectj.weaver.Advice' (OnClassCondition)

   MetricsEndpointAutoConfiguration:
      Did not match:
         - @ConditionalOnAvailableEndpoint no 'management.endpoints' property marked it as exposed (OnAvailableEndpointCondition)
      Matched:
         - @ConditionalOnClass found required class 'io.micrometer.core.annotation.Timed' (OnClassCondition)

   MicrometerTracingAutoConfiguration:
      Did not match:
         - @ConditionalOnClass did not find required class 'io.micrometer.tracing.Tracer' (OnClassCondition)

   MongoAutoConfiguration:
      Did not match:
         - @ConditionalOnClass did not find required class 'com.mongodb.client.MongoClient' (OnClassCondition)

   MongoDataAutoConfiguration:
      Did not match:
         - @ConditionalOnClass did not find required class 'com.mongodb.client.MongoClient' (OnClassCondition)

   MongoHealthContributorAutoConfiguration:
      Did not match:
         - @ConditionalOnClass did not find required class 'org.springframework.data.mongodb.core.MongoTemplate' (OnClassCondition)

   MongoMetricsAutoConfiguration:
      Did not match:
         - @ConditionalOnClass did not find required class 'com.mongodb.MongoClientSettings' (OnClassCondition)

   MongoReactiveAutoConfiguration:
      Did not match:
         - @ConditionalOnClass did not find required class 'com.mongodb.reactivestreams.client.MongoClient' (OnClassCondition)

   MongoReactiveDataAutoConfiguration:
      Did not match:
         - @ConditionalOnClass did not find required class 'com.mongodb.reactivestreams.client.MongoClient' (OnClassCondition)

   MongoReactiveHealthContributorAutoConfiguration:
      Did not match:
         - @ConditionalOnClass did not find required class 'org.springframework.data.mongodb.core.ReactiveMongoTemplate' (OnClassCondition)

   MongoReactiveRepositoriesAutoConfiguration:
      Did not match:
         - @ConditionalOnClass did not find required class 'com.mongodb.reactivestreams.client.MongoClient' (OnClassCondition)

   MongoRepositoriesAutoConfiguration:
      Did not match:
         - @ConditionalOnClass did not find required class 'com.mongodb.client.MongoClient' (OnClassCondition)

   MultipartAutoConfiguration:
      Did not match:
         - @ConditionalOnClass did not find required class 'jakarta.servlet.MultipartConfigElement' (OnClassCondition)

   MultipleOpenApiSupportConfiguration:
      Did not match:
         - not a servlet web application (OnWebApplicationCondition)

   MustacheAutoConfiguration:
      Did not match:
         - @ConditionalOnClass did not find required class 'com.samskivert.mustache.Mustache' (OnClassCondition)

   Neo4jAutoConfiguration:
      Did not match:
         - @ConditionalOnClass did not find required class 'org.neo4j.driver.Driver' (OnClassCondition)

   Neo4jDataAutoConfiguration:
      Did not match:
         - @ConditionalOnClass did not find required class 'org.neo4j.driver.Driver' (OnClassCondition)

   Neo4jHealthContributorAutoConfiguration:
      Did not match:
         - @ConditionalOnClass did not find required class 'org.neo4j.driver.Driver' (OnClassCondition)

   Neo4jReactiveDataAutoConfiguration:
      Did not match:
         - @ConditionalOnClass did not find required class 'org.neo4j.driver.Driver' (OnClassCondition)

   Neo4jReactiveRepositoriesAutoConfiguration:
      Did not match:
         - @ConditionalOnClass did not find required class 'org.neo4j.driver.Driver' (OnClassCondition)

   Neo4jRepositoriesAutoConfiguration:
      Did not match:
         - @ConditionalOnClass did not find required class 'org.neo4j.driver.Driver' (OnClassCondition)

   NewRelicMetricsExportAutoConfiguration:
      Did not match:
         - @ConditionalOnClass did not find required class 'io.micrometer.newrelic.NewRelicMeterRegistry' (OnClassCondition)

   NoOpMeterRegistryConfiguration:
      Did not match:
         - @ConditionalOnMissingBean (types: io.micrometer.core.instrument.MeterRegistry; SearchStrategy: all) found beans of type 'io.micrometer.core.instrument.MeterRegistry' simpleMeterRegistry (OnBeanCondition)

   NoopTracerAutoConfiguration:
      Did not match:
         - @ConditionalOnClass did not find required class 'io.micrometer.tracing.Tracer' (OnClassCondition)

   OAuth2AuthorizationServerAutoConfiguration:
      Did not match:
         - @ConditionalOnClass did not find required class 'org.springframework.security.oauth2.server.authorization.OAuth2Authorization' (OnClassCondition)

   OAuth2AuthorizationServerJwtAutoConfiguration:
      Did not match:
         - @ConditionalOnClass did not find required class 'org.springframework.security.oauth2.server.authorization.OAuth2Authorization' (OnClassCondition)

   OAuth2ClientAutoConfiguration:
      Did not match:
         - @ConditionalOnClass did not find required class 'org.springframework.security.config.annotation.web.configuration.EnableWebSecurity' (OnClassCondition)

   OAuth2ResourceServerAutoConfiguration:
      Did not match:
         - @ConditionalOnClass did not find required class 'org.springframework.security.oauth2.server.resource.authentication.BearerTokenAuthenticationToken' (OnClassCondition)

   ObservationAutoConfiguration.MeterObservationHandlerConfiguration.TracingAndMetricsObservationHandlerConfiguration:
      Did not match:
         - @ConditionalOnBean did not find required type 'io.micrometer.tracing.Tracer' (OnBeanCondition)
         - @ConditionalOnBean (types: io.micrometer.tracing.Tracer; SearchStrategy: all) did not find any beans of type io.micrometer.tracing.Tracer (OnBeanCondition)

   ObservationAutoConfiguration.MetricsWithTracingConfiguration:
      Did not match:
         - @ConditionalOnClass did not find required class 'io.micrometer.tracing.Tracer' (OnClassCondition)

   ObservationAutoConfiguration.ObservedAspectConfiguration:
      Did not match:
         - @ConditionalOnClass did not find required class 'org.aspectj.weaver.Advice' (OnClassCondition)

   ObservationAutoConfiguration.OnlyTracingConfiguration:
      Did not match:
         - @ConditionalOnClass did not find required class 'io.micrometer.tracing.Tracer' (OnClassCondition)

   org.springframework.boot.actuate.autoconfigure.opentelemetry.OpenTelemetryAutoConfiguration:
      Did not match:
         - @ConditionalOnClass did not find required class 'io.opentelemetry.sdk.OpenTelemetrySdk' (OnClassCondition)

   org.springframework.boot.actuate.autoconfigure.tracing.OpenTelemetryAutoConfiguration:
      Did not match:
         - @ConditionalOnClass did not find required class 'io.micrometer.tracing.otel.bridge.OtelTracer' (OnClassCondition)

   OtlpAutoConfiguration:
      Did not match:
         - @ConditionalOnClass did not find required class 'io.micrometer.tracing.otel.bridge.OtelTracer' (OnClassCondition)

   OtlpMetricsExportAutoConfiguration:
      Did not match:
         - @ConditionalOnClass did not find required class 'io.micrometer.registry.otlp.OtlpMeterRegistry' (OnClassCondition)

   PauseResumeEndpointsConfiguration#pauseEndpoint:
      Did not match:
         - @ConditionalOnBean (types: org.springframework.cloud.context.restart.RestartEndpoint; SearchStrategy: all) did not find any beans of type org.springframework.cloud.context.restart.RestartEndpoint (OnBeanCondition)

   PauseResumeEndpointsConfiguration#resumeEndpoint:
      Did not match:
         - @ConditionalOnBean (types: org.springframework.cloud.context.restart.RestartEndpoint; SearchStrategy: all) did not find any beans of type org.springframework.cloud.context.restart.RestartEndpoint (OnBeanCondition)

   ProjectInfoAutoConfiguration#buildProperties:
      Did not match:
         - @ConditionalOnResource did not find resource '${spring.info.build.location:classpath:META-INF/build-info.properties}' (OnResourceCondition)

   ProjectInfoAutoConfiguration#gitProperties:
      Did not match:
         - GitResource did not find git info at classpath:git.properties (ProjectInfoAutoConfiguration.GitResourceAvailableCondition)

   PrometheusExemplarsAutoConfiguration:
      Did not match:
         - @ConditionalOnClass did not find required class 'io.micrometer.tracing.Tracer' (OnClassCondition)

   PrometheusMetricsExportAutoConfiguration:
      Did not match:
         - @ConditionalOnClass did not find required class 'io.micrometer.prometheusmetrics.PrometheusMeterRegistry' (OnClassCondition)

   PrometheusSimpleclientExemplarsAutoConfiguration:
      Did not match:
         - @ConditionalOnClass did not find required class 'io.micrometer.tracing.Tracer' (OnClassCondition)

   PrometheusSimpleclientMetricsExportAutoConfiguration:
      Did not match:
         - @ConditionalOnClass did not find required class 'io.micrometer.prometheus.PrometheusMeterRegistry' (OnClassCondition)

   PulsarAutoConfiguration:
      Did not match:
         - @ConditionalOnClass did not find required class 'org.apache.pulsar.client.api.PulsarClient' (OnClassCondition)

   PulsarReactiveAutoConfiguration:
      Did not match:
         - @ConditionalOnClass did not find required class 'org.apache.pulsar.client.api.PulsarClient' (OnClassCondition)

   QuartzAutoConfiguration:
      Did not match:
         - @ConditionalOnClass did not find required class 'org.quartz.Scheduler' (OnClassCondition)

   QuartzEndpointAutoConfiguration:
      Did not match:
         - @ConditionalOnClass did not find required class 'org.quartz.Scheduler' (OnClassCondition)

   R2dbcAutoConfiguration:
      Did not match:
         - @ConditionalOnClass did not find required class 'io.r2dbc.spi.ConnectionFactory' (OnClassCondition)

   R2dbcDataAutoConfiguration:
      Did not match:
         - @ConditionalOnClass did not find required class 'org.springframework.data.r2dbc.core.R2dbcEntityTemplate' (OnClassCondition)

   R2dbcInitializationConfiguration:
      Did not match:
         - @ConditionalOnClass did not find required classes 'io.r2dbc.spi.ConnectionFactory', 'org.springframework.r2dbc.connection.init.DatabasePopulator' (OnClassCondition)

   R2dbcObservationAutoConfiguration:
      Did not match:
         - @ConditionalOnClass did not find required class 'io.r2dbc.proxy.ProxyConnectionFactory' (OnClassCondition)

   R2dbcRepositoriesAutoConfiguration:
      Did not match:
         - @ConditionalOnClass did not find required class 'io.r2dbc.spi.ConnectionFactory' (OnClassCondition)

   R2dbcTransactionManagerAutoConfiguration:
      Did not match:
         - @ConditionalOnClass did not find required class 'org.springframework.r2dbc.connection.R2dbcTransactionManager' (OnClassCondition)

   RSocketGraphQlClientAutoConfiguration:
      Did not match:
         - @ConditionalOnClass did not find required class 'graphql.GraphQL' (OnClassCondition)

   RSocketMessagingAutoConfiguration:
      Did not match:
         - @ConditionalOnClass did not find required class 'io.rsocket.RSocket' (OnClassCondition)

   RSocketRequesterAutoConfiguration:
      Did not match:
         - @ConditionalOnClass did not find required class 'io.rsocket.RSocket' (OnClassCondition)

   RSocketSecurityAutoConfiguration:
      Did not match:
         - @ConditionalOnClass did not find required class 'org.springframework.security.rsocket.core.SecuritySocketAcceptorInterceptor' (OnClassCondition)

   RSocketServerAutoConfiguration:
      Did not match:
         - @ConditionalOnClass did not find required class 'io.rsocket.core.RSocketServer' (OnClassCondition)

   RSocketStrategiesAutoConfiguration:
      Did not match:
         - @ConditionalOnClass did not find required class 'io.rsocket.RSocket' (OnClassCondition)

   RabbitAutoConfiguration:
      Did not match:
         - @ConditionalOnClass did not find required class 'com.rabbitmq.client.Channel' (OnClassCondition)

   RabbitHealthContributorAutoConfiguration:
      Did not match:
         - @ConditionalOnClass did not find required class 'org.springframework.amqp.rabbit.core.RabbitTemplate' (OnClassCondition)

   RabbitMetricsAutoConfiguration:
      Did not match:
         - @ConditionalOnClass did not find required class 'com.rabbitmq.client.ConnectionFactory' (OnClassCondition)

   RateLimiterAutoConfiguration.RateLimiterEndpointAutoConfiguration#rateLimiterEndpoint:
      Did not match:
         - @ConditionalOnAvailableEndpoint no 'management.endpoints' property marked it as exposed (OnAvailableEndpointCondition)

   RateLimiterAutoConfiguration.RateLimiterEndpointAutoConfiguration#rateLimiterEventsEndpoint:
      Did not match:
         - @ConditionalOnAvailableEndpoint no 'management.endpoints' property marked it as exposed (OnAvailableEndpointCondition)

   RateLimiterMetricsAutoConfiguration#registerRateLimiterMetrics:
      Did not match:
         - @ConditionalOnProperty (resilience4j.ratelimiter.metrics.legacy.enabled=true) did not find property 'resilience4j.ratelimiter.metrics.legacy.enabled' (OnPropertyCondition)

   RateLimitersHealthIndicatorAutoConfiguration#rateLimitersHealthIndicator:
      Did not match:
         - @ConditionalOnProperty (management.health.ratelimiters.enabled) did not find property 'enabled' (OnPropertyCondition)

   ReactiveCloudFoundryActuatorAutoConfiguration:
      Did not match:
         - @ConditionalOnCloudPlatform did not find CLOUD_FOUNDRY (OnCloudPlatformCondition)
      Matched:
         - found ConfigurableReactiveWebEnvironment (OnWebApplicationCondition)
         - @ConditionalOnProperty (management.cloudfoundry.enabled) matched (OnPropertyCondition)

   ReactiveElasticsearchClientAutoConfiguration:
      Did not match:
         - @ConditionalOnClass did not find required class 'co.elastic.clients.transport.ElasticsearchTransport' (OnClassCondition)

   ReactiveElasticsearchRepositoriesAutoConfiguration:
      Did not match:
         - @ConditionalOnClass did not find required class 'org.springframework.data.elasticsearch.client.elc.ReactiveElasticsearchClient' (OnClassCondition)

   ReactiveManagementWebSecurityAutoConfiguration:
      Did not match:
         - @ConditionalOnClass did not find required class 'org.springframework.security.config.annotation.web.reactive.EnableWebFluxSecurity' (OnClassCondition)

   ReactiveOAuth2ClientAutoConfiguration:
      Did not match:
         - @ConditionalOnClass did not find required class 'org.springframework.security.config.annotation.web.reactive.EnableWebFluxSecurity' (OnClassCondition)

   ReactiveOAuth2ResourceServerAutoConfiguration:
      Did not match:
         - @ConditionalOnClass did not find required class 'org.springframework.security.config.annotation.web.reactive.EnableWebFluxSecurity' (OnClassCondition)

   ReactiveResilience4JAutoConfiguration.MicrometerReactiveResilience4JCustomizerConfiguration:
      Did not match:
         - @ConditionalOnMissingBean (types: io.github.resilience4j.micrometer.tagged.TaggedCircuitBreakerMetricsPublisher; SearchStrategy: all) found beans of type 'io.github.resilience4j.micrometer.tagged.TaggedCircuitBreakerMetricsPublisher' taggedCircuitBreakerMetricsPublisher (OnBeanCondition)
      Matched:
         - @ConditionalOnClass found required classes 'reactor.core.publisher.Mono', 'reactor.core.publisher.Flux', 'io.github.resilience4j.micrometer.tagged.TaggedCircuitBreakerMetrics', 'io.github.resilience4j.micrometer.tagged.TaggedCircuitBreakerMetricsPublisher' (OnClassCondition)

   ReactiveSecurityAutoConfiguration:
      Did not match:
         - @ConditionalOnClass did not find required class 'org.springframework.security.config.annotation.web.reactive.EnableWebFluxSecurity' (OnClassCondition)

   ReactiveUserDetailsServiceAutoConfiguration:
      Did not match:
         - @ConditionalOnClass did not find required class 'org.springframework.security.authentication.ReactiveAuthenticationManager' (OnClassCondition)

   ReactiveWebServerFactoryAutoConfiguration#forwardedHeaderTransformer:
      Did not match:
         - @ConditionalOnProperty (server.forward-headers-strategy=framework) did not find property 'server.forward-headers-strategy' (OnPropertyCondition)

   ReactiveWebServerFactoryAutoConfiguration#tomcatReactiveWebServerFactoryCustomizer:
      Did not match:
         - @ConditionalOnClass did not find required class 'org.apache.catalina.startup.Tomcat' (OnClassCondition)

   ReactiveWebServerFactoryConfiguration.EmbeddedJetty:
      Did not match:
         - @ConditionalOnClass did not find required classes 'org.eclipse.jetty.server.Server', 'org.eclipse.jetty.ee10.servlet.ServletHolder' (OnClassCondition)

   ReactiveWebServerFactoryConfiguration.EmbeddedTomcat:
      Did not match:
         - @ConditionalOnClass did not find required class 'org.apache.catalina.startup.Tomcat' (OnClassCondition)

   ReactiveWebServerFactoryConfiguration.EmbeddedUndertow:
      Did not match:
         - @ConditionalOnClass did not find required class 'io.undertow.Undertow' (OnClassCondition)

   ReactorLoadBalancerClientAutoConfiguration:
      Did not match:
         - @ConditionalOnBean (types: org.springframework.cloud.client.loadbalancer.reactive.ReactiveLoadBalancer$Factory; SearchStrategy: all) did not find any beans of type org.springframework.cloud.client.loadbalancer.reactive.ReactiveLoadBalancer$Factory (OnBeanCondition)
      Matched:
         - @ConditionalOnClass found required class 'org.springframework.web.reactive.function.client.WebClient' (OnClassCondition)

   RedisHealthContributorAutoConfiguration#redisHealthContributor:
      Did not match:
         - @ConditionalOnMissingBean (names: redisHealthIndicator,redisHealthContributor; SearchStrategy: all) found beans named redisHealthContributor (OnBeanCondition)

   RefreshAutoConfiguration#legacyContextRefresher:
      Did not match:
         - AnyNestedCondition 0 matched 3 did not; NestedCondition on ConditionalOnBootstrapEnabled.OnBootstrapEnabledCondition.OnBootstrapEnabled @ConditionalOnProperty (spring.cloud.bootstrap.enabled) did not find property 'spring.cloud.bootstrap.enabled'; NestedCondition on ConditionalOnBootstrapEnabled.OnBootstrapEnabledCondition.OnUseLegacyProcessingEnabled @ConditionalOnProperty (spring.config.use-legacy-processing) did not find property 'spring.config.use-legacy-processing'; NestedCondition on ConditionalOnBootstrapEnabled.OnBootstrapEnabledCondition.OnBootstrapMarkerClassPresent @ConditionalOnClass did not find required class 'org.springframework.cloud.bootstrap.marker.Marker' (ConditionalOnBootstrapEnabled.OnBootstrapEnabledCondition)

   RefreshAutoConfiguration.JpaInvokerConfiguration:
      Did not match:
         - @ConditionalOnClass did not find required class 'javax.persistence.EntityManagerFactory' (OnClassCondition)

   RefreshEndpointAutoConfiguration.RefreshEndpointConfiguration#refreshEndpoint:
      Did not match:
         - @ConditionalOnAvailableEndpoint no 'management.endpoints' property marked it as exposed (OnAvailableEndpointCondition)
      Matched:
         - @ConditionalOnBean (types: org.springframework.cloud.context.refresh.ContextRefresher; SearchStrategy: all) found bean 'configDataContextRefresher'; @ConditionalOnMissingBean (types: org.springframework.cloud.endpoint.RefreshEndpoint; SearchStrategy: all) did not find any beans (OnBeanCondition)

   RepositoryRestMvcAutoConfiguration:
      Did not match:
         - @ConditionalOnClass did not find required class 'org.springframework.data.rest.webmvc.config.RepositoryRestMvcConfiguration' (OnClassCondition)

   Resilience4JAutoConfiguration.MicrometerResilience4JCustomizerConfiguration:
      Did not match:
         - @ConditionalOnMissingBean (types: io.github.resilience4j.micrometer.tagged.TaggedCircuitBreakerMetricsPublisher; SearchStrategy: all) found beans of type 'io.github.resilience4j.micrometer.tagged.TaggedCircuitBreakerMetricsPublisher' taggedCircuitBreakerMetricsPublisher (OnBeanCondition)
      Matched:
         - @ConditionalOnClass found required classes 'io.github.resilience4j.micrometer.tagged.TaggedCircuitBreakerMetrics', 'io.github.resilience4j.micrometer.tagged.TaggedCircuitBreakerMetricsPublisher' (OnClassCondition)

   ResourceServerTokenRelayAutoConfiguration:
      Did not match:
         - not a servlet web application (OnWebApplicationCondition)
      Matched:
         - @ConditionalOnClass found required class 'org.springframework.web.servlet.config.annotation.WebMvcConfigurer' (OnClassCondition)

   RestClientAutoConfiguration:
      Did not match:
         - NoneNestedConditions 1 matched 0 did not; NestedCondition on NotReactiveWebApplicationCondition.ReactiveWebApplication found ConfigurableReactiveWebEnvironment (NotReactiveWebApplicationCondition)
      Matched:
         - @ConditionalOnClass found required class 'org.springframework.web.client.RestClient' (OnClassCondition)

   RestClientObservationConfiguration:
      Did not match:
         - @ConditionalOnBean (types: org.springframework.web.client.RestClient$Builder; SearchStrategy: all) did not find any beans of type org.springframework.web.client.RestClient$Builder (OnBeanCondition)
      Matched:
         - @ConditionalOnClass found required class 'org.springframework.web.client.RestClient' (OnClassCondition)

   RestTemplateAutoConfiguration:
      Did not match:
         - NoneNestedConditions 1 matched 0 did not; NestedCondition on NotReactiveWebApplicationCondition.ReactiveWebApplication found ConfigurableReactiveWebEnvironment (NotReactiveWebApplicationCondition)
      Matched:
         - @ConditionalOnClass found required class 'org.springframework.web.client.RestTemplate' (OnClassCondition)

   RestTemplateObservationConfiguration:
      Did not match:
         - @ConditionalOnBean (types: org.springframework.boot.web.client.RestTemplateBuilder; SearchStrategy: all) did not find any beans of type org.springframework.boot.web.client.RestTemplateBuilder (OnBeanCondition)
      Matched:
         - @ConditionalOnClass found required class 'org.springframework.web.client.RestTemplate' (OnClassCondition)

   RestartEndpointWithIntegrationConfiguration:
      Did not match:
         - @ConditionalOnClass did not find required class 'org.springframework.integration.monitor.IntegrationMBeanExporter' (OnClassCondition)

   RestartEndpointWithoutIntegrationConfiguration#restartEndpointWithoutIntegration:
      Did not match:
         - @ConditionalOnAvailableEndpoint no property management.endpoint.restart.enabled found so using endpoint default of false (OnAvailableEndpointCondition)

   RetryAutoConfiguration.RetryAutoEndpointConfiguration#retryEndpoint:
      Did not match:
         - @ConditionalOnAvailableEndpoint no 'management.endpoints' property marked it as exposed (OnAvailableEndpointCondition)

   RetryAutoConfiguration.RetryAutoEndpointConfiguration#retryEventsEndpoint:
      Did not match:
         - @ConditionalOnAvailableEndpoint no 'management.endpoints' property marked it as exposed (OnAvailableEndpointCondition)

   RetryMetricsAutoConfiguration#registerRetryMetrics:
      Did not match:
         - @ConditionalOnProperty (resilience4j.retry.metrics.legacy.enabled=true) did not find property 'resilience4j.retry.metrics.legacy.enabled' (OnPropertyCondition)

   Saml2RelyingPartyAutoConfiguration:
      Did not match:
         - @ConditionalOnClass did not find required class 'org.springframework.security.saml2.provider.service.registration.RelyingPartyRegistrationRepository' (OnClassCondition)

   SbomEndpointAutoConfiguration:
      Did not match:
         - @ConditionalOnAvailableEndpoint no 'management.endpoints' property marked it as exposed (OnAvailableEndpointCondition)

   ScheduledTasksEndpointAutoConfiguration:
      Did not match:
         - @ConditionalOnAvailableEndpoint no 'management.endpoints' property marked it as exposed (OnAvailableEndpointCondition)

   SecurityAutoConfiguration:
      Did not match:
         - @ConditionalOnClass did not find required class 'org.springframework.security.authentication.DefaultAuthenticationEventPublisher' (OnClassCondition)

   SecurityFilterAutoConfiguration:
      Did not match:
         - @ConditionalOnClass did not find required class 'org.springframework.security.config.http.SessionCreationPolicy' (OnClassCondition)

   SecurityRequestMatchersManagementContextConfiguration:
      Did not match:
         - @ConditionalOnClass did not find required class 'org.springframework.security.web.util.matcher.RequestMatcher' (OnClassCondition)

   SendGridAutoConfiguration:
      Did not match:
         - @ConditionalOnClass did not find required class 'com.sendgrid.SendGrid' (OnClassCondition)

   ServiceRegistryAutoConfiguration.ServiceRegistryEndpointConfiguration:
      Did not match:
         - @ConditionalOnBean (types: org.springframework.cloud.client.serviceregistry.ServiceRegistry; SearchStrategy: all) did not find any beans of type org.springframework.cloud.client.serviceregistry.ServiceRegistry (OnBeanCondition)
      Matched:
         - @ConditionalOnClass found required class 'org.springframework.boot.actuate.endpoint.annotation.Endpoint' (OnClassCondition)

   ServletEndpointManagementContextConfiguration:
      Did not match:
         - not a servlet web application (OnWebApplicationCondition)

   ServletManagementContextAutoConfiguration:
      Did not match:
         - @ConditionalOnClass did not find required class 'jakarta.servlet.Servlet' (OnClassCondition)

   ServletWebServerFactoryAutoConfiguration:
      Did not match:
         - @ConditionalOnClass did not find required class 'jakarta.servlet.ServletRequest' (OnClassCondition)

   SessionAutoConfiguration:
      Did not match:
         - @ConditionalOnClass did not find required class 'org.springframework.session.Session' (OnClassCondition)

   SessionsEndpointAutoConfiguration:
      Did not match:
         - @ConditionalOnClass did not find required class 'org.springframework.session.Session' (OnClassCondition)

   ShutdownEndpointAutoConfiguration:
      Did not match:
         - @ConditionalOnAvailableEndpoint no property management.endpoint.shutdown.enabled found so using endpoint default of false (OnAvailableEndpointCondition)

   SignalFxMetricsExportAutoConfiguration:
      Did not match:
         - @ConditionalOnClass did not find required class 'io.micrometer.signalfx.SignalFxMeterRegistry' (OnClassCondition)

   SpringApplicationAdminJmxAutoConfiguration:
      Did not match:
         - @ConditionalOnProperty (spring.application.admin.enabled=true) did not find property 'enabled' (OnPropertyCondition)

   SpringDataWebAutoConfiguration:
      Did not match:
         - not a servlet web application (OnWebApplicationCondition)
      Matched:
         - @ConditionalOnClass found required classes 'org.springframework.data.web.PageableHandlerMethodArgumentResolver', 'org.springframework.web.servlet.config.annotation.WebMvcConfigurer' (OnClassCondition)

   SpringDocConfiguration#propertiesResolverForSchema:
      Did not match:
         - @ConditionalOnProperty (springdoc.api-docs.resolve-schema-properties) did not find property 'springdoc.api-docs.resolve-schema-properties' (OnPropertyCondition)

   SpringDocConfiguration#propertyCustomizingConverter:
      Did not match:
         - @ConditionalOnBean (types: org.springdoc.core.customizers.PropertyCustomizer; SearchStrategy: all) did not find any beans of type org.springdoc.core.customizers.PropertyCustomizer (OnBeanCondition)

   SpringDocConfiguration#springdocBeanFactoryPostProcessor:
      Did not match:
         - AnyNestedCondition 0 matched 2 did not; NestedCondition on CacheOrGroupedOpenApiCondition.OnCacheDisabled found non-matching nested conditions @ConditionalOnProperty (springdoc.cache.disabled) did not find property 'springdoc.cache.disabled'; NestedCondition on CacheOrGroupedOpenApiCondition.OnMultipleOpenApiSupportCondition AnyNestedCondition 0 matched 2 did not; NestedCondition on MultipleOpenApiSupportCondition.OnActuatorDifferentPort found non-matching nested conditions Management Port actual port type (SAME) did not match required type (DIFFERENT), @ConditionalOnProperty (springdoc.show-actuator) did not find property 'springdoc.show-actuator'; NestedCondition on MultipleOpenApiSupportCondition.OnMultipleOpenApiSupportCondition AnyNestedCondition 0 matched 2 did not; NestedCondition on MultipleOpenApiGroupsCondition.OnGroupConfigProperty @ConditionalOnProperty (springdoc.group-configs[0].group) did not find property 'springdoc.group-configs[0].group'; NestedCondition on MultipleOpenApiGroupsCondition.OnGroupedOpenApiBean @ConditionalOnBean (types: org.springdoc.core.models.GroupedOpenApi; SearchStrategy: all) did not find any beans of type org.springdoc.core.models.GroupedOpenApi (CacheOrGroupedOpenApiCondition)
      Matched:
         - @ConditionalOnClass found required class 'org.springframework.boot.context.properties.bind.BindResult' (OnClassCondition)

   SpringDocConfiguration#springdocBeanFactoryPostProcessor2:
      Did not match:
         - @ConditionalOnMissingClass found unwanted class 'org.springframework.boot.context.properties.bind.BindResult' (OnClassCondition)

   SpringDocConfiguration.SpringDocActuatorConfiguration:
      Did not match:
         - @ConditionalOnProperty (springdoc.show-actuator) did not find property 'springdoc.show-actuator' (OnPropertyCondition)
      Matched:
         - @ConditionalOnClass found required class 'org.springframework.boot.actuate.autoconfigure.endpoint.web.WebEndpointProperties' (OnClassCondition)

   SpringDocConfiguration.SpringDocRepositoryRestConfiguration:
      Did not match:
         - @ConditionalOnClass did not find required class 'org.springframework.data.rest.core.config.RepositoryRestConfiguration' (OnClassCondition)

   SpringDocDataRestConfiguration:
      Did not match:
         - @ConditionalOnClass did not find required class 'org.springframework.data.rest.core.config.RepositoryRestConfiguration' (OnClassCondition)

   SpringDocFunctionCatalogConfiguration:
      Did not match:
         - @ConditionalOnClass did not find required class 'org.springframework.cloud.function.web.function.FunctionEndpointInitializer' (OnClassCondition)

   SpringDocGroovyConfiguration:
      Did not match:
         - @ConditionalOnClass did not find required class 'groovy.lang.MetaClass' (OnClassCondition)

   SpringDocHateoasConfiguration:
      Did not match:
         - @ConditionalOnClass did not find required class 'org.springframework.hateoas.server.LinkRelationProvider' (OnClassCondition)

   SpringDocJacksonKotlinModuleConfiguration:
      Did not match:
         - @ConditionalOnClass did not find required class 'com.fasterxml.jackson.module.kotlin.KotlinModule' (OnClassCondition)

   SpringDocJavadocConfiguration:
      Did not match:
         - @ConditionalOnClass did not find required class 'com.github.therapi.runtimejavadoc.CommentFormatter' (OnClassCondition)

   SpringDocKotlinConfiguration:
      Did not match:
         - @ConditionalOnClass did not find required class 'kotlin.coroutines.Continuation' (OnClassCondition)

   SpringDocKotlinxConfiguration:
      Did not match:
         - @ConditionalOnClass did not find required class 'kotlinx.coroutines.flow.Flow' (OnClassCondition)

   SpringDocSecurityConfiguration:
      Did not match:
         - @ConditionalOnClass did not find required class 'org.springframework.security.web.SecurityFilterChain' (OnClassCondition)

   SpringDocSortConfiguration#delegatingMethodParameterCustomizer:
      Did not match:
         - @ConditionalOnMissingBean (types: org.springdoc.core.customizers.DelegatingMethodParameterCustomizer; SearchStrategy: all) found beans of type 'org.springdoc.core.customizers.DelegatingMethodParameterCustomizer' delegatingMethodParameterCustomizer (OnBeanCondition)

   SpringDocWebMvcConfiguration:
      Did not match:
         - not a servlet web application (OnWebApplicationCondition)

   StackdriverMetricsExportAutoConfiguration:
      Did not match:
         - @ConditionalOnClass did not find required class 'io.micrometer.stackdriver.StackdriverMeterRegistry' (OnClassCondition)

   StartupEndpointAutoConfiguration:
      Did not match:
         - ApplicationStartup configured applicationStartup is of type class org.springframework.core.metrics.DefaultApplicationStartup, expected BufferingApplicationStartup. (StartupEndpointAutoConfiguration.ApplicationStartupCondition)

   StatsdMetricsExportAutoConfiguration:
      Did not match:
         - @ConditionalOnClass did not find required class 'io.micrometer.statsd.StatsdMeterRegistry' (OnClassCondition)

   SwaggerConfig:
      Did not match:
         - not a servlet web application (OnWebApplicationCondition)

   TaskExecutorConfigurations.SimpleAsyncTaskExecutorBuilderConfiguration#simpleAsyncTaskExecutorBuilderVirtualThreads:
      Did not match:
         - @ConditionalOnMissingBean (types: org.springframework.boot.task.SimpleAsyncTaskExecutorBuilder; SearchStrategy: all) found beans of type 'org.springframework.boot.task.SimpleAsyncTaskExecutorBuilder' simpleAsyncTaskExecutorBuilder (OnBeanCondition)

   TaskExecutorConfigurations.TaskExecutorConfiguration#applicationTaskExecutorVirtualThreads:
      Did not match:
         - @ConditionalOnThreading did not find VIRTUAL (OnThreadingCondition)

   TaskSchedulingAutoConfiguration#scheduledBeanLazyInitializationExcludeFilter:
      Did not match:
         - @ConditionalOnBean (names: org.springframework.context.annotation.internalScheduledAnnotationProcessor; SearchStrategy: all) did not find any beans named org.springframework.context.annotation.internalScheduledAnnotationProcessor (OnBeanCondition)

   TaskSchedulingConfigurations.SimpleAsyncTaskSchedulerBuilderConfiguration#simpleAsyncTaskSchedulerBuilderVirtualThreads:
      Did not match:
         - @ConditionalOnMissingBean (types: org.springframework.boot.task.SimpleAsyncTaskSchedulerBuilder; SearchStrategy: all) found beans of type 'org.springframework.boot.task.SimpleAsyncTaskSchedulerBuilder' simpleAsyncTaskSchedulerBuilder (OnBeanCondition)

   TaskSchedulingConfigurations.TaskSchedulerConfiguration:
      Did not match:
         - @ConditionalOnBean (names: org.springframework.context.annotation.internalScheduledAnnotationProcessor; SearchStrategy: all) did not find any beans named org.springframework.context.annotation.internalScheduledAnnotationProcessor (OnBeanCondition)

   ThreadDumpEndpointAutoConfiguration:
      Did not match:
         - @ConditionalOnAvailableEndpoint no 'management.endpoints' property marked it as exposed (OnAvailableEndpointCondition)

   ThreadPoolBulkheadMetricsAutoConfiguration#registerThreadPoolBulkheadMetrics:
      Did not match:
         - @ConditionalOnProperty (resilience4j.thread-pool-bulkhead.metrics.legacy.enabled=true) did not find property 'resilience4j.thread-pool-bulkhead.metrics.legacy.enabled' (OnPropertyCondition)

   ThymeleafAutoConfiguration:
      Did not match:
         - @ConditionalOnClass did not find required class 'org.thymeleaf.spring6.SpringTemplateEngine' (OnClassCondition)

   TimeLimiterAutoConfiguration.TimeLimiterAutoEndpointConfiguration#timeLimiterEndpoint:
      Did not match:
         - @ConditionalOnAvailableEndpoint no 'management.endpoints' property marked it as exposed (OnAvailableEndpointCondition)

   TimeLimiterAutoConfiguration.TimeLimiterAutoEndpointConfiguration#timeLimiterEventsEndpoint:
      Did not match:
         - @ConditionalOnAvailableEndpoint no 'management.endpoints' property marked it as exposed (OnAvailableEndpointCondition)

   TimeLimiterMetricsAutoConfiguration#registerTimeLimiterMetrics:
      Did not match:
         - @ConditionalOnProperty (resilience4j.timelimiter.metrics.legacy.enabled=true) did not find property 'resilience4j.timelimiter.metrics.legacy.enabled' (OnPropertyCondition)

   TomcatMetricsAutoConfiguration:
      Did not match:
         - @ConditionalOnClass did not find required class 'org.apache.catalina.Manager' (OnClassCondition)

   TransactionAutoConfiguration#transactionalOperator:
      Did not match:
         - @ConditionalOnSingleCandidate (types: org.springframework.transaction.ReactiveTransactionManager; SearchStrategy: all) did not find any beans (OnBeanCondition)

   TransactionAutoConfiguration.AspectJTransactionManagementConfiguration:
      Did not match:
         - @ConditionalOnBean did not find required type 'org.springframework.transaction.aspectj.AbstractTransactionAspect' (OnBeanCondition)
         - @ConditionalOnBean (types: org.springframework.transaction.aspectj.AbstractTransactionAspect; SearchStrategy: all) did not find any beans of type org.springframework.transaction.aspectj.AbstractTransactionAspect (OnBeanCondition)

   TransactionAutoConfiguration.EnableTransactionManagementConfiguration:
      Did not match:
         - @ConditionalOnBean (types: org.springframework.transaction.TransactionManager; SearchStrategy: all) did not find any beans of type org.springframework.transaction.TransactionManager (OnBeanCondition)

   TransactionAutoConfiguration.EnableTransactionManagementConfiguration.CglibAutoProxyConfiguration:
      Did not match:
         - Ancestor org.springframework.boot.autoconfigure.transaction.TransactionAutoConfiguration$EnableTransactionManagementConfiguration did not match (ConditionEvaluationReport.AncestorsMatchedCondition)
      Matched:
         - @ConditionalOnProperty (spring.aop.proxy-target-class=true) matched (OnPropertyCondition)

   TransactionAutoConfiguration.EnableTransactionManagementConfiguration.JdkDynamicAutoProxyConfiguration:
      Did not match:
         - @ConditionalOnProperty (spring.aop.proxy-target-class=false) did not find property 'proxy-target-class' (OnPropertyCondition)
         - Ancestor org.springframework.boot.autoconfigure.transaction.TransactionAutoConfiguration$EnableTransactionManagementConfiguration did not match (ConditionEvaluationReport.AncestorsMatchedCondition)

   TransactionAutoConfiguration.TransactionTemplateConfiguration:
      Did not match:
         - @ConditionalOnSingleCandidate (types: org.springframework.transaction.PlatformTransactionManager; SearchStrategy: all) did not find any beans (OnBeanCondition)

   UserDetailsServiceAutoConfiguration:
      Did not match:
         - @ConditionalOnClass did not find required class 'org.springframework.security.authentication.AuthenticationManager' (OnClassCondition)

   WavefrontAutoConfiguration:
      Did not match:
         - @ConditionalOnClass did not find required class 'com.wavefront.sdk.common.application.ApplicationTags' (OnClassCondition)

   WavefrontMetricsExportAutoConfiguration:
      Did not match:
         - @ConditionalOnClass did not find required class 'com.wavefront.sdk.common.WavefrontSender' (OnClassCondition)

   WavefrontTracingAutoConfiguration:
      Did not match:
         - @ConditionalOnClass did not find required class 'com.wavefront.sdk.common.WavefrontSender' (OnClassCondition)

   WebEndpointAutoConfiguration.WebEndpointServletConfiguration:
      Did not match:
         - not a servlet web application (OnWebApplicationCondition)

   WebFluxAutoConfiguration#hiddenHttpMethodFilter:
      Did not match:
         - @ConditionalOnProperty (spring.webflux.hiddenmethod.filter.enabled) found different value in property 'enabled' (OnPropertyCondition)

   WebFluxAutoConfiguration.ProblemDetailsErrorHandlingConfiguration:
      Did not match:
         - @ConditionalOnProperty (spring.webflux.problemdetails.enabled=true) did not find property 'enabled' (OnPropertyCondition)

   WebFluxAutoConfiguration.ResourceChainCustomizerConfiguration:
      Did not match:
         - @ConditionalOnEnabledResourceChain did not find class org.webjars.WebJarAssetLocator (OnEnabledResourceChainCondition)

   WebFluxEndpointManagementContextConfiguration#managementHealthEndpointWebFluxHandlerMapping:
      Did not match:
         - Management Port actual port type (SAME) did not match required type (DIFFERENT) (OnManagementPortCondition)

   WebMvcAutoConfiguration:
      Did not match:
         - @ConditionalOnClass did not find required class 'jakarta.servlet.Servlet' (OnClassCondition)

   WebMvcEndpointManagementContextConfiguration:
      Did not match:
         - @ConditionalOnClass did not find required class 'org.springframework.web.servlet.DispatcherServlet' (OnClassCondition)

   WebMvcObservationAutoConfiguration:
      Did not match:
         - @ConditionalOnClass did not find required class 'org.springframework.web.servlet.DispatcherServlet' (OnClassCondition)

   WebServiceTemplateAutoConfiguration:
      Did not match:
         - @ConditionalOnClass did not find required class 'org.springframework.ws.client.core.WebServiceTemplate' (OnClassCondition)

   WebServicesAutoConfiguration:
      Did not match:
         - @ConditionalOnClass did not find required class 'org.springframework.ws.transport.http.MessageDispatcherServlet' (OnClassCondition)

   WebSocketMessagingAutoConfiguration:
      Did not match:
         - @ConditionalOnClass did not find required class 'org.springframework.web.socket.config.annotation.WebSocketMessageBrokerConfigurer' (OnClassCondition)

   WebSocketReactiveAutoConfiguration:
      Did not match:
         - @ConditionalOnClass did not find required class 'jakarta.servlet.Servlet' (OnClassCondition)

   WebSocketServletAutoConfiguration:
      Did not match:
         - @ConditionalOnClass did not find required class 'jakarta.servlet.Servlet' (OnClassCondition)

   WritableEnvironmentEndpointAutoConfiguration:
      Did not match:
         - @ConditionalOnProperty (management.endpoint.env.post.enabled) did not find property 'management.endpoint.env.post.enabled' (OnPropertyCondition)
      Matched:
         - @ConditionalOnClass found required classes 'org.springframework.boot.actuate.env.EnvironmentEndpoint', 'org.springframework.boot.actuate.autoconfigure.env.EnvironmentEndpointProperties' (OnClassCondition)

   XADataSourceAutoConfiguration:
      Did not match:
         - @ConditionalOnClass did not find required class 'jakarta.transaction.TransactionManager' (OnClassCondition)

   ZipkinAutoConfiguration:
      Did not match:
         - @ConditionalOnClass did not find required class 'zipkin2.reporter.Encoding' (OnClassCondition)


Exclusions:
-----------

    None


Unconditional classes:
----------------------

    org.springframework.boot.autoconfigure.context.ConfigurationPropertiesAutoConfiguration

    org.springframework.cloud.client.ReactiveCommonsClientAutoConfiguration

    org.springframework.boot.actuate.autoconfigure.availability.AvailabilityHealthContributorAutoConfiguration

    org.springframework.boot.autoconfigure.ssl.SslAutoConfiguration

    org.springframework.boot.actuate.autoconfigure.info.InfoContributorAutoConfiguration

    org.springframework.cloud.client.discovery.simple.SimpleDiscoveryClientAutoConfiguration

    org.springframework.boot.autoconfigure.context.PropertyPlaceholderAutoConfiguration

    org.springframework.boot.autoconfigure.context.LifecycleAutoConfiguration

    org.springframework.cloud.client.CommonsClientAutoConfiguration

    org.springframework.boot.actuate.autoconfigure.metrics.integration.IntegrationMetricsAutoConfiguration

    org.springframework.boot.actuate.autoconfigure.endpoint.EndpointAutoConfiguration

    org.springframework.cloud.commons.config.CommonsConfigAutoConfiguration

    org.springframework.boot.actuate.autoconfigure.web.server.ManagementContextAutoConfiguration

    org.springframework.cloud.client.loadbalancer.LoadBalancerDefaultMappingsProviderAutoConfiguration

    org.springframework.cloud.client.discovery.composite.CompositeDiscoveryClientAutoConfiguration

    org.springframework.boot.actuate.autoconfigure.health.HealthContributorAutoConfiguration

    org.springframework.cloud.client.serviceregistry.ServiceRegistryAutoConfiguration

    org.springframework.cloud.autoconfigure.LifecycleMvcEndpointAutoConfiguration

    org.springframework.boot.actuate.autoconfigure.endpoint.jackson.JacksonEndpointAutoConfiguration

    org.springframework.boot.autoconfigure.availability.ApplicationAvailabilityAutoConfiguration

    org.springframework.boot.autoconfigure.info.ProjectInfoAutoConfiguration



2026-05-13T07:28:32.832+07:00  INFO 27588 --- [api-gateway] [           main] v.l.apigateway.ApiGatewayApplication     : Started ApiGatewayApplication in 12.669 seconds (process running for 13.59)
2026-05-13T07:28:32.836+07:00 DEBUG 27588 --- [api-gateway] [           main] o.s.b.a.ApplicationAvailabilityBean      : Application availability state LivenessState changed to CORRECT
2026-05-13T07:28:32.839+07:00 DEBUG 27588 --- [api-gateway] [           main] o.s.b.a.ApplicationAvailabilityBean      : Application availability state ReadinessState changed to ACCEPTING_TRAFFIC
2026-05-13T07:28:56.919+07:00 DEBUG 27588 --- [api-gateway] [ctor-http-nio-4] o.s.w.s.adapter.HttpWebHandlerAdapter    : [4dcda256-1] HTTP POST "/auth/access-token"
2026-05-13T07:28:57.723+07:00 DEBUG 27588 --- [api-gateway] [ctor-http-nio-4] o.s.w.s.adapter.HttpWebHandlerAdapter    : [4dcda256-1] Completed 200 OK
2026-05-13T07:28:57.764+07:00 DEBUG 27588 --- [api-gateway] [ctor-http-nio-4] o.s.w.s.adapter.HttpWebHandlerAdapter    : [4dcda256-2] HTTP GET "/account/families/9001"
2026-05-13T07:28:57.837+07:00 DEBUG 27588 --- [api-gateway] [ctor-http-nio-4] o.s.w.r.f.client.ExchangeFunctions       : [50f0d202] HTTP GET http://localhost:8081/roles/users/2/access
2026-05-13T07:28:57.939+07:00 DEBUG 27588 --- [api-gateway] [ctor-http-nio-4] o.s.w.r.f.client.ExchangeFunctions       : [50f0d202] [1a984f01-1, L:/127.0.0.1:64469 - R:localhost/127.0.0.1:8081] Response 200 OK
2026-05-13T07:28:57.980+07:00 DEBUG 27588 --- [api-gateway] [ctor-http-nio-4] o.s.http.codec.json.Jackson2JsonDecoder  : [50f0d202] [1a984f01-1, L:/127.0.0.1:64469 - R:localhost/127.0.0.1:8081] Decoded [UserAccessResponse[admin=true, apiPermissions=[ApiPermissionRule[method=POST, path=/auth/roles/permi (truncated)...]
2026-05-13T07:28:58.208+07:00 DEBUG 27588 --- [api-gateway] [ctor-http-nio-4] o.s.w.s.adapter.HttpWebHandlerAdapter    : [4dcda256-2] Completed 200 OK
2026-05-13T07:28:58.218+07:00 DEBUG 27588 --- [api-gateway] [ctor-http-nio-4] o.s.w.s.adapter.HttpWebHandlerAdapter    : [4dcda256-3] HTTP GET "/expense/budgets?familyId=9001"
2026-05-13T07:28:58.221+07:00 DEBUG 27588 --- [api-gateway] [ctor-http-nio-4] o.s.w.r.f.client.ExchangeFunctions       : [7c8f01f8] HTTP GET http://localhost:8081/roles/users/2/access
2026-05-13T07:28:58.266+07:00 DEBUG 27588 --- [api-gateway] [ctor-http-nio-4] o.s.w.r.f.client.ExchangeFunctions       : [7c8f01f8] [1a984f01-2, L:/127.0.0.1:64469 - R:localhost/127.0.0.1:8081] Response 200 OK
2026-05-13T07:28:58.268+07:00 DEBUG 27588 --- [api-gateway] [ctor-http-nio-4] o.s.http.codec.json.Jackson2JsonDecoder  : [7c8f01f8] [1a984f01-2, L:/127.0.0.1:64469 - R:localhost/127.0.0.1:8081] Decoded [UserAccessResponse[admin=true, apiPermissions=[ApiPermissionRule[method=POST, path=/auth/roles/permi (truncated)...]
2026-05-13T07:28:58.462+07:00 DEBUG 27588 --- [api-gateway] [ctor-http-nio-4] o.s.w.s.adapter.HttpWebHandlerAdapter    : [4dcda256-3] Completed 200 OK
2026-05-13T07:28:58.470+07:00 DEBUG 27588 --- [api-gateway] [ctor-http-nio-4] o.s.w.s.adapter.HttpWebHandlerAdapter    : [4dcda256-4] HTTP GET "/meal/meal-plans/today?familyId=9001"
2026-05-13T07:28:58.474+07:00 DEBUG 27588 --- [api-gateway] [ctor-http-nio-4] o.s.w.r.f.client.ExchangeFunctions       : [1dac6c94] HTTP GET http://localhost:8081/roles/users/2/access
2026-05-13T07:28:58.521+07:00 DEBUG 27588 --- [api-gateway] [ctor-http-nio-4] o.s.w.r.f.client.ExchangeFunctions       : [1dac6c94] [1a984f01-3, L:/127.0.0.1:64469 - R:localhost/127.0.0.1:8081] Response 200 OK
2026-05-13T07:28:58.525+07:00 DEBUG 27588 --- [api-gateway] [ctor-http-nio-4] o.s.http.codec.json.Jackson2JsonDecoder  : [1dac6c94] [1a984f01-3, L:/127.0.0.1:64469 - R:localhost/127.0.0.1:8081] Decoded [UserAccessResponse[admin=true, apiPermissions=[ApiPermissionRule[method=POST, path=/auth/roles/permi (truncated)...]
2026-05-13T07:28:59.073+07:00 DEBUG 27588 --- [api-gateway] [ctor-http-nio-4] o.s.w.s.adapter.HttpWebHandlerAdapter    : [4dcda256-4] Completed 200 OK
2026-05-13T07:28:59.075+07:00 DEBUG 27588 --- [api-gateway] [ctor-http-nio-4] o.s.w.s.adapter.HttpWebHandlerAdapter    : [4dcda256-5] HTTP GET "/baby/babies?familyId=9001"
2026-05-13T07:28:59.079+07:00 DEBUG 27588 --- [api-gateway] [ctor-http-nio-4] o.s.w.r.f.client.ExchangeFunctions       : [21994674] HTTP GET http://localhost:8081/roles/users/2/access
2026-05-13T07:28:59.121+07:00 DEBUG 27588 --- [api-gateway] [ctor-http-nio-4] o.s.w.r.f.client.ExchangeFunctions       : [21994674] [1a984f01-4, L:/127.0.0.1:64469 - R:localhost/127.0.0.1:8081] Response 200 OK
2026-05-13T07:28:59.123+07:00 DEBUG 27588 --- [api-gateway] [ctor-http-nio-4] o.s.http.codec.json.Jackson2JsonDecoder  : [21994674] [1a984f01-4, L:/127.0.0.1:64469 - R:localhost/127.0.0.1:8081] Decoded [UserAccessResponse[admin=true, apiPermissions=[ApiPermissionRule[method=POST, path=/auth/roles/permi (truncated)...]
2026-05-13T07:28:59.308+07:00 DEBUG 27588 --- [api-gateway] [ctor-http-nio-4] o.s.w.s.adapter.HttpWebHandlerAdapter    : [4dcda256-5] Completed 200 OK
2026-05-13T07:28:59.310+07:00 DEBUG 27588 --- [api-gateway] [ctor-http-nio-4] o.s.w.s.adapter.HttpWebHandlerAdapter    : [4dcda256-6] HTTP GET "/task/tasks?familyId=9001"
2026-05-13T07:28:59.315+07:00 DEBUG 27588 --- [api-gateway] [ctor-http-nio-4] o.s.w.r.f.client.ExchangeFunctions       : [3cc41848] HTTP GET http://localhost:8081/roles/users/2/access
2026-05-13T07:28:59.356+07:00 DEBUG 27588 --- [api-gateway] [ctor-http-nio-4] o.s.w.r.f.client.ExchangeFunctions       : [3cc41848] [1a984f01-5, L:/127.0.0.1:64469 - R:localhost/127.0.0.1:8081] Response 200 OK
2026-05-13T07:28:59.357+07:00 DEBUG 27588 --- [api-gateway] [ctor-http-nio-4] o.s.http.codec.json.Jackson2JsonDecoder  : [3cc41848] [1a984f01-5, L:/127.0.0.1:64469 - R:localhost/127.0.0.1:8081] Decoded [UserAccessResponse[admin=true, apiPermissions=[ApiPermissionRule[method=POST, path=/auth/roles/permi (truncated)...]
2026-05-13T07:28:59.572+07:00 DEBUG 27588 --- [api-gateway] [ctor-http-nio-4] o.s.w.s.adapter.HttpWebHandlerAdapter    : [4dcda256-6] Completed 200 OK
2026-05-13T07:28:59.574+07:00 DEBUG 27588 --- [api-gateway] [ctor-http-nio-4] o.s.w.s.adapter.HttpWebHandlerAdapter    : [4dcda256-7] HTTP GET "/shopping/shopping-items?familyId=9001"
2026-05-13T07:28:59.578+07:00 DEBUG 27588 --- [api-gateway] [ctor-http-nio-4] o.s.w.r.f.client.ExchangeFunctions       : [731f0cca] HTTP GET http://localhost:8081/roles/users/2/access
2026-05-13T07:28:59.624+07:00 DEBUG 27588 --- [api-gateway] [ctor-http-nio-4] o.s.w.r.f.client.ExchangeFunctions       : [731f0cca] [1a984f01-6, L:/127.0.0.1:64469 - R:localhost/127.0.0.1:8081] Response 200 OK
2026-05-13T07:28:59.626+07:00 DEBUG 27588 --- [api-gateway] [ctor-http-nio-4] o.s.http.codec.json.Jackson2JsonDecoder  : [731f0cca] [1a984f01-6, L:/127.0.0.1:64469 - R:localhost/127.0.0.1:8081] Decoded [UserAccessResponse[admin=true, apiPermissions=[ApiPermissionRule[method=POST, path=/auth/roles/permi (truncated)...]
2026-05-13T07:28:59.819+07:00 DEBUG 27588 --- [api-gateway] [ctor-http-nio-4] o.s.w.s.adapter.HttpWebHandlerAdapter    : [4dcda256-7] Completed 200 OK
2026-05-13T07:28:59.821+07:00 DEBUG 27588 --- [api-gateway] [ctor-http-nio-4] o.s.w.s.adapter.HttpWebHandlerAdapter    : [4dcda256-8] HTTP GET "/insight/insights/dashboard?familyId=9001"
2026-05-13T07:28:59.824+07:00 DEBUG 27588 --- [api-gateway] [ctor-http-nio-4] o.s.w.r.f.client.ExchangeFunctions       : [49e63681] HTTP GET http://localhost:8081/roles/users/2/access
2026-05-13T07:28:59.865+07:00 DEBUG 27588 --- [api-gateway] [ctor-http-nio-4] o.s.w.r.f.client.ExchangeFunctions       : [49e63681] [1a984f01-7, L:/127.0.0.1:64469 - R:localhost/127.0.0.1:8081] Response 200 OK
2026-05-13T07:28:59.867+07:00 DEBUG 27588 --- [api-gateway] [ctor-http-nio-4] o.s.http.codec.json.Jackson2JsonDecoder  : [49e63681] [1a984f01-7, L:/127.0.0.1:64469 - R:localhost/127.0.0.1:8081] Decoded [UserAccessResponse[admin=true, apiPermissions=[ApiPermissionRule[method=POST, path=/auth/roles/permi (truncated)...]
2026-05-13T07:29:00.084+07:00 DEBUG 27588 --- [api-gateway] [ctor-http-nio-4] o.s.w.s.adapter.HttpWebHandlerAdapter    : [4dcda256-8] Completed 200 OK
2026-05-13T07:29:00.085+07:00 DEBUG 27588 --- [api-gateway] [ctor-http-nio-4] o.s.w.s.adapter.HttpWebHandlerAdapter    : [4dcda256-9] HTTP GET "/notification/api/notifications?familyId=9001"
2026-05-13T07:29:00.089+07:00 DEBUG 27588 --- [api-gateway] [ctor-http-nio-4] o.s.w.r.f.client.ExchangeFunctions       : [a3e1aa9] HTTP GET http://localhost:8081/roles/users/2/access
2026-05-13T07:29:00.130+07:00 DEBUG 27588 --- [api-gateway] [ctor-http-nio-4] o.s.w.r.f.client.ExchangeFunctions       : [a3e1aa9] [1a984f01-8, L:/127.0.0.1:64469 - R:localhost/127.0.0.1:8081] Response 200 OK
2026-05-13T07:29:00.132+07:00 DEBUG 27588 --- [api-gateway] [ctor-http-nio-4] o.s.http.codec.json.Jackson2JsonDecoder  : [a3e1aa9] [1a984f01-8, L:/127.0.0.1:64469 - R:localhost/127.0.0.1:8081] Decoded [UserAccessResponse[admin=true, apiPermissions=[ApiPermissionRule[method=POST, path=/auth/roles/permi (truncated)...]
2026-05-13T07:29:00.242+07:00 DEBUG 27588 --- [api-gateway] [ctor-http-nio-4] o.s.w.s.adapter.HttpWebHandlerAdapter    : [4dcda256-9] Completed 200 OK
2026-05-13T07:29:00.244+07:00 DEBUG 27588 --- [api-gateway] [ctor-http-nio-4] o.s.w.s.adapter.HttpWebHandlerAdapter    : [4dcda256-10] HTTP GET "/file/files?familyId=9001"
2026-05-13T07:29:00.249+07:00 DEBUG 27588 --- [api-gateway] [ctor-http-nio-4] o.s.w.r.f.client.ExchangeFunctions       : [6afe780e] HTTP GET http://localhost:8081/roles/users/2/access
2026-05-13T07:29:00.287+07:00 DEBUG 27588 --- [api-gateway] [ctor-http-nio-4] o.s.w.r.f.client.ExchangeFunctions       : [6afe780e] [1a984f01-9, L:/127.0.0.1:64469 - R:localhost/127.0.0.1:8081] Response 200 OK
2026-05-13T07:29:00.288+07:00 DEBUG 27588 --- [api-gateway] [ctor-http-nio-4] o.s.http.codec.json.Jackson2JsonDecoder  : [6afe780e] [1a984f01-9, L:/127.0.0.1:64469 - R:localhost/127.0.0.1:8081] Decoded [UserAccessResponse[admin=true, apiPermissions=[ApiPermissionRule[method=POST, path=/auth/roles/permi (truncated)...]
2026-05-13T07:29:00.484+07:00 DEBUG 27588 --- [api-gateway] [ctor-http-nio-4] o.s.w.s.adapter.HttpWebHandlerAdapter    : [4dcda256-10] Completed 200 OK
2026-05-13T07:31:10.785+07:00 DEBUG 27588 --- [api-gateway] [ctor-http-nio-5] o.s.w.s.adapter.HttpWebHandlerAdapter    : [c6b3bdad-11] HTTP OPTIONS "/account/families/1"
2026-05-13T07:31:10.790+07:00 DEBUG 27588 --- [api-gateway] [ctor-http-nio-5] o.s.w.s.adapter.HttpWebHandlerAdapter    : [c6b3bdad-11] Completed 200 OK
2026-05-13T07:31:10.808+07:00 DEBUG 27588 --- [api-gateway] [ctor-http-nio-5] o.s.w.s.adapter.HttpWebHandlerAdapter    : [c6b3bdad-12] HTTP GET "/account/families/1"
2026-05-13T07:31:10.830+07:00  WARN 27588 --- [api-gateway] [ctor-http-nio-5] v.l.a.config.ApiPermissionFilter         : Reject request due to invalid access token: JWT expired at 2026-04-20T16:33:21Z. Current time: 2026-05-13T00:31:10Z, a difference of 1929469818 milliseconds.  Allowed clock skew: 0 milliseconds.
2026-05-13T07:31:10.839+07:00 DEBUG 27588 --- [api-gateway] [ctor-http-nio-5] o.s.w.r.f.client.ExchangeFunctions       : [31aa8222] HTTP POST http://localhost:8099/common/api/v1/expose/inbound/validate
2026-05-13T07:31:10.849+07:00  WARN 27588 --- [api-gateway] [ctor-http-nio-5] v.l.a.config.ApiPermissionFilter         : API key validation call failed: Connection refused: no further information: localhost/127.0.0.1:8099
2026-05-13T07:31:10.883+07:00 DEBUG 27588 --- [api-gateway] [ctor-http-nio-5] o.s.w.s.adapter.HttpWebHandlerAdapter    : [c6b3bdad-12] Completed 403 FORBIDDEN
2026-05-13T07:31:12.535+07:00 DEBUG 27588 --- [api-gateway] [ctor-http-nio-5] o.s.w.s.adapter.HttpWebHandlerAdapter    : [c6b3bdad-13] HTTP OPTIONS "/baby/babies?familyId=1"
2026-05-13T07:31:12.540+07:00 DEBUG 27588 --- [api-gateway] [ctor-http-nio-5] o.s.w.s.adapter.HttpWebHandlerAdapter    : [c6b3bdad-13] Completed 200 OK
2026-05-13T07:31:12.548+07:00 DEBUG 27588 --- [api-gateway] [ctor-http-nio-5] o.s.w.s.adapter.HttpWebHandlerAdapter    : [c6b3bdad-14] HTTP GET "/baby/babies?familyId=1"
2026-05-13T07:31:12.553+07:00  WARN 27588 --- [api-gateway] [ctor-http-nio-5] v.l.a.config.ApiPermissionFilter         : Reject request due to invalid access token: JWT expired at 2026-04-20T16:33:21Z. Current time: 2026-05-13T00:31:12Z, a difference of 1929471553 milliseconds.  Allowed clock skew: 0 milliseconds.
2026-05-13T07:31:12.556+07:00 DEBUG 27588 --- [api-gateway] [ctor-http-nio-5] o.s.w.r.f.client.ExchangeFunctions       : [27320959] HTTP POST http://localhost:8099/common/api/v1/expose/inbound/validate
2026-05-13T07:31:12.559+07:00  WARN 27588 --- [api-gateway] [ctor-http-nio-5] v.l.a.config.ApiPermissionFilter         : API key validation call failed: Connection refused: no further information: localhost/127.0.0.1:8099
2026-05-13T07:31:12.561+07:00 DEBUG 27588 --- [api-gateway] [ctor-http-nio-5] o.s.w.s.adapter.HttpWebHandlerAdapter    : [c6b3bdad-14] Completed 403 FORBIDDEN
2026-05-13T07:31:12.571+07:00 DEBUG 27588 --- [api-gateway] [ctor-http-nio-5] o.s.w.s.adapter.HttpWebHandlerAdapter    : [c6b3bdad-15] HTTP GET "/account/families/1"
2026-05-13T07:31:12.575+07:00 DEBUG 27588 --- [api-gateway] [ctor-http-nio-7] o.s.w.s.adapter.HttpWebHandlerAdapter    : [3e3491f9-17] HTTP OPTIONS "/expense/expenses/summary/daily?familyId=1"
2026-05-13T07:31:12.575+07:00 DEBUG 27588 --- [api-gateway] [ctor-http-nio-6] o.s.w.s.adapter.HttpWebHandlerAdapter    : [20984b41-16] HTTP OPTIONS "/insight/insights/dashboard?familyId=1"
2026-05-13T07:31:12.578+07:00 DEBUG 27588 --- [api-gateway] [ctor-http-nio-7] o.s.w.s.adapter.HttpWebHandlerAdapter    : [3e3491f9-17] Completed 200 OK
2026-05-13T07:31:12.579+07:00  WARN 27588 --- [api-gateway] [ctor-http-nio-5] v.l.a.config.ApiPermissionFilter         : Reject request due to invalid access token: JWT expired at 2026-04-20T16:33:21Z. Current time: 2026-05-13T00:31:12Z, a difference of 1929471578 milliseconds.  Allowed clock skew: 0 milliseconds.
2026-05-13T07:31:12.579+07:00 DEBUG 27588 --- [api-gateway] [ctor-http-nio-6] o.s.w.s.adapter.HttpWebHandlerAdapter    : [20984b41-16] Completed 200 OK
2026-05-13T07:31:12.580+07:00 DEBUG 27588 --- [api-gateway] [ctor-http-nio-8] o.s.w.s.adapter.HttpWebHandlerAdapter    : [c915ea6b-18] HTTP OPTIONS "/expense/expenses/summary?familyId=1&month=2026-05"
2026-05-13T07:31:12.591+07:00 DEBUG 27588 --- [api-gateway] [ctor-http-nio-6] o.s.w.s.adapter.HttpWebHandlerAdapter    : [20984b41-21] HTTP OPTIONS "/shopping/shopping-items/pending/count?familyId=1"
2026-05-13T07:31:12.593+07:00 DEBUG 27588 --- [api-gateway] [ctor-http-nio-8] o.s.w.s.adapter.HttpWebHandlerAdapter    : [c915ea6b-18] Completed 200 OK
2026-05-13T07:31:12.593+07:00 DEBUG 27588 --- [api-gateway] [ctor-http-nio-9] o.s.w.s.adapter.HttpWebHandlerAdapter    : [894bbb95-20] HTTP OPTIONS "/expense/budgets?familyId=1"
2026-05-13T07:31:12.593+07:00 DEBUG 27588 --- [api-gateway] [ctor-http-nio-7] o.s.w.s.adapter.HttpWebHandlerAdapter    : [3e3491f9-19] HTTP OPTIONS "/meal/meal-plans/today?familyId=1"
2026-05-13T07:31:12.594+07:00 DEBUG 27588 --- [api-gateway] [ctor-http-nio-5] o.s.w.r.f.client.ExchangeFunctions       : [ca35b93] HTTP POST http://localhost:8099/common/api/v1/expose/inbound/validate
2026-05-13T07:31:12.594+07:00 DEBUG 27588 --- [api-gateway] [ctor-http-nio-9] o.s.w.s.adapter.HttpWebHandlerAdapter    : [894bbb95-20] Completed 200 OK
2026-05-13T07:31:12.594+07:00 DEBUG 27588 --- [api-gateway] [ctor-http-nio-7] o.s.w.s.adapter.HttpWebHandlerAdapter    : [3e3491f9-19] Completed 200 OK
2026-05-13T07:31:12.594+07:00 DEBUG 27588 --- [api-gateway] [ctor-http-nio-6] o.s.w.s.adapter.HttpWebHandlerAdapter    : [20984b41-21] Completed 200 OK
2026-05-13T07:31:12.594+07:00 DEBUG 27588 --- [api-gateway] [tor-http-nio-10] o.s.w.s.adapter.HttpWebHandlerAdapter    : [a55e99d2-22] HTTP OPTIONS "/task/tasks/pending/count?familyId=1"
2026-05-13T07:31:12.596+07:00 DEBUG 27588 --- [api-gateway] [tor-http-nio-10] o.s.w.s.adapter.HttpWebHandlerAdapter    : [a55e99d2-22] Completed 200 OK
2026-05-13T07:31:12.596+07:00  WARN 27588 --- [api-gateway] [ctor-http-nio-5] v.l.a.config.ApiPermissionFilter         : API key validation call failed: Connection refused: no further information: localhost/127.0.0.1:8099
2026-05-13T07:31:12.596+07:00 DEBUG 27588 --- [api-gateway] [ctor-http-nio-8] o.s.w.s.adapter.HttpWebHandlerAdapter    : [c915ea6b-23] HTTP GET "/expense/expenses/summary/daily?familyId=1"
2026-05-13T07:31:12.598+07:00 DEBUG 27588 --- [api-gateway] [ctor-http-nio-9] o.s.w.s.adapter.HttpWebHandlerAdapter    : [894bbb95-24] HTTP GET "/insight/insights/dashboard?familyId=1"
2026-05-13T07:31:12.598+07:00 DEBUG 27588 --- [api-gateway] [ctor-http-nio-5] o.s.w.s.adapter.HttpWebHandlerAdapter    : [c6b3bdad-15] Completed 403 FORBIDDEN
2026-05-13T07:31:12.602+07:00 DEBUG 27588 --- [api-gateway] [ctor-http-nio-7] o.s.w.s.adapter.HttpWebHandlerAdapter    : [3e3491f9-25] HTTP GET "/expense/expenses/summary?familyId=1&month=2026-05"
2026-05-13T07:31:12.602+07:00  WARN 27588 --- [api-gateway] [ctor-http-nio-8] v.l.a.config.ApiPermissionFilter         : Reject request due to invalid access token: JWT expired at 2026-04-20T16:33:21Z. Current time: 2026-05-13T00:31:12Z, a difference of 1929471602 milliseconds.  Allowed clock skew: 0 milliseconds.
2026-05-13T07:31:12.604+07:00 DEBUG 27588 --- [api-gateway] [ctor-http-nio-5] o.s.w.s.adapter.HttpWebHandlerAdapter    : [c6b3bdad-26] HTTP GET "/expense/budgets?familyId=1"
2026-05-13T07:31:12.606+07:00 DEBUG 27588 --- [api-gateway] [ctor-http-nio-6] o.s.w.s.adapter.HttpWebHandlerAdapter    : [20984b41-28] HTTP GET "/meal/meal-plans/today?familyId=1"
2026-05-13T07:31:12.606+07:00 DEBUG 27588 --- [api-gateway] [tor-http-nio-10] o.s.w.s.adapter.HttpWebHandlerAdapter    : [a55e99d2-27] HTTP GET "/shopping/shopping-items/pending/count?familyId=1"
2026-05-13T07:31:12.606+07:00 DEBUG 27588 --- [api-gateway] [ctor-http-nio-8] o.s.w.r.f.client.ExchangeFunctions       : [38882cc3] HTTP POST http://localhost:8099/common/api/v1/expose/inbound/validate
2026-05-13T07:31:12.606+07:00  WARN 27588 --- [api-gateway] [ctor-http-nio-9] v.l.a.config.ApiPermissionFilter         : Reject request due to invalid access token: JWT expired at 2026-04-20T16:33:21Z. Current time: 2026-05-13T00:31:12Z, a difference of 1929471606 milliseconds.  Allowed clock skew: 0 milliseconds.
2026-05-13T07:31:12.608+07:00  WARN 27588 --- [api-gateway] [ctor-http-nio-7] v.l.a.config.ApiPermissionFilter         : Reject request due to invalid access token: JWT expired at 2026-04-20T16:33:21Z. Current time: 2026-05-13T00:31:12Z, a difference of 1929471608 milliseconds.  Allowed clock skew: 0 milliseconds.
2026-05-13T07:31:12.609+07:00  WARN 27588 --- [api-gateway] [ctor-http-nio-5] v.l.a.config.ApiPermissionFilter         : Reject request due to invalid access token: JWT expired at 2026-04-20T16:33:21Z. Current time: 2026-05-13T00:31:12Z, a difference of 1929471609 milliseconds.  Allowed clock skew: 0 milliseconds.
2026-05-13T07:31:12.609+07:00  WARN 27588 --- [api-gateway] [ctor-http-nio-6] v.l.a.config.ApiPermissionFilter         : Reject request due to invalid access token: JWT expired at 2026-04-20T16:33:21Z. Current time: 2026-05-13T00:31:12Z, a difference of 1929471609 milliseconds.  Allowed clock skew: 0 milliseconds.
2026-05-13T07:31:12.611+07:00 DEBUG 27588 --- [api-gateway] [ctor-http-nio-5] o.s.w.r.f.client.ExchangeFunctions       : [21d906e5] HTTP POST http://localhost:8099/common/api/v1/expose/inbound/validate
2026-05-13T07:31:12.611+07:00 DEBUG 27588 --- [api-gateway] [ctor-http-nio-9] o.s.w.r.f.client.ExchangeFunctions       : [400ead47] HTTP POST http://localhost:8099/common/api/v1/expose/inbound/validate
2026-05-13T07:31:12.611+07:00  WARN 27588 --- [api-gateway] [ctor-http-nio-8] v.l.a.config.ApiPermissionFilter         : API key validation call failed: Connection refused: no further information: localhost/127.0.0.1:8099
2026-05-13T07:31:12.611+07:00 DEBUG 27588 --- [api-gateway] [ctor-http-nio-7] o.s.w.r.f.client.ExchangeFunctions       : [32d4f19a] HTTP POST http://localhost:8099/common/api/v1/expose/inbound/validate
2026-05-13T07:31:12.611+07:00 DEBUG 27588 --- [api-gateway] [ctor-http-nio-6] o.s.w.r.f.client.ExchangeFunctions       : [4d476f3d] HTTP POST http://localhost:8099/common/api/v1/expose/inbound/validate
2026-05-13T07:31:12.612+07:00  WARN 27588 --- [api-gateway] [tor-http-nio-10] v.l.a.config.ApiPermissionFilter         : Reject request due to invalid access token: JWT expired at 2026-04-20T16:33:21Z. Current time: 2026-05-13T00:31:12Z, a difference of 1929471611 milliseconds.  Allowed clock skew: 0 milliseconds.
2026-05-13T07:31:12.613+07:00 DEBUG 27588 --- [api-gateway] [ctor-http-nio-8] o.s.w.s.adapter.HttpWebHandlerAdapter    : [c915ea6b-23] Completed 403 FORBIDDEN
2026-05-13T07:31:12.615+07:00  WARN 27588 --- [api-gateway] [ctor-http-nio-5] v.l.a.config.ApiPermissionFilter         : API key validation call failed: Connection refused: no further information: localhost/127.0.0.1:8099
2026-05-13T07:31:12.616+07:00 DEBUG 27588 --- [api-gateway] [tor-http-nio-10] o.s.w.r.f.client.ExchangeFunctions       : [18bc4f2c] HTTP POST http://localhost:8099/common/api/v1/expose/inbound/validate
2026-05-13T07:31:12.616+07:00  WARN 27588 --- [api-gateway] [ctor-http-nio-7] v.l.a.config.ApiPermissionFilter         : API key validation call failed: Connection refused: no further information: localhost/127.0.0.1:8099
2026-05-13T07:31:12.616+07:00  WARN 27588 --- [api-gateway] [ctor-http-nio-9] v.l.a.config.ApiPermissionFilter         : API key validation call failed: Connection refused: no further information: localhost/127.0.0.1:8099
2026-05-13T07:31:12.618+07:00 DEBUG 27588 --- [api-gateway] [ctor-http-nio-5] o.s.w.s.adapter.HttpWebHandlerAdapter    : [c6b3bdad-26] Completed 403 FORBIDDEN
2026-05-13T07:31:12.618+07:00 DEBUG 27588 --- [api-gateway] [ctor-http-nio-8] o.s.w.s.adapter.HttpWebHandlerAdapter    : [c915ea6b-29] HTTP GET "/task/tasks/pending/count?familyId=1"
2026-05-13T07:31:12.619+07:00 DEBUG 27588 --- [api-gateway] [ctor-http-nio-9] o.s.w.s.adapter.HttpWebHandlerAdapter    : [894bbb95-24] Completed 403 FORBIDDEN
2026-05-13T07:31:12.619+07:00  WARN 27588 --- [api-gateway] [ctor-http-nio-6] v.l.a.config.ApiPermissionFilter         : API key validation call failed: Connection refused: no further information: localhost/127.0.0.1:8099
2026-05-13T07:31:12.619+07:00 DEBUG 27588 --- [api-gateway] [ctor-http-nio-7] o.s.w.s.adapter.HttpWebHandlerAdapter    : [3e3491f9-25] Completed 403 FORBIDDEN
2026-05-13T07:31:12.620+07:00  WARN 27588 --- [api-gateway] [tor-http-nio-10] v.l.a.config.ApiPermissionFilter         : API key validation call failed: Connection refused: no further information: localhost/127.0.0.1:8099
2026-05-13T07:31:12.622+07:00 DEBUG 27588 --- [api-gateway] [tor-http-nio-10] o.s.w.s.adapter.HttpWebHandlerAdapter    : [a55e99d2-27] Completed 403 FORBIDDEN
2026-05-13T07:31:12.622+07:00 DEBUG 27588 --- [api-gateway] [ctor-http-nio-6] o.s.w.s.adapter.HttpWebHandlerAdapter    : [20984b41-28] Completed 403 FORBIDDEN
2026-05-13T07:31:12.624+07:00  WARN 27588 --- [api-gateway] [ctor-http-nio-8] v.l.a.config.ApiPermissionFilter         : Reject request due to invalid access token: JWT expired at 2026-04-20T16:33:21Z. Current time: 2026-05-13T00:31:12Z, a difference of 1929471622 milliseconds.  Allowed clock skew: 0 milliseconds.
2026-05-13T07:31:12.628+07:00 DEBUG 27588 --- [api-gateway] [ctor-http-nio-8] o.s.w.r.f.client.ExchangeFunctions       : [3da0114a] HTTP POST http://localhost:8099/common/api/v1/expose/inbound/validate
2026-05-13T07:31:12.633+07:00  WARN 27588 --- [api-gateway] [ctor-http-nio-8] v.l.a.config.ApiPermissionFilter         : API key validation call failed: Connection refused: no further information: localhost/127.0.0.1:8099
2026-05-13T07:31:12.634+07:00 DEBUG 27588 --- [api-gateway] [ctor-http-nio-8] o.s.w.s.adapter.HttpWebHandlerAdapter    : [c915ea6b-29] Completed 403 FORBIDDEN
2026-05-13T07:31:14.326+07:00 DEBUG 27588 --- [api-gateway] [ctor-http-nio-8] o.s.w.s.adapter.HttpWebHandlerAdapter    : [c915ea6b-30] HTTP GET "/baby/babies?familyId=1"
2026-05-13T07:31:14.334+07:00  WARN 27588 --- [api-gateway] [ctor-http-nio-8] v.l.a.config.ApiPermissionFilter         : Reject request due to invalid access token: JWT expired at 2026-04-20T16:33:21Z. Current time: 2026-05-13T00:31:14Z, a difference of 1929473333 milliseconds.  Allowed clock skew: 0 milliseconds.
2026-05-13T07:31:14.337+07:00 DEBUG 27588 --- [api-gateway] [ctor-http-nio-8] o.s.w.r.f.client.ExchangeFunctions       : [54071835] HTTP POST http://localhost:8099/common/api/v1/expose/inbound/validate
2026-05-13T07:31:14.342+07:00  WARN 27588 --- [api-gateway] [ctor-http-nio-8] v.l.a.config.ApiPermissionFilter         : API key validation call failed: Connection refused: no further information: localhost/127.0.0.1:8099
2026-05-13T07:31:14.344+07:00 DEBUG 27588 --- [api-gateway] [ctor-http-nio-8] o.s.w.s.adapter.HttpWebHandlerAdapter    : [c915ea6b-30] Completed 403 FORBIDDEN
2026-05-13T07:31:14.354+07:00 DEBUG 27588 --- [api-gateway] [ctor-http-nio-8] o.s.w.s.adapter.HttpWebHandlerAdapter    : [c915ea6b-31] HTTP GET "/account/families/1"
2026-05-13T07:31:14.357+07:00 DEBUG 27588 --- [api-gateway] [ctor-http-nio-6] o.s.w.s.adapter.HttpWebHandlerAdapter    : [20984b41-32] HTTP GET "/insight/insights/dashboard?familyId=1"
2026-05-13T07:31:14.358+07:00 DEBUG 27588 --- [api-gateway] [tor-http-nio-10] o.s.w.s.adapter.HttpWebHandlerAdapter    : [a55e99d2-33] HTTP GET "/expense/expenses/summary/daily?familyId=1"
2026-05-13T07:31:14.360+07:00 DEBUG 27588 --- [api-gateway] [ctor-http-nio-7] o.s.w.s.adapter.HttpWebHandlerAdapter    : [3e3491f9-34] HTTP GET "/expense/expenses/summary?familyId=1&month=2026-05"
2026-05-13T07:31:14.360+07:00  WARN 27588 --- [api-gateway] [ctor-http-nio-8] v.l.a.config.ApiPermissionFilter         : Reject request due to invalid access token: JWT expired at 2026-04-20T16:33:21Z. Current time: 2026-05-13T00:31:14Z, a difference of 1929473360 milliseconds.  Allowed clock skew: 0 milliseconds.
2026-05-13T07:31:14.360+07:00 DEBUG 27588 --- [api-gateway] [ctor-http-nio-9] o.s.w.s.adapter.HttpWebHandlerAdapter    : [894bbb95-35] HTTP GET "/expense/budgets?familyId=1"
2026-05-13T07:31:14.362+07:00  WARN 27588 --- [api-gateway] [ctor-http-nio-6] v.l.a.config.ApiPermissionFilter         : Reject request due to invalid access token: JWT expired at 2026-04-20T16:33:21Z. Current time: 2026-05-13T00:31:14Z, a difference of 1929473362 milliseconds.  Allowed clock skew: 0 milliseconds.
2026-05-13T07:31:14.363+07:00  WARN 27588 --- [api-gateway] [tor-http-nio-10] v.l.a.config.ApiPermissionFilter         : Reject request due to invalid access token: JWT expired at 2026-04-20T16:33:21Z. Current time: 2026-05-13T00:31:14Z, a difference of 1929473363 milliseconds.  Allowed clock skew: 0 milliseconds.
2026-05-13T07:31:14.365+07:00 DEBUG 27588 --- [api-gateway] [ctor-http-nio-8] o.s.w.r.f.client.ExchangeFunctions       : [441a8015] HTTP POST http://localhost:8099/common/api/v1/expose/inbound/validate
2026-05-13T07:31:14.366+07:00  WARN 27588 --- [api-gateway] [ctor-http-nio-7] v.l.a.config.ApiPermissionFilter         : Reject request due to invalid access token: JWT expired at 2026-04-20T16:33:21Z. Current time: 2026-05-13T00:31:14Z, a difference of 1929473365 milliseconds.  Allowed clock skew: 0 milliseconds.
2026-05-13T07:31:14.366+07:00  WARN 27588 --- [api-gateway] [ctor-http-nio-9] v.l.a.config.ApiPermissionFilter         : Reject request due to invalid access token: JWT expired at 2026-04-20T16:33:21Z. Current time: 2026-05-13T00:31:14Z, a difference of 1929473366 milliseconds.  Allowed clock skew: 0 milliseconds.
2026-05-13T07:31:14.366+07:00 DEBUG 27588 --- [api-gateway] [ctor-http-nio-5] o.s.w.s.adapter.HttpWebHandlerAdapter    : [c6b3bdad-36] HTTP GET "/meal/meal-plans/today?familyId=1"
2026-05-13T07:31:14.366+07:00 DEBUG 27588 --- [api-gateway] [ctor-http-nio-6] o.s.w.r.f.client.ExchangeFunctions       : [6bee5cd4] HTTP POST http://localhost:8099/common/api/v1/expose/inbound/validate
2026-05-13T07:31:14.366+07:00 DEBUG 27588 --- [api-gateway] [tor-http-nio-10] o.s.w.r.f.client.ExchangeFunctions       : [6e91c064] HTTP POST http://localhost:8099/common/api/v1/expose/inbound/validate
2026-05-13T07:31:14.367+07:00 DEBUG 27588 --- [api-gateway] [ctor-http-nio-7] o.s.w.r.f.client.ExchangeFunctions       : [2186f00e] HTTP POST http://localhost:8099/common/api/v1/expose/inbound/validate
2026-05-13T07:31:14.367+07:00 DEBUG 27588 --- [api-gateway] [ctor-http-nio-9] o.s.w.r.f.client.ExchangeFunctions       : [46e3f89] HTTP POST http://localhost:8099/common/api/v1/expose/inbound/validate
2026-05-13T07:31:14.370+07:00  WARN 27588 --- [api-gateway] [ctor-http-nio-8] v.l.a.config.ApiPermissionFilter         : API key validation call failed: Connection refused: no further information: localhost/127.0.0.1:8099
2026-05-13T07:31:14.371+07:00  WARN 27588 --- [api-gateway] [ctor-http-nio-6] v.l.a.config.ApiPermissionFilter         : API key validation call failed: Connection refused: no further information: localhost/127.0.0.1:8099
2026-05-13T07:31:14.372+07:00  WARN 27588 --- [api-gateway] [tor-http-nio-10] v.l.a.config.ApiPermissionFilter         : API key validation call failed: Connection refused: no further information: localhost/127.0.0.1:8099
2026-05-13T07:31:14.372+07:00 DEBUG 27588 --- [api-gateway] [ctor-http-nio-6] o.s.w.s.adapter.HttpWebHandlerAdapter    : [20984b41-32] Completed 403 FORBIDDEN
2026-05-13T07:31:14.372+07:00  WARN 27588 --- [api-gateway] [ctor-http-nio-7] v.l.a.config.ApiPermissionFilter         : API key validation call failed: Connection refused: no further information: localhost/127.0.0.1:8099
2026-05-13T07:31:14.372+07:00 DEBUG 27588 --- [api-gateway] [ctor-http-nio-8] o.s.w.s.adapter.HttpWebHandlerAdapter    : [c915ea6b-31] Completed 403 FORBIDDEN
2026-05-13T07:31:14.372+07:00  WARN 27588 --- [api-gateway] [ctor-http-nio-9] v.l.a.config.ApiPermissionFilter         : API key validation call failed: Connection refused: no further information: localhost/127.0.0.1:8099
2026-05-13T07:31:14.372+07:00  WARN 27588 --- [api-gateway] [ctor-http-nio-5] v.l.a.config.ApiPermissionFilter         : Reject request due to invalid access token: JWT expired at 2026-04-20T16:33:21Z. Current time: 2026-05-13T00:31:14Z, a difference of 1929473372 milliseconds.  Allowed clock skew: 0 milliseconds.
2026-05-13T07:31:14.373+07:00 DEBUG 27588 --- [api-gateway] [tor-http-nio-10] o.s.w.s.adapter.HttpWebHandlerAdapter    : [a55e99d2-33] Completed 403 FORBIDDEN
2026-05-13T07:31:14.373+07:00 DEBUG 27588 --- [api-gateway] [ctor-http-nio-7] o.s.w.s.adapter.HttpWebHandlerAdapter    : [3e3491f9-34] Completed 403 FORBIDDEN
2026-05-13T07:31:14.373+07:00 DEBUG 27588 --- [api-gateway] [ctor-http-nio-9] o.s.w.s.adapter.HttpWebHandlerAdapter    : [894bbb95-35] Completed 403 FORBIDDEN
2026-05-13T07:31:14.374+07:00 DEBUG 27588 --- [api-gateway] [ctor-http-nio-6] o.s.w.s.adapter.HttpWebHandlerAdapter    : [20984b41-37] HTTP GET "/task/tasks/pending/count?familyId=1"
2026-05-13T07:31:14.376+07:00 DEBUG 27588 --- [api-gateway] [ctor-http-nio-5] o.s.w.r.f.client.ExchangeFunctions       : [723537c0] HTTP POST http://localhost:8099/common/api/v1/expose/inbound/validate
2026-05-13T07:31:14.376+07:00 DEBUG 27588 --- [api-gateway] [ctor-http-nio-8] o.s.w.s.adapter.HttpWebHandlerAdapter    : [c915ea6b-38] HTTP GET "/shopping/shopping-items/pending/count?familyId=1"
2026-05-13T07:31:14.380+07:00  WARN 27588 --- [api-gateway] [ctor-http-nio-6] v.l.a.config.ApiPermissionFilter         : Reject request due to invalid access token: JWT expired at 2026-04-20T16:33:21Z. Current time: 2026-05-13T00:31:14Z, a difference of 1929473380 milliseconds.  Allowed clock skew: 0 milliseconds.
2026-05-13T07:31:14.381+07:00  WARN 27588 --- [api-gateway] [ctor-http-nio-5] v.l.a.config.ApiPermissionFilter         : API key validation call failed: Connection refused: no further information: localhost/127.0.0.1:8099
2026-05-13T07:31:14.381+07:00  WARN 27588 --- [api-gateway] [ctor-http-nio-8] v.l.a.config.ApiPermissionFilter         : Reject request due to invalid access token: JWT expired at 2026-04-20T16:33:21Z. Current time: 2026-05-13T00:31:14Z, a difference of 1929473380 milliseconds.  Allowed clock skew: 0 milliseconds.
2026-05-13T07:31:14.383+07:00 DEBUG 27588 --- [api-gateway] [ctor-http-nio-5] o.s.w.s.adapter.HttpWebHandlerAdapter    : [c6b3bdad-36] Completed 403 FORBIDDEN
2026-05-13T07:31:14.384+07:00 DEBUG 27588 --- [api-gateway] [ctor-http-nio-8] o.s.w.r.f.client.ExchangeFunctions       : [20e1ec41] HTTP POST http://localhost:8099/common/api/v1/expose/inbound/validate
2026-05-13T07:31:14.384+07:00 DEBUG 27588 --- [api-gateway] [ctor-http-nio-6] o.s.w.r.f.client.ExchangeFunctions       : [625d1293] HTTP POST http://localhost:8099/common/api/v1/expose/inbound/validate
2026-05-13T07:31:14.387+07:00  WARN 27588 --- [api-gateway] [ctor-http-nio-6] v.l.a.config.ApiPermissionFilter         : API key validation call failed: Connection refused: no further information: localhost/127.0.0.1:8099
2026-05-13T07:31:14.387+07:00  WARN 27588 --- [api-gateway] [ctor-http-nio-8] v.l.a.config.ApiPermissionFilter         : API key validation call failed: Connection refused: no further information: localhost/127.0.0.1:8099
2026-05-13T07:31:14.390+07:00 DEBUG 27588 --- [api-gateway] [ctor-http-nio-8] o.s.w.s.adapter.HttpWebHandlerAdapter    : [c915ea6b-38] Completed 403 FORBIDDEN
2026-05-13T07:31:14.390+07:00 DEBUG 27588 --- [api-gateway] [ctor-http-nio-6] o.s.w.s.adapter.HttpWebHandlerAdapter    : [20984b41-37] Completed 403 FORBIDDEN
2026-05-13T07:31:15.372+07:00 DEBUG 27588 --- [api-gateway] [ctor-http-nio-8] o.s.w.s.adapter.HttpWebHandlerAdapter    : [c915ea6b-39] HTTP OPTIONS "/meal/meal-plans/weekly?familyId=1"
2026-05-13T07:31:15.373+07:00 DEBUG 27588 --- [api-gateway] [ctor-http-nio-6] o.s.w.s.adapter.HttpWebHandlerAdapter    : [20984b41-40] HTTP OPTIONS "/meal/meals?familyId=1"
2026-05-13T07:31:15.373+07:00 DEBUG 27588 --- [api-gateway] [ctor-http-nio-8] o.s.w.s.adapter.HttpWebHandlerAdapter    : [c915ea6b-39] Completed 200 OK
2026-05-13T07:31:15.375+07:00 DEBUG 27588 --- [api-gateway] [ctor-http-nio-6] o.s.w.s.adapter.HttpWebHandlerAdapter    : [20984b41-40] Completed 200 OK
2026-05-13T07:31:15.379+07:00 DEBUG 27588 --- [api-gateway] [ctor-http-nio-6] o.s.w.s.adapter.HttpWebHandlerAdapter    : [20984b41-41] HTTP GET "/meal/meal-plans/weekly?familyId=1"
2026-05-13T07:31:15.379+07:00 DEBUG 27588 --- [api-gateway] [ctor-http-nio-8] o.s.w.s.adapter.HttpWebHandlerAdapter    : [c915ea6b-42] HTTP GET "/meal/meals?familyId=1"
2026-05-13T07:31:15.382+07:00  WARN 27588 --- [api-gateway] [ctor-http-nio-8] v.l.a.config.ApiPermissionFilter         : Reject request due to invalid access token: JWT expired at 2026-04-20T16:33:21Z. Current time: 2026-05-13T00:31:15Z, a difference of 1929474382 milliseconds.  Allowed clock skew: 0 milliseconds.
2026-05-13T07:31:15.382+07:00  WARN 27588 --- [api-gateway] [ctor-http-nio-6] v.l.a.config.ApiPermissionFilter         : Reject request due to invalid access token: JWT expired at 2026-04-20T16:33:21Z. Current time: 2026-05-13T00:31:15Z, a difference of 1929474382 milliseconds.  Allowed clock skew: 0 milliseconds.
2026-05-13T07:31:15.384+07:00 DEBUG 27588 --- [api-gateway] [ctor-http-nio-6] o.s.w.r.f.client.ExchangeFunctions       : [4948f631] HTTP POST http://localhost:8099/common/api/v1/expose/inbound/validate
2026-05-13T07:31:15.384+07:00 DEBUG 27588 --- [api-gateway] [ctor-http-nio-8] o.s.w.r.f.client.ExchangeFunctions       : [7e78980c] HTTP POST http://localhost:8099/common/api/v1/expose/inbound/validate
2026-05-13T07:31:15.387+07:00  WARN 27588 --- [api-gateway] [ctor-http-nio-8] v.l.a.config.ApiPermissionFilter         : API key validation call failed: Connection refused: no further information: localhost/127.0.0.1:8099
2026-05-13T07:31:15.387+07:00  WARN 27588 --- [api-gateway] [ctor-http-nio-6] v.l.a.config.ApiPermissionFilter         : API key validation call failed: Connection refused: no further information: localhost/127.0.0.1:8099
2026-05-13T07:31:15.389+07:00 DEBUG 27588 --- [api-gateway] [ctor-http-nio-6] o.s.w.s.adapter.HttpWebHandlerAdapter    : [20984b41-41] Completed 403 FORBIDDEN
2026-05-13T07:31:15.389+07:00 DEBUG 27588 --- [api-gateway] [ctor-http-nio-8] o.s.w.s.adapter.HttpWebHandlerAdapter    : [c915ea6b-42] Completed 403 FORBIDDEN
2026-05-13T07:31:22.408+07:00 DEBUG 27588 --- [api-gateway] [ctor-http-nio-8] o.s.w.s.adapter.HttpWebHandlerAdapter    : [c915ea6b-43] HTTP OPTIONS "/baby/babies?familyId=1"
2026-05-13T07:31:22.412+07:00 DEBUG 27588 --- [api-gateway] [ctor-http-nio-8] o.s.w.s.adapter.HttpWebHandlerAdapter    : [c915ea6b-43] Completed 200 OK
2026-05-13T07:31:22.417+07:00 DEBUG 27588 --- [api-gateway] [ctor-http-nio-8] o.s.w.s.adapter.HttpWebHandlerAdapter    : [c915ea6b-44] HTTP GET "/baby/babies?familyId=1"
2026-05-13T07:31:22.423+07:00  WARN 27588 --- [api-gateway] [ctor-http-nio-8] v.l.a.config.ApiPermissionFilter         : Reject request due to invalid access token: JWT expired at 2026-04-20T16:33:21Z. Current time: 2026-05-13T00:31:22Z, a difference of 1929481422 milliseconds.  Allowed clock skew: 0 milliseconds.
2026-05-13T07:31:22.425+07:00 DEBUG 27588 --- [api-gateway] [ctor-http-nio-8] o.s.w.r.f.client.ExchangeFunctions       : [455ceb70] HTTP POST http://localhost:8099/common/api/v1/expose/inbound/validate
2026-05-13T07:31:22.428+07:00  WARN 27588 --- [api-gateway] [ctor-http-nio-8] v.l.a.config.ApiPermissionFilter         : API key validation call failed: Connection refused: no further information: localhost/127.0.0.1:8099
2026-05-13T07:31:22.429+07:00 DEBUG 27588 --- [api-gateway] [ctor-http-nio-8] o.s.w.s.adapter.HttpWebHandlerAdapter    : [c915ea6b-44] Completed 403 FORBIDDEN
2026-05-13T07:31:22.436+07:00 DEBUG 27588 --- [api-gateway] [ctor-http-nio-8] o.s.w.s.adapter.HttpWebHandlerAdapter    : [c915ea6b-45] HTTP OPTIONS "/account/families/1"
2026-05-13T07:31:22.437+07:00 DEBUG 27588 --- [api-gateway] [ctor-http-nio-8] o.s.w.s.adapter.HttpWebHandlerAdapter    : [c915ea6b-45] Completed 200 OK
2026-05-13T07:31:22.437+07:00 DEBUG 27588 --- [api-gateway] [ctor-http-nio-6] o.s.w.s.adapter.HttpWebHandlerAdapter    : [20984b41-46] HTTP OPTIONS "/insight/insights/dashboard?familyId=1"
2026-05-13T07:31:22.438+07:00 DEBUG 27588 --- [api-gateway] [ctor-http-nio-5] o.s.w.s.adapter.HttpWebHandlerAdapter    : [c6b3bdad-47] HTTP OPTIONS "/expense/expenses/summary/daily?familyId=1"
2026-05-13T07:31:22.438+07:00 DEBUG 27588 --- [api-gateway] [ctor-http-nio-6] o.s.w.s.adapter.HttpWebHandlerAdapter    : [20984b41-46] Completed 200 OK
2026-05-13T07:31:22.440+07:00 DEBUG 27588 --- [api-gateway] [ctor-http-nio-5] o.s.w.s.adapter.HttpWebHandlerAdapter    : [c6b3bdad-47] Completed 200 OK
2026-05-13T07:31:22.440+07:00 DEBUG 27588 --- [api-gateway] [ctor-http-nio-9] o.s.w.s.adapter.HttpWebHandlerAdapter    : [894bbb95-48] HTTP OPTIONS "/expense/expenses/summary?familyId=1&month=2026-05"
2026-05-13T07:31:22.441+07:00 DEBUG 27588 --- [api-gateway] [ctor-http-nio-9] o.s.w.s.adapter.HttpWebHandlerAdapter    : [894bbb95-48] Completed 200 OK
2026-05-13T07:31:22.442+07:00 DEBUG 27588 --- [api-gateway] [ctor-http-nio-8] o.s.w.s.adapter.HttpWebHandlerAdapter    : [c915ea6b-49] HTTP OPTIONS "/expense/budgets?familyId=1"
2026-05-13T07:31:22.444+07:00 DEBUG 27588 --- [api-gateway] [ctor-http-nio-6] o.s.w.s.adapter.HttpWebHandlerAdapter    : [20984b41-50] HTTP OPTIONS "/meal/meal-plans/today?familyId=1"
2026-05-13T07:31:22.444+07:00 DEBUG 27588 --- [api-gateway] [ctor-http-nio-8] o.s.w.s.adapter.HttpWebHandlerAdapter    : [c915ea6b-49] Completed 200 OK
2026-05-13T07:31:22.444+07:00 DEBUG 27588 --- [api-gateway] [ctor-http-nio-6] o.s.w.s.adapter.HttpWebHandlerAdapter    : [20984b41-50] Completed 200 OK
2026-05-13T07:31:22.446+07:00 DEBUG 27588 --- [api-gateway] [ctor-http-nio-9] o.s.w.s.adapter.HttpWebHandlerAdapter    : [894bbb95-51] HTTP OPTIONS "/task/tasks/pending/count?familyId=1"
2026-05-13T07:31:22.447+07:00 DEBUG 27588 --- [api-gateway] [ctor-http-nio-5] o.s.w.s.adapter.HttpWebHandlerAdapter    : [c6b3bdad-52] HTTP OPTIONS "/shopping/shopping-items/pending/count?familyId=1"
2026-05-13T07:31:22.447+07:00 DEBUG 27588 --- [api-gateway] [ctor-http-nio-7] o.s.w.s.adapter.HttpWebHandlerAdapter    : [3e3491f9-53] HTTP GET "/account/families/1"
2026-05-13T07:31:22.447+07:00 DEBUG 27588 --- [api-gateway] [ctor-http-nio-9] o.s.w.s.adapter.HttpWebHandlerAdapter    : [894bbb95-51] Completed 200 OK
2026-05-13T07:31:22.449+07:00 DEBUG 27588 --- [api-gateway] [ctor-http-nio-5] o.s.w.s.adapter.HttpWebHandlerAdapter    : [c6b3bdad-52] Completed 200 OK
2026-05-13T07:31:22.450+07:00 DEBUG 27588 --- [api-gateway] [ctor-http-nio-8] o.s.w.s.adapter.HttpWebHandlerAdapter    : [c915ea6b-54] HTTP GET "/insight/insights/dashboard?familyId=1"
2026-05-13T07:31:22.451+07:00 DEBUG 27588 --- [api-gateway] [ctor-http-nio-6] o.s.w.s.adapter.HttpWebHandlerAdapter    : [20984b41-55] HTTP GET "/expense/expenses/summary/daily?familyId=1"
2026-05-13T07:31:22.452+07:00 DEBUG 27588 --- [api-gateway] [tor-http-nio-10] o.s.w.s.adapter.HttpWebHandlerAdapter    : [a55e99d2-56] HTTP GET "/expense/expenses/summary?familyId=1&month=2026-05"
2026-05-13T07:31:22.453+07:00  WARN 27588 --- [api-gateway] [ctor-http-nio-7] v.l.a.config.ApiPermissionFilter         : Reject request due to invalid access token: JWT expired at 2026-04-20T16:33:21Z. Current time: 2026-05-13T00:31:22Z, a difference of 1929481453 milliseconds.  Allowed clock skew: 0 milliseconds.
2026-05-13T07:31:22.454+07:00  WARN 27588 --- [api-gateway] [ctor-http-nio-8] v.l.a.config.ApiPermissionFilter         : Reject request due to invalid access token: JWT expired at 2026-04-20T16:33:21Z. Current time: 2026-05-13T00:31:22Z, a difference of 1929481454 milliseconds.  Allowed clock skew: 0 milliseconds.
2026-05-13T07:31:22.454+07:00 DEBUG 27588 --- [api-gateway] [ctor-http-nio-9] o.s.w.s.adapter.HttpWebHandlerAdapter    : [894bbb95-57] HTTP GET "/expense/budgets?familyId=1"
2026-05-13T07:31:22.454+07:00  WARN 27588 --- [api-gateway] [tor-http-nio-10] v.l.a.config.ApiPermissionFilter         : Reject request due to invalid access token: JWT expired at 2026-04-20T16:33:21Z. Current time: 2026-05-13T00:31:22Z, a difference of 1929481454 milliseconds.  Allowed clock skew: 0 milliseconds.
2026-05-13T07:31:22.455+07:00 DEBUG 27588 --- [api-gateway] [ctor-http-nio-7] o.s.w.r.f.client.ExchangeFunctions       : [aaa6413] HTTP POST http://localhost:8099/common/api/v1/expose/inbound/validate
2026-05-13T07:31:22.455+07:00 DEBUG 27588 --- [api-gateway] [ctor-http-nio-5] o.s.w.s.adapter.HttpWebHandlerAdapter    : [c6b3bdad-58] HTTP GET "/meal/meal-plans/today?familyId=1"
2026-05-13T07:31:22.455+07:00 DEBUG 27588 --- [api-gateway] [ctor-http-nio-8] o.s.w.r.f.client.ExchangeFunctions       : [54c4af64] HTTP POST http://localhost:8099/common/api/v1/expose/inbound/validate
2026-05-13T07:31:22.456+07:00 DEBUG 27588 --- [api-gateway] [tor-http-nio-10] o.s.w.r.f.client.ExchangeFunctions       : [47520] HTTP POST http://localhost:8099/common/api/v1/expose/inbound/validate
2026-05-13T07:31:22.457+07:00  WARN 27588 --- [api-gateway] [ctor-http-nio-6] v.l.a.config.ApiPermissionFilter         : Reject request due to invalid access token: JWT expired at 2026-04-20T16:33:21Z. Current time: 2026-05-13T00:31:22Z, a difference of 1929481456 milliseconds.  Allowed clock skew: 0 milliseconds.
2026-05-13T07:31:22.458+07:00  WARN 27588 --- [api-gateway] [ctor-http-nio-9] v.l.a.config.ApiPermissionFilter         : Reject request due to invalid access token: JWT expired at 2026-04-20T16:33:21Z. Current time: 2026-05-13T00:31:22Z, a difference of 1929481458 milliseconds.  Allowed clock skew: 0 milliseconds.
2026-05-13T07:31:22.460+07:00  WARN 27588 --- [api-gateway] [ctor-http-nio-5] v.l.a.config.ApiPermissionFilter         : Reject request due to invalid access token: JWT expired at 2026-04-20T16:33:21Z. Current time: 2026-05-13T00:31:22Z, a difference of 1929481460 milliseconds.  Allowed clock skew: 0 milliseconds.
2026-05-13T07:31:22.460+07:00  WARN 27588 --- [api-gateway] [ctor-http-nio-7] v.l.a.config.ApiPermissionFilter         : API key validation call failed: Connection refused: no further information: localhost/127.0.0.1:8099
2026-05-13T07:31:22.461+07:00 DEBUG 27588 --- [api-gateway] [ctor-http-nio-6] o.s.w.r.f.client.ExchangeFunctions       : [105dacc5] HTTP POST http://localhost:8099/common/api/v1/expose/inbound/validate
2026-05-13T07:31:22.460+07:00  WARN 27588 --- [api-gateway] [ctor-http-nio-8] v.l.a.config.ApiPermissionFilter         : API key validation call failed: Connection refused: no further information: localhost/127.0.0.1:8099
2026-05-13T07:31:22.461+07:00 DEBUG 27588 --- [api-gateway] [ctor-http-nio-5] o.s.w.r.f.client.ExchangeFunctions       : [6c268270] HTTP POST http://localhost:8099/common/api/v1/expose/inbound/validate
2026-05-13T07:31:22.460+07:00  WARN 27588 --- [api-gateway] [tor-http-nio-10] v.l.a.config.ApiPermissionFilter         : API key validation call failed: Connection refused: no further information: localhost/127.0.0.1:8099
2026-05-13T07:31:22.461+07:00 DEBUG 27588 --- [api-gateway] [ctor-http-nio-9] o.s.w.r.f.client.ExchangeFunctions       : [2a4a25f6] HTTP POST http://localhost:8099/common/api/v1/expose/inbound/validate
2026-05-13T07:31:22.462+07:00 DEBUG 27588 --- [api-gateway] [ctor-http-nio-7] o.s.w.s.adapter.HttpWebHandlerAdapter    : [3e3491f9-53] Completed 403 FORBIDDEN
2026-05-13T07:31:22.462+07:00 DEBUG 27588 --- [api-gateway] [ctor-http-nio-8] o.s.w.s.adapter.HttpWebHandlerAdapter    : [c915ea6b-54] Completed 403 FORBIDDEN
2026-05-13T07:31:22.463+07:00 DEBUG 27588 --- [api-gateway] [tor-http-nio-10] o.s.w.s.adapter.HttpWebHandlerAdapter    : [a55e99d2-56] Completed 403 FORBIDDEN
2026-05-13T07:31:22.465+07:00  WARN 27588 --- [api-gateway] [ctor-http-nio-5] v.l.a.config.ApiPermissionFilter         : API key validation call failed: Connection refused: no further information: localhost/127.0.0.1:8099
2026-05-13T07:31:22.465+07:00  WARN 27588 --- [api-gateway] [ctor-http-nio-6] v.l.a.config.ApiPermissionFilter         : API key validation call failed: Connection refused: no further information: localhost/127.0.0.1:8099
2026-05-13T07:31:22.465+07:00  WARN 27588 --- [api-gateway] [ctor-http-nio-9] v.l.a.config.ApiPermissionFilter         : API key validation call failed: Connection refused: no further information: localhost/127.0.0.1:8099
2026-05-13T07:31:22.466+07:00 DEBUG 27588 --- [api-gateway] [ctor-http-nio-7] o.s.w.s.adapter.HttpWebHandlerAdapter    : [3e3491f9-60] HTTP GET "/task/tasks/pending/count?familyId=1"
2026-05-13T07:31:22.466+07:00 DEBUG 27588 --- [api-gateway] [ctor-http-nio-8] o.s.w.s.adapter.HttpWebHandlerAdapter    : [c915ea6b-59] HTTP GET "/shopping/shopping-items/pending/count?familyId=1"
2026-05-13T07:31:22.466+07:00 DEBUG 27588 --- [api-gateway] [ctor-http-nio-9] o.s.w.s.adapter.HttpWebHandlerAdapter    : [894bbb95-57] Completed 403 FORBIDDEN
2026-05-13T07:31:22.466+07:00 DEBUG 27588 --- [api-gateway] [ctor-http-nio-6] o.s.w.s.adapter.HttpWebHandlerAdapter    : [20984b41-55] Completed 403 FORBIDDEN
2026-05-13T07:31:22.466+07:00 DEBUG 27588 --- [api-gateway] [ctor-http-nio-5] o.s.w.s.adapter.HttpWebHandlerAdapter    : [c6b3bdad-58] Completed 403 FORBIDDEN
2026-05-13T07:31:22.470+07:00  WARN 27588 --- [api-gateway] [ctor-http-nio-8] v.l.a.config.ApiPermissionFilter         : Reject request due to invalid access token: JWT expired at 2026-04-20T16:33:21Z. Current time: 2026-05-13T00:31:22Z, a difference of 1929481470 milliseconds.  Allowed clock skew: 0 milliseconds.
2026-05-13T07:31:22.470+07:00  WARN 27588 --- [api-gateway] [ctor-http-nio-7] v.l.a.config.ApiPermissionFilter         : Reject request due to invalid access token: JWT expired at 2026-04-20T16:33:21Z. Current time: 2026-05-13T00:31:22Z, a difference of 1929481470 milliseconds.  Allowed clock skew: 0 milliseconds.
2026-05-13T07:31:22.472+07:00 DEBUG 27588 --- [api-gateway] [ctor-http-nio-8] o.s.w.r.f.client.ExchangeFunctions       : [6b659ce8] HTTP POST http://localhost:8099/common/api/v1/expose/inbound/validate
2026-05-13T07:31:22.472+07:00 DEBUG 27588 --- [api-gateway] [ctor-http-nio-7] o.s.w.r.f.client.ExchangeFunctions       : [1e208e] HTTP POST http://localhost:8099/common/api/v1/expose/inbound/validate
2026-05-13T07:31:22.477+07:00  WARN 27588 --- [api-gateway] [ctor-http-nio-8] v.l.a.config.ApiPermissionFilter         : API key validation call failed: Connection refused: no further information: localhost/127.0.0.1:8099
2026-05-13T07:31:22.477+07:00  WARN 27588 --- [api-gateway] [ctor-http-nio-7] v.l.a.config.ApiPermissionFilter         : API key validation call failed: Connection refused: no further information: localhost/127.0.0.1:8099
2026-05-13T07:31:22.479+07:00 DEBUG 27588 --- [api-gateway] [ctor-http-nio-7] o.s.w.s.adapter.HttpWebHandlerAdapter    : [3e3491f9-60] Completed 403 FORBIDDEN
2026-05-13T07:31:22.479+07:00 DEBUG 27588 --- [api-gateway] [ctor-http-nio-8] o.s.w.s.adapter.HttpWebHandlerAdapter    : [c915ea6b-59] Completed 403 FORBIDDEN
2026-05-13T07:31:23.211+07:00 DEBUG 27588 --- [api-gateway] [ctor-http-nio-7] o.s.w.s.adapter.HttpWebHandlerAdapter    : [3e3491f9-61] HTTP OPTIONS "/task/tasks?familyId=1"
2026-05-13T07:31:23.215+07:00 DEBUG 27588 --- [api-gateway] [ctor-http-nio-7] o.s.w.s.adapter.HttpWebHandlerAdapter    : [3e3491f9-61] Completed 200 OK
2026-05-13T07:31:23.222+07:00 DEBUG 27588 --- [api-gateway] [ctor-http-nio-7] o.s.w.s.adapter.HttpWebHandlerAdapter    : [3e3491f9-62] HTTP GET "/task/tasks?familyId=1"
2026-05-13T07:31:23.228+07:00  WARN 27588 --- [api-gateway] [ctor-http-nio-7] v.l.a.config.ApiPermissionFilter         : Reject request due to invalid access token: JWT expired at 2026-04-20T16:33:21Z. Current time: 2026-05-13T00:31:23Z, a difference of 1929482226 milliseconds.  Allowed clock skew: 0 milliseconds.
2026-05-13T07:31:23.228+07:00 DEBUG 27588 --- [api-gateway] [ctor-http-nio-7] o.s.w.r.f.client.ExchangeFunctions       : [e8b87aa] HTTP POST http://localhost:8099/common/api/v1/expose/inbound/validate
2026-05-13T07:31:23.231+07:00  WARN 27588 --- [api-gateway] [ctor-http-nio-7] v.l.a.config.ApiPermissionFilter         : API key validation call failed: Connection refused: no further information: localhost/127.0.0.1:8099
2026-05-13T07:31:23.232+07:00 DEBUG 27588 --- [api-gateway] [ctor-http-nio-7] o.s.w.s.adapter.HttpWebHandlerAdapter    : [3e3491f9-62] Completed 403 FORBIDDEN
2026-05-13T07:31:24.725+07:00 DEBUG 27588 --- [api-gateway] [ctor-http-nio-7] o.s.w.s.adapter.HttpWebHandlerAdapter    : [3e3491f9-63] HTTP GET "/baby/babies?familyId=1"
2026-05-13T07:31:24.733+07:00  WARN 27588 --- [api-gateway] [ctor-http-nio-7] v.l.a.config.ApiPermissionFilter         : Reject request due to invalid access token: JWT expired at 2026-04-20T16:33:21Z. Current time: 2026-05-13T00:31:24Z, a difference of 1929483732 milliseconds.  Allowed clock skew: 0 milliseconds.
2026-05-13T07:31:24.736+07:00 DEBUG 27588 --- [api-gateway] [ctor-http-nio-7] o.s.w.r.f.client.ExchangeFunctions       : [519febfa] HTTP POST http://localhost:8099/common/api/v1/expose/inbound/validate
2026-05-13T07:31:24.739+07:00  WARN 27588 --- [api-gateway] [ctor-http-nio-7] v.l.a.config.ApiPermissionFilter         : API key validation call failed: Connection refused: no further information: localhost/127.0.0.1:8099
2026-05-13T07:31:24.741+07:00 DEBUG 27588 --- [api-gateway] [ctor-http-nio-7] o.s.w.s.adapter.HttpWebHandlerAdapter    : [3e3491f9-63] Completed 403 FORBIDDEN
2026-05-13T07:31:24.748+07:00 DEBUG 27588 --- [api-gateway] [ctor-http-nio-8] o.s.w.s.adapter.HttpWebHandlerAdapter    : [c915ea6b-65] HTTP GET "/insight/insights/dashboard?familyId=1"
2026-05-13T07:31:24.748+07:00 DEBUG 27588 --- [api-gateway] [ctor-http-nio-7] o.s.w.s.adapter.HttpWebHandlerAdapter    : [3e3491f9-64] HTTP GET "/account/families/1"
2026-05-13T07:31:24.751+07:00 DEBUG 27588 --- [api-gateway] [ctor-http-nio-9] o.s.w.s.adapter.HttpWebHandlerAdapter    : [894bbb95-66] HTTP GET "/expense/expenses/summary/daily?familyId=1"
2026-05-13T07:31:24.751+07:00 DEBUG 27588 --- [api-gateway] [ctor-http-nio-5] o.s.w.s.adapter.HttpWebHandlerAdapter    : [c6b3bdad-67] HTTP GET "/expense/expenses/summary?familyId=1&month=2026-05"
2026-05-13T07:31:24.753+07:00 DEBUG 27588 --- [api-gateway] [ctor-http-nio-6] o.s.w.s.adapter.HttpWebHandlerAdapter    : [20984b41-68] HTTP GET "/expense/budgets?familyId=1"
2026-05-13T07:31:24.754+07:00  WARN 27588 --- [api-gateway] [ctor-http-nio-8] v.l.a.config.ApiPermissionFilter         : Reject request due to invalid access token: JWT expired at 2026-04-20T16:33:21Z. Current time: 2026-05-13T00:31:24Z, a difference of 1929483754 milliseconds.  Allowed clock skew: 0 milliseconds.
2026-05-13T07:31:24.754+07:00  WARN 27588 --- [api-gateway] [ctor-http-nio-7] v.l.a.config.ApiPermissionFilter         : Reject request due to invalid access token: JWT expired at 2026-04-20T16:33:21Z. Current time: 2026-05-13T00:31:24Z, a difference of 1929483754 milliseconds.  Allowed clock skew: 0 milliseconds.
2026-05-13T07:31:24.754+07:00 DEBUG 27588 --- [api-gateway] [tor-http-nio-10] o.s.w.s.adapter.HttpWebHandlerAdapter    : [a55e99d2-69] HTTP GET "/meal/meal-plans/today?familyId=1"
2026-05-13T07:31:24.755+07:00  WARN 27588 --- [api-gateway] [ctor-http-nio-9] v.l.a.config.ApiPermissionFilter         : Reject request due to invalid access token: JWT expired at 2026-04-20T16:33:21Z. Current time: 2026-05-13T00:31:24Z, a difference of 1929483754 milliseconds.  Allowed clock skew: 0 milliseconds.
2026-05-13T07:31:24.755+07:00  WARN 27588 --- [api-gateway] [ctor-http-nio-5] v.l.a.config.ApiPermissionFilter         : Reject request due to invalid access token: JWT expired at 2026-04-20T16:33:21Z. Current time: 2026-05-13T00:31:24Z, a difference of 1929483754 milliseconds.  Allowed clock skew: 0 milliseconds.
2026-05-13T07:31:24.757+07:00 DEBUG 27588 --- [api-gateway] [ctor-http-nio-8] o.s.w.r.f.client.ExchangeFunctions       : [68d150fb] HTTP POST http://localhost:8099/common/api/v1/expose/inbound/validate
2026-05-13T07:31:24.757+07:00 DEBUG 27588 --- [api-gateway] [ctor-http-nio-7] o.s.w.r.f.client.ExchangeFunctions       : [467eb74] HTTP POST http://localhost:8099/common/api/v1/expose/inbound/validate
2026-05-13T07:31:24.757+07:00 DEBUG 27588 --- [api-gateway] [ctor-http-nio-5] o.s.w.r.f.client.ExchangeFunctions       : [78ab21b5] HTTP POST http://localhost:8099/common/api/v1/expose/inbound/validate
2026-05-13T07:31:24.757+07:00 DEBUG 27588 --- [api-gateway] [ctor-http-nio-9] o.s.w.r.f.client.ExchangeFunctions       : [706aa673] HTTP POST http://localhost:8099/common/api/v1/expose/inbound/validate
2026-05-13T07:31:24.757+07:00  WARN 27588 --- [api-gateway] [ctor-http-nio-6] v.l.a.config.ApiPermissionFilter         : Reject request due to invalid access token: JWT expired at 2026-04-20T16:33:21Z. Current time: 2026-05-13T00:31:24Z, a difference of 1929483757 milliseconds.  Allowed clock skew: 0 milliseconds.
2026-05-13T07:31:24.757+07:00  WARN 27588 --- [api-gateway] [tor-http-nio-10] v.l.a.config.ApiPermissionFilter         : Reject request due to invalid access token: JWT expired at 2026-04-20T16:33:21Z. Current time: 2026-05-13T00:31:24Z, a difference of 1929483757 milliseconds.  Allowed clock skew: 0 milliseconds.
2026-05-13T07:31:24.760+07:00  WARN 27588 --- [api-gateway] [ctor-http-nio-7] v.l.a.config.ApiPermissionFilter         : API key validation call failed: Connection refused: no further information: localhost/127.0.0.1:8099
2026-05-13T07:31:24.760+07:00 DEBUG 27588 --- [api-gateway] [tor-http-nio-10] o.s.w.r.f.client.ExchangeFunctions       : [3a5da9ba] HTTP POST http://localhost:8099/common/api/v1/expose/inbound/validate
2026-05-13T07:31:24.760+07:00  WARN 27588 --- [api-gateway] [ctor-http-nio-5] v.l.a.config.ApiPermissionFilter         : API key validation call failed: Connection refused: no further information: localhost/127.0.0.1:8099
2026-05-13T07:31:24.760+07:00  WARN 27588 --- [api-gateway] [ctor-http-nio-8] v.l.a.config.ApiPermissionFilter         : API key validation call failed: Connection refused: no further information: localhost/127.0.0.1:8099
2026-05-13T07:31:24.760+07:00  WARN 27588 --- [api-gateway] [ctor-http-nio-9] v.l.a.config.ApiPermissionFilter         : API key validation call failed: Connection refused: no further information: localhost/127.0.0.1:8099
2026-05-13T07:31:24.760+07:00 DEBUG 27588 --- [api-gateway] [ctor-http-nio-6] o.s.w.r.f.client.ExchangeFunctions       : [5f510276] HTTP POST http://localhost:8099/common/api/v1/expose/inbound/validate
2026-05-13T07:31:24.761+07:00 DEBUG 27588 --- [api-gateway] [ctor-http-nio-7] o.s.w.s.adapter.HttpWebHandlerAdapter    : [3e3491f9-64] Completed 403 FORBIDDEN
2026-05-13T07:31:24.762+07:00 DEBUG 27588 --- [api-gateway] [ctor-http-nio-8] o.s.w.s.adapter.HttpWebHandlerAdapter    : [c915ea6b-65] Completed 403 FORBIDDEN
2026-05-13T07:31:24.762+07:00 DEBUG 27588 --- [api-gateway] [ctor-http-nio-5] o.s.w.s.adapter.HttpWebHandlerAdapter    : [c6b3bdad-67] Completed 403 FORBIDDEN
2026-05-13T07:31:24.762+07:00 DEBUG 27588 --- [api-gateway] [ctor-http-nio-9] o.s.w.s.adapter.HttpWebHandlerAdapter    : [894bbb95-66] Completed 403 FORBIDDEN
2026-05-13T07:31:24.763+07:00  WARN 27588 --- [api-gateway] [tor-http-nio-10] v.l.a.config.ApiPermissionFilter         : API key validation call failed: Connection refused: no further information: localhost/127.0.0.1:8099
2026-05-13T07:31:24.764+07:00  WARN 27588 --- [api-gateway] [ctor-http-nio-6] v.l.a.config.ApiPermissionFilter         : API key validation call failed: Connection refused: no further information: localhost/127.0.0.1:8099
2026-05-13T07:31:24.765+07:00 DEBUG 27588 --- [api-gateway] [tor-http-nio-10] o.s.w.s.adapter.HttpWebHandlerAdapter    : [a55e99d2-69] Completed 403 FORBIDDEN
2026-05-13T07:31:24.765+07:00 DEBUG 27588 --- [api-gateway] [ctor-http-nio-6] o.s.w.s.adapter.HttpWebHandlerAdapter    : [20984b41-68] Completed 403 FORBIDDEN
2026-05-13T07:31:24.765+07:00 DEBUG 27588 --- [api-gateway] [ctor-http-nio-7] o.s.w.s.adapter.HttpWebHandlerAdapter    : [3e3491f9-70] HTTP GET "/task/tasks/pending/count?familyId=1"
2026-05-13T07:31:24.765+07:00 DEBUG 27588 --- [api-gateway] [ctor-http-nio-5] o.s.w.s.adapter.HttpWebHandlerAdapter    : [c6b3bdad-71] HTTP GET "/shopping/shopping-items/pending/count?familyId=1"
2026-05-13T07:31:24.771+07:00  WARN 27588 --- [api-gateway] [ctor-http-nio-7] v.l.a.config.ApiPermissionFilter         : Reject request due to invalid access token: JWT expired at 2026-04-20T16:33:21Z. Current time: 2026-05-13T00:31:24Z, a difference of 1929483771 milliseconds.  Allowed clock skew: 0 milliseconds.
2026-05-13T07:31:24.771+07:00  WARN 27588 --- [api-gateway] [ctor-http-nio-5] v.l.a.config.ApiPermissionFilter         : Reject request due to invalid access token: JWT expired at 2026-04-20T16:33:21Z. Current time: 2026-05-13T00:31:24Z, a difference of 1929483771 milliseconds.  Allowed clock skew: 0 milliseconds.
2026-05-13T07:31:24.773+07:00 DEBUG 27588 --- [api-gateway] [ctor-http-nio-7] o.s.w.r.f.client.ExchangeFunctions       : [4342de0f] HTTP POST http://localhost:8099/common/api/v1/expose/inbound/validate
2026-05-13T07:31:24.773+07:00 DEBUG 27588 --- [api-gateway] [ctor-http-nio-5] o.s.w.r.f.client.ExchangeFunctions       : [6e49ee86] HTTP POST http://localhost:8099/common/api/v1/expose/inbound/validate
2026-05-13T07:31:24.776+07:00  WARN 27588 --- [api-gateway] [ctor-http-nio-5] v.l.a.config.ApiPermissionFilter         : API key validation call failed: Connection refused: no further information: localhost/127.0.0.1:8099
2026-05-13T07:31:24.776+07:00  WARN 27588 --- [api-gateway] [ctor-http-nio-7] v.l.a.config.ApiPermissionFilter         : API key validation call failed: Connection refused: no further information: localhost/127.0.0.1:8099
2026-05-13T07:31:24.779+07:00 DEBUG 27588 --- [api-gateway] [ctor-http-nio-7] o.s.w.s.adapter.HttpWebHandlerAdapter    : [3e3491f9-70] Completed 403 FORBIDDEN
2026-05-13T07:31:24.779+07:00 DEBUG 27588 --- [api-gateway] [ctor-http-nio-5] o.s.w.s.adapter.HttpWebHandlerAdapter    : [c6b3bdad-71] Completed 403 FORBIDDEN
2026-05-13T07:31:25.492+07:00 DEBUG 27588 --- [api-gateway] [ctor-http-nio-5] o.s.w.s.adapter.HttpWebHandlerAdapter    : [c6b3bdad-72] HTTP OPTIONS "/shopping/shopping-items?familyId=1"
2026-05-13T07:31:25.496+07:00 DEBUG 27588 --- [api-gateway] [ctor-http-nio-5] o.s.w.s.adapter.HttpWebHandlerAdapter    : [c6b3bdad-72] Completed 200 OK
2026-05-13T07:31:25.502+07:00 DEBUG 27588 --- [api-gateway] [ctor-http-nio-5] o.s.w.s.adapter.HttpWebHandlerAdapter    : [c6b3bdad-73] HTTP GET "/shopping/shopping-items?familyId=1"
2026-05-13T07:31:25.504+07:00  WARN 27588 --- [api-gateway] [ctor-http-nio-5] v.l.a.config.ApiPermissionFilter         : Reject request due to invalid access token: JWT expired at 2026-04-20T16:33:21Z. Current time: 2026-05-13T00:31:25Z, a difference of 1929484504 milliseconds.  Allowed clock skew: 0 milliseconds.
2026-05-13T07:31:25.506+07:00 DEBUG 27588 --- [api-gateway] [ctor-http-nio-5] o.s.w.r.f.client.ExchangeFunctions       : [38ea1e22] HTTP POST http://localhost:8099/common/api/v1/expose/inbound/validate
2026-05-13T07:31:25.508+07:00  WARN 27588 --- [api-gateway] [ctor-http-nio-5] v.l.a.config.ApiPermissionFilter         : API key validation call failed: Connection refused: no further information: localhost/127.0.0.1:8099
2026-05-13T07:31:25.510+07:00 DEBUG 27588 --- [api-gateway] [ctor-http-nio-5] o.s.w.s.adapter.HttpWebHandlerAdapter    : [c6b3bdad-73] Completed 403 FORBIDDEN
2026-05-13T07:31:26.025+07:00 DEBUG 27588 --- [api-gateway] [ctor-http-nio-5] o.s.w.s.adapter.HttpWebHandlerAdapter    : [c6b3bdad-74] HTTP GET "/baby/babies?familyId=1"
2026-05-13T07:31:26.032+07:00  WARN 27588 --- [api-gateway] [ctor-http-nio-5] v.l.a.config.ApiPermissionFilter         : Reject request due to invalid access token: JWT expired at 2026-04-20T16:33:21Z. Current time: 2026-05-13T00:31:26Z, a difference of 1929485032 milliseconds.  Allowed clock skew: 0 milliseconds.
2026-05-13T07:31:26.034+07:00 DEBUG 27588 --- [api-gateway] [ctor-http-nio-5] o.s.w.r.f.client.ExchangeFunctions       : [2ea6e3d9] HTTP POST http://localhost:8099/common/api/v1/expose/inbound/validate
2026-05-13T07:31:26.037+07:00  WARN 27588 --- [api-gateway] [ctor-http-nio-5] v.l.a.config.ApiPermissionFilter         : API key validation call failed: Connection refused: no further information: localhost/127.0.0.1:8099
2026-05-13T07:31:26.039+07:00 DEBUG 27588 --- [api-gateway] [ctor-http-nio-5] o.s.w.s.adapter.HttpWebHandlerAdapter    : [c6b3bdad-74] Completed 403 FORBIDDEN
2026-05-13T07:31:26.042+07:00 DEBUG 27588 --- [api-gateway] [ctor-http-nio-5] o.s.w.s.adapter.HttpWebHandlerAdapter    : [c6b3bdad-75] HTTP GET "/account/families/1"
2026-05-13T07:31:26.042+07:00 DEBUG 27588 --- [api-gateway] [ctor-http-nio-7] o.s.w.s.adapter.HttpWebHandlerAdapter    : [3e3491f9-76] HTTP GET "/insight/insights/dashboard?familyId=1"
2026-05-13T07:31:26.042+07:00 DEBUG 27588 --- [api-gateway] [ctor-http-nio-6] o.s.w.s.adapter.HttpWebHandlerAdapter    : [20984b41-77] HTTP GET "/expense/expenses/summary/daily?familyId=1"
2026-05-13T07:31:26.046+07:00 DEBUG 27588 --- [api-gateway] [tor-http-nio-10] o.s.w.s.adapter.HttpWebHandlerAdapter    : [a55e99d2-78] HTTP GET "/expense/expenses/summary?familyId=1&month=2026-05"
2026-05-13T07:31:26.046+07:00 DEBUG 27588 --- [api-gateway] [ctor-http-nio-8] o.s.w.s.adapter.HttpWebHandlerAdapter    : [c915ea6b-80] HTTP GET "/meal/meal-plans/today?familyId=1"
2026-05-13T07:31:26.046+07:00 DEBUG 27588 --- [api-gateway] [ctor-http-nio-9] o.s.w.s.adapter.HttpWebHandlerAdapter    : [894bbb95-79] HTTP GET "/expense/budgets?familyId=1"
2026-05-13T07:31:26.046+07:00  WARN 27588 --- [api-gateway] [ctor-http-nio-5] v.l.a.config.ApiPermissionFilter         : Reject request due to invalid access token: JWT expired at 2026-04-20T16:33:21Z. Current time: 2026-05-13T00:31:26Z, a difference of 1929485046 milliseconds.  Allowed clock skew: 0 milliseconds.
2026-05-13T07:31:26.046+07:00  WARN 27588 --- [api-gateway] [ctor-http-nio-7] v.l.a.config.ApiPermissionFilter         : Reject request due to invalid access token: JWT expired at 2026-04-20T16:33:21Z. Current time: 2026-05-13T00:31:26Z, a difference of 1929485046 milliseconds.  Allowed clock skew: 0 milliseconds.
2026-05-13T07:31:26.046+07:00  WARN 27588 --- [api-gateway] [ctor-http-nio-6] v.l.a.config.ApiPermissionFilter         : Reject request due to invalid access token: JWT expired at 2026-04-20T16:33:21Z. Current time: 2026-05-13T00:31:26Z, a difference of 1929485046 milliseconds.  Allowed clock skew: 0 milliseconds.
2026-05-13T07:31:26.048+07:00  WARN 27588 --- [api-gateway] [tor-http-nio-10] v.l.a.config.ApiPermissionFilter         : Reject request due to invalid access token: JWT expired at 2026-04-20T16:33:21Z. Current time: 2026-05-13T00:31:26Z, a difference of 1929485048 milliseconds.  Allowed clock skew: 0 milliseconds.
2026-05-13T07:31:26.049+07:00 DEBUG 27588 --- [api-gateway] [ctor-http-nio-5] o.s.w.r.f.client.ExchangeFunctions       : [2ac89962] HTTP POST http://localhost:8099/common/api/v1/expose/inbound/validate
2026-05-13T07:31:26.048+07:00  WARN 27588 --- [api-gateway] [ctor-http-nio-8] v.l.a.config.ApiPermissionFilter         : Reject request due to invalid access token: JWT expired at 2026-04-20T16:33:21Z. Current time: 2026-05-13T00:31:26Z, a difference of 1929485048 milliseconds.  Allowed clock skew: 0 milliseconds.
2026-05-13T07:31:26.048+07:00  WARN 27588 --- [api-gateway] [ctor-http-nio-9] v.l.a.config.ApiPermissionFilter         : Reject request due to invalid access token: JWT expired at 2026-04-20T16:33:21Z. Current time: 2026-05-13T00:31:26Z, a difference of 1929485048 milliseconds.  Allowed clock skew: 0 milliseconds.
2026-05-13T07:31:26.049+07:00 DEBUG 27588 --- [api-gateway] [ctor-http-nio-6] o.s.w.r.f.client.ExchangeFunctions       : [32298955] HTTP POST http://localhost:8099/common/api/v1/expose/inbound/validate
2026-05-13T07:31:26.049+07:00 DEBUG 27588 --- [api-gateway] [ctor-http-nio-7] o.s.w.r.f.client.ExchangeFunctions       : [3ef833c6] HTTP POST http://localhost:8099/common/api/v1/expose/inbound/validate
2026-05-13T07:31:26.050+07:00 DEBUG 27588 --- [api-gateway] [tor-http-nio-10] o.s.w.r.f.client.ExchangeFunctions       : [40e44229] HTTP POST http://localhost:8099/common/api/v1/expose/inbound/validate
2026-05-13T07:31:26.050+07:00 DEBUG 27588 --- [api-gateway] [ctor-http-nio-8] o.s.w.r.f.client.ExchangeFunctions       : [f2326f9] HTTP POST http://localhost:8099/common/api/v1/expose/inbound/validate
2026-05-13T07:31:26.050+07:00 DEBUG 27588 --- [api-gateway] [ctor-http-nio-9] o.s.w.r.f.client.ExchangeFunctions       : [6595ca59] HTTP POST http://localhost:8099/common/api/v1/expose/inbound/validate
2026-05-13T07:31:26.052+07:00  WARN 27588 --- [api-gateway] [ctor-http-nio-8] v.l.a.config.ApiPermissionFilter         : API key validation call failed: Connection refused: no further information: localhost/127.0.0.1:8099
2026-05-13T07:31:26.052+07:00  WARN 27588 --- [api-gateway] [ctor-http-nio-7] v.l.a.config.ApiPermissionFilter         : API key validation call failed: Connection refused: no further information: localhost/127.0.0.1:8099
2026-05-13T07:31:26.052+07:00  WARN 27588 --- [api-gateway] [ctor-http-nio-9] v.l.a.config.ApiPermissionFilter         : API key validation call failed: Connection refused: no further information: localhost/127.0.0.1:8099
2026-05-13T07:31:26.052+07:00  WARN 27588 --- [api-gateway] [tor-http-nio-10] v.l.a.config.ApiPermissionFilter         : API key validation call failed: Connection refused: no further information: localhost/127.0.0.1:8099
2026-05-13T07:31:26.052+07:00  WARN 27588 --- [api-gateway] [ctor-http-nio-5] v.l.a.config.ApiPermissionFilter         : API key validation call failed: Connection refused: no further information: localhost/127.0.0.1:8099
2026-05-13T07:31:26.052+07:00  WARN 27588 --- [api-gateway] [ctor-http-nio-6] v.l.a.config.ApiPermissionFilter         : API key validation call failed: Connection refused: no further information: localhost/127.0.0.1:8099
2026-05-13T07:31:26.054+07:00 DEBUG 27588 --- [api-gateway] [ctor-http-nio-7] o.s.w.s.adapter.HttpWebHandlerAdapter    : [3e3491f9-76] Completed 403 FORBIDDEN
2026-05-13T07:31:26.054+07:00 DEBUG 27588 --- [api-gateway] [ctor-http-nio-8] o.s.w.s.adapter.HttpWebHandlerAdapter    : [c915ea6b-80] Completed 403 FORBIDDEN
2026-05-13T07:31:26.054+07:00 DEBUG 27588 --- [api-gateway] [ctor-http-nio-9] o.s.w.s.adapter.HttpWebHandlerAdapter    : [894bbb95-79] Completed 403 FORBIDDEN
2026-05-13T07:31:26.054+07:00 DEBUG 27588 --- [api-gateway] [tor-http-nio-10] o.s.w.s.adapter.HttpWebHandlerAdapter    : [a55e99d2-78] Completed 403 FORBIDDEN
2026-05-13T07:31:26.054+07:00 DEBUG 27588 --- [api-gateway] [ctor-http-nio-5] o.s.w.s.adapter.HttpWebHandlerAdapter    : [c6b3bdad-75] Completed 403 FORBIDDEN
2026-05-13T07:31:26.054+07:00 DEBUG 27588 --- [api-gateway] [ctor-http-nio-6] o.s.w.s.adapter.HttpWebHandlerAdapter    : [20984b41-77] Completed 403 FORBIDDEN
2026-05-13T07:31:26.058+07:00 DEBUG 27588 --- [api-gateway] [ctor-http-nio-8] o.s.w.s.adapter.HttpWebHandlerAdapter    : [c915ea6b-81] HTTP GET "/shopping/shopping-items/pending/count?familyId=1"
2026-05-13T07:31:26.058+07:00 DEBUG 27588 --- [api-gateway] [ctor-http-nio-9] o.s.w.s.adapter.HttpWebHandlerAdapter    : [894bbb95-82] HTTP GET "/task/tasks/pending/count?familyId=1"
2026-05-13T07:31:26.061+07:00  WARN 27588 --- [api-gateway] [ctor-http-nio-9] v.l.a.config.ApiPermissionFilter         : Reject request due to invalid access token: JWT expired at 2026-04-20T16:33:21Z. Current time: 2026-05-13T00:31:26Z, a difference of 1929485061 milliseconds.  Allowed clock skew: 0 milliseconds.
2026-05-13T07:31:26.061+07:00  WARN 27588 --- [api-gateway] [ctor-http-nio-8] v.l.a.config.ApiPermissionFilter         : Reject request due to invalid access token: JWT expired at 2026-04-20T16:33:21Z. Current time: 2026-05-13T00:31:26Z, a difference of 1929485061 milliseconds.  Allowed clock skew: 0 milliseconds.
2026-05-13T07:31:26.063+07:00 DEBUG 27588 --- [api-gateway] [ctor-http-nio-8] o.s.w.r.f.client.ExchangeFunctions       : [414255d5] HTTP POST http://localhost:8099/common/api/v1/expose/inbound/validate
2026-05-13T07:31:26.063+07:00 DEBUG 27588 --- [api-gateway] [ctor-http-nio-9] o.s.w.r.f.client.ExchangeFunctions       : [2544325a] HTTP POST http://localhost:8099/common/api/v1/expose/inbound/validate
2026-05-13T07:31:26.065+07:00  WARN 27588 --- [api-gateway] [ctor-http-nio-8] v.l.a.config.ApiPermissionFilter         : API key validation call failed: Connection refused: no further information: localhost/127.0.0.1:8099
2026-05-13T07:31:26.065+07:00  WARN 27588 --- [api-gateway] [ctor-http-nio-9] v.l.a.config.ApiPermissionFilter         : API key validation call failed: Connection refused: no further information: localhost/127.0.0.1:8099
2026-05-13T07:31:26.067+07:00 DEBUG 27588 --- [api-gateway] [ctor-http-nio-9] o.s.w.s.adapter.HttpWebHandlerAdapter    : [894bbb95-82] Completed 403 FORBIDDEN
2026-05-13T07:31:26.067+07:00 DEBUG 27588 --- [api-gateway] [ctor-http-nio-8] o.s.w.s.adapter.HttpWebHandlerAdapter    : [c915ea6b-81] Completed 403 FORBIDDEN
2026-05-13T07:31:27.818+07:00 DEBUG 27588 --- [api-gateway] [ctor-http-nio-9] o.s.w.s.adapter.HttpWebHandlerAdapter    : [894bbb95-83] HTTP OPTIONS "/account/families/1"
2026-05-13T07:31:27.823+07:00 DEBUG 27588 --- [api-gateway] [ctor-http-nio-9] o.s.w.s.adapter.HttpWebHandlerAdapter    : [894bbb95-83] Completed 200 OK
2026-05-13T07:31:27.830+07:00 DEBUG 27588 --- [api-gateway] [ctor-http-nio-9] o.s.w.s.adapter.HttpWebHandlerAdapter    : [894bbb95-84] HTTP GET "/account/families/1"
2026-05-13T07:31:27.832+07:00  WARN 27588 --- [api-gateway] [ctor-http-nio-9] v.l.a.config.ApiPermissionFilter         : Reject request due to invalid access token: JWT expired at 2026-04-20T16:33:21Z. Current time: 2026-05-13T00:31:27Z, a difference of 1929486832 milliseconds.  Allowed clock skew: 0 milliseconds.
2026-05-13T07:31:27.834+07:00 DEBUG 27588 --- [api-gateway] [ctor-http-nio-9] o.s.w.r.f.client.ExchangeFunctions       : [976a0f6] HTTP POST http://localhost:8099/common/api/v1/expose/inbound/validate
2026-05-13T07:31:27.837+07:00  WARN 27588 --- [api-gateway] [ctor-http-nio-9] v.l.a.config.ApiPermissionFilter         : API key validation call failed: Connection refused: no further information: localhost/127.0.0.1:8099
2026-05-13T07:31:27.839+07:00 DEBUG 27588 --- [api-gateway] [ctor-http-nio-9] o.s.w.s.adapter.HttpWebHandlerAdapter    : [894bbb95-84] Completed 403 FORBIDDEN
2026-05-13T07:34:50.833+07:00  INFO 27588 --- [api-gateway] [xecutorLoop-3-1] i.l.core.protocol.ConnectionWatchdog     : Reconnecting, last destination was localhost/127.0.0.1:6379
2026-05-13T07:34:50.869+07:00  WARN 27588 --- [api-gateway] [ioEventLoop-5-2] i.l.core.protocol.ConnectionWatchdog     : Cannot reconnect to [localhost/<unresolved>:6379]: Connection closed prematurely

io.lettuce.core.RedisConnectionException: Connection closed prematurely
	at io.lettuce.core.protocol.RedisHandshakeHandler.channelInactive(RedisHandshakeHandler.java:91) ~[lettuce-core-6.3.2.RELEASE.jar:6.3.2.RELEASE/8941aea]
	at io.netty.channel.AbstractChannelHandlerContext.invokeChannelInactive(AbstractChannelHandlerContext.java:303) ~[netty-transport-4.1.112.Final.jar:4.1.112.Final]
	at io.netty.channel.AbstractChannelHandlerContext.invokeChannelInactive(AbstractChannelHandlerContext.java:281) ~[netty-transport-4.1.112.Final.jar:4.1.112.Final]
	at io.netty.channel.AbstractChannelHandlerContext.fireChannelInactive(AbstractChannelHandlerContext.java:274) ~[netty-transport-4.1.112.Final.jar:4.1.112.Final]
	at io.netty.channel.ChannelInboundHandlerAdapter.channelInactive(ChannelInboundHandlerAdapter.java:81) ~[netty-transport-4.1.112.Final.jar:4.1.112.Final]
	at io.lettuce.core.ChannelGroupListener.channelInactive(ChannelGroupListener.java:69) ~[lettuce-core-6.3.2.RELEASE.jar:6.3.2.RELEASE/8941aea]
	at io.netty.channel.AbstractChannelHandlerContext.invokeChannelInactive(AbstractChannelHandlerContext.java:303) ~[netty-transport-4.1.112.Final.jar:4.1.112.Final]
	at io.netty.channel.AbstractChannelHandlerContext.invokeChannelInactive(AbstractChannelHandlerContext.java:281) ~[netty-transport-4.1.112.Final.jar:4.1.112.Final]
	at io.netty.channel.AbstractChannelHandlerContext.fireChannelInactive(AbstractChannelHandlerContext.java:274) ~[netty-transport-4.1.112.Final.jar:4.1.112.Final]
	at io.netty.channel.DefaultChannelPipeline$HeadContext.channelInactive(DefaultChannelPipeline.java:1402) ~[netty-transport-4.1.112.Final.jar:4.1.112.Final]
	at io.netty.channel.AbstractChannelHandlerContext.invokeChannelInactive(AbstractChannelHandlerContext.java:301) ~[netty-transport-4.1.112.Final.jar:4.1.112.Final]
	at io.netty.channel.AbstractChannelHandlerContext.invokeChannelInactive(AbstractChannelHandlerContext.java:281) ~[netty-transport-4.1.112.Final.jar:4.1.112.Final]
	at io.netty.channel.DefaultChannelPipeline.fireChannelInactive(DefaultChannelPipeline.java:900) ~[netty-transport-4.1.112.Final.jar:4.1.112.Final]
	at io.netty.channel.AbstractChannel$AbstractUnsafe$7.run(AbstractChannel.java:811) ~[netty-transport-4.1.112.Final.jar:4.1.112.Final]
	at io.netty.util.concurrent.AbstractEventExecutor.runTask(AbstractEventExecutor.java:173) ~[netty-common-4.1.112.Final.jar:4.1.112.Final]
	at io.netty.util.concurrent.AbstractEventExecutor.safeExecute(AbstractEventExecutor.java:166) ~[netty-common-4.1.112.Final.jar:4.1.112.Final]
	at io.netty.util.concurrent.SingleThreadEventExecutor.runAllTasks(SingleThreadEventExecutor.java:469) ~[netty-common-4.1.112.Final.jar:4.1.112.Final]
	at io.netty.channel.nio.NioEventLoop.run(NioEventLoop.java:566) ~[netty-transport-4.1.112.Final.jar:4.1.112.Final]
	at io.netty.util.concurrent.SingleThreadEventExecutor$4.run(SingleThreadEventExecutor.java:994) ~[netty-common-4.1.112.Final.jar:4.1.112.Final]
	at io.netty.util.internal.ThreadExecutorMap$2.run(ThreadExecutorMap.java:74) ~[netty-common-4.1.112.Final.jar:4.1.112.Final]
	at io.netty.util.concurrent.FastThreadLocalRunnable.run(FastThreadLocalRunnable.java:30) ~[netty-common-4.1.112.Final.jar:4.1.112.Final]
	at java.base/java.lang.Thread.run(Thread.java:833) ~[na:na]

2026-05-13T07:34:56.108+07:00  INFO 27588 --- [api-gateway] [ecutorLoop-3-12] i.l.core.protocol.ConnectionWatchdog     : Reconnecting, last destination was localhost/<unresolved>:6379
2026-05-13T07:34:56.113+07:00  WARN 27588 --- [api-gateway] [ioEventLoop-5-1] i.l.core.protocol.ConnectionWatchdog     : Cannot reconnect to [localhost/<unresolved>:6379]: Connection refused: no further information: localhost/127.0.0.1:6379
