[INFO] Scanning for projects...
[INFO] ------------------------------------------------------------------------
[INFO] Detecting the operating system and CPU architecture
[INFO] ------------------------------------------------------------------------
[INFO] os.detected.name: windows
[INFO] os.detected.arch: x86_64
[INFO] os.detected.bitness: 64
[INFO] os.detected.version: 10.0
[INFO] os.detected.version.major: 10
[INFO] os.detected.version.minor: 0
[INFO] os.detected.classifier: windows-x86_64
[INFO] 
[INFO] ------------------< vn.agent:authentication-service >-------------------
[INFO] Building authentication-service 0.0.1-SNAPSHOT
[INFO]   from pom.xml
[INFO] --------------------------------[ jar ]---------------------------------
[INFO] 
[INFO] >>> spring-boot:3.3.3:run (default-cli) > test-compile @ authentication-service >>>
[INFO] 
[INFO] --- protobuf:0.6.1:compile (generate-protobuf-sources) @ authentication-service ---
[INFO] Compiling 1 proto file(s) to D:\AI-AGENT\BabySystem\codebase\backend\authentication-service\target\generated-sources\protobuf\java
[INFO] 
[INFO] --- protobuf:0.6.1:compile-custom (generate-protobuf-sources) @ authentication-service ---
[INFO] Compiling 1 proto file(s) to D:\AI-AGENT\BabySystem\codebase\backend\authentication-service\target\generated-sources\protobuf\grpc-java
[INFO] 
[INFO] --- build-helper:3.5.0:add-source (add-protobuf-sources) @ authentication-service ---
[INFO] Source directory: D:\AI-AGENT\BabySystem\codebase\backend\authentication-service\target\generated-sources\protobuf\java added.
[INFO] Source directory: D:\AI-AGENT\BabySystem\codebase\backend\authentication-service\target\generated-sources\protobuf\grpc-java added.
[INFO] 
[INFO] --- resources:3.3.1:resources (default-resources) @ authentication-service ---
[INFO] Copying 5 resources from src\main\resources to target\classes
[INFO] Copying 7 resources from src\main\resources to target\classes
[INFO] Copying 1 resource from src\main\proto to target\classes
[INFO] Copying 1 resource from src\main\proto to target\classes
[INFO] 
[INFO] --- compiler:3.13.0:compile (default-compile) @ authentication-service ---
[INFO] Nothing to compile - all classes are up to date.
[INFO] 
[INFO] --- resources:3.3.1:testResources (default-testResources) @ authentication-service ---
[INFO] skip non existing resourceDirectory D:\AI-AGENT\BabySystem\codebase\backend\authentication-service\src\test\resources
[INFO] 
[INFO] --- compiler:3.13.0:testCompile (default-testCompile) @ authentication-service ---
[INFO] Recompiling the module because of changed dependency.
[INFO] Compiling 3 source files with javac [debug parameters release 17] to target\test-classes
[INFO] 
[INFO] <<< spring-boot:3.3.3:run (default-cli) < test-compile @ authentication-service <<<
[INFO] 
[INFO] 
[INFO] --- spring-boot:3.3.3:run (default-cli) @ authentication-service ---
[INFO] Attaching agents: []
Standard Commons Logging discovery in action with spring-jcl: please remove commons-logging.jar from classpath in order to avoid potential conflicts
     _         _   _       ____                  _
    / \  _   _| |_| |__   / ___|  ___ _ ____   _(_) ___ ___
   / _ \| | | | __| '_ \  \___ \ / _ \ '__\ \ / / |/ __/ _ \
  / ___ \ |_| | |_| | | |  ___) |  __/ |   \ V /| | (_|  __/
 /_/   \_\__,_|\__|_| |_| |____/ \___|_|    \_/ |_|\___\___|
2026-05-13T07:28:23.919+07:00  INFO 24684 --- [authentication-service] [           main] v.a.AuthenticationServiceApplication     : Starting AuthenticationServiceApplication using Java 17.0.8 with PID 24684 (D:\AI-AGENT\BabySystem\codebase\backend\authentication-service\target\classes started by admin in D:\AI-AGENT\BabySystem\codebase\backend\authentication-service)
2026-05-13T07:28:23.943+07:00  INFO 24684 --- [authentication-service] [           main] v.a.AuthenticationServiceApplication     : The following 1 profile is active: "dev"
2026-05-13T07:28:23.946+07:00 DEBUG 24684 --- [authentication-service] [           main] o.s.boot.SpringApplication               : Loading source class vn.agent.AuthenticationServiceApplication
2026-05-13T07:28:24.021+07:00 DEBUG 24684 --- [authentication-service] [           main] ConfigServletWebServerApplicationContext : Refreshing org.springframework.boot.web.servlet.context.AnnotationConfigServletWebServerApplicationContext@5023bb8b
2026-05-13T07:28:27.419+07:00  INFO 24684 --- [authentication-service] [           main] .s.d.r.c.RepositoryConfigurationDelegate : Multiple Spring Data modules found, entering strict repository configuration mode
2026-05-13T07:28:27.421+07:00  INFO 24684 --- [authentication-service] [           main] .s.d.r.c.RepositoryConfigurationDelegate : Bootstrapping Spring Data Redis repositories in DEFAULT mode.
2026-05-13T07:28:27.467+07:00  INFO 24684 --- [authentication-service] [           main] .s.d.r.c.RepositoryConfigurationDelegate : Finished Spring Data repository scanning in 8 ms. Found 0 Redis repository interfaces.
2026-05-13T07:28:29.247+07:00  INFO 24684 --- [authentication-service] [           main] .s.d.r.c.RepositoryConfigurationDelegate : Multiple Spring Data modules found, entering strict repository configuration mode
2026-05-13T07:28:29.250+07:00  INFO 24684 --- [authentication-service] [           main] .s.d.r.c.RepositoryConfigurationDelegate : Bootstrapping Spring Data JPA repositories in DEFAULT mode.
2026-05-13T07:28:29.267+07:00 DEBUG 24684 --- [authentication-service] [           main] o.s.b.a.AutoConfigurationPackages        : @EnableAutoConfiguration was declared on a class in the package 'vn.agent'. Automatic @Repository and @Entity scanning is enabled.
2026-05-13T07:28:29.615+07:00  INFO 24684 --- [authentication-service] [           main] .RepositoryConfigurationExtensionSupport : Spring Data JPA - Could not safely identify store assignment for repository candidate interface vn.agent.repository.TokenRepository; If you want this repository to be a JPA repository, consider annotating your entities with one of these annotations: jakarta.persistence.Entity, jakarta.persistence.MappedSuperclass (preferred), or consider extending one of the following types with your repository: org.springframework.data.jpa.repository.JpaRepository
2026-05-13T07:28:29.671+07:00  INFO 24684 --- [authentication-service] [           main] .s.d.r.c.RepositoryConfigurationDelegate : Finished Spring Data repository scanning in 417 ms. Found 6 JPA repository interfaces.
2026-05-13T07:28:29.683+07:00  INFO 24684 --- [authentication-service] [           main] .s.d.r.c.RepositoryConfigurationDelegate : Multiple Spring Data modules found, entering strict repository configuration mode
2026-05-13T07:28:29.684+07:00  INFO 24684 --- [authentication-service] [           main] .s.d.r.c.RepositoryConfigurationDelegate : Bootstrapping Spring Data Redis repositories in DEFAULT mode.
2026-05-13T07:28:29.694+07:00  INFO 24684 --- [authentication-service] [           main] .RepositoryConfigurationExtensionSupport : Spring Data Redis - Could not safely identify store assignment for repository candidate interface vn.agent.repository.PermissionRepository; If you want this repository to be a Redis repository, consider annotating your entities with one of these annotations: org.springframework.data.redis.core.RedisHash (preferred), or consider extending one of the following types with your repository: org.springframework.data.keyvalue.repository.KeyValueRepository
2026-05-13T07:28:29.696+07:00  INFO 24684 --- [authentication-service] [           main] .RepositoryConfigurationExtensionSupport : Spring Data Redis - Could not safely identify store assignment for repository candidate interface vn.agent.repository.RoleHasPermissionRepository; If you want this repository to be a Redis repository, consider annotating your entities with one of these annotations: org.springframework.data.redis.core.RedisHash (preferred), or consider extending one of the following types with your repository: org.springframework.data.keyvalue.repository.KeyValueRepository
2026-05-13T07:28:29.697+07:00  INFO 24684 --- [authentication-service] [           main] .RepositoryConfigurationExtensionSupport : Spring Data Redis - Could not safely identify store assignment for repository candidate interface vn.agent.repository.RoleRepository; If you want this repository to be a Redis repository, consider annotating your entities with one of these annotations: org.springframework.data.redis.core.RedisHash (preferred), or consider extending one of the following types with your repository: org.springframework.data.keyvalue.repository.KeyValueRepository
2026-05-13T07:28:29.699+07:00  INFO 24684 --- [authentication-service] [           main] .RepositoryConfigurationExtensionSupport : Spring Data Redis - Could not safely identify store assignment for repository candidate interface vn.agent.repository.UserAuditLogRepository; If you want this repository to be a Redis repository, consider annotating your entities with one of these annotations: org.springframework.data.redis.core.RedisHash (preferred), or consider extending one of the following types with your repository: org.springframework.data.keyvalue.repository.KeyValueRepository
2026-05-13T07:28:29.700+07:00  INFO 24684 --- [authentication-service] [           main] .RepositoryConfigurationExtensionSupport : Spring Data Redis - Could not safely identify store assignment for repository candidate interface vn.agent.repository.UserHasRoleRepository; If you want this repository to be a Redis repository, consider annotating your entities with one of these annotations: org.springframework.data.redis.core.RedisHash (preferred), or consider extending one of the following types with your repository: org.springframework.data.keyvalue.repository.KeyValueRepository
2026-05-13T07:28:29.701+07:00  INFO 24684 --- [authentication-service] [           main] .RepositoryConfigurationExtensionSupport : Spring Data Redis - Could not safely identify store assignment for repository candidate interface vn.agent.repository.UserRepository; If you want this repository to be a Redis repository, consider annotating your entities with one of these annotations: org.springframework.data.redis.core.RedisHash (preferred), or consider extending one of the following types with your repository: org.springframework.data.keyvalue.repository.KeyValueRepository
2026-05-13T07:28:29.710+07:00  INFO 24684 --- [authentication-service] [           main] .s.d.r.c.RepositoryConfigurationDelegate : Finished Spring Data repository scanning in 24 ms. Found 1 Redis repository interface.
2026-05-13T07:28:31.973+07:00 DEBUG 24684 --- [authentication-service] [           main] .s.b.w.e.t.TomcatServletWebServerFactory : Code archive: C:\Users\admin\.m2\repository\org\springframework\boot\spring-boot\3.3.3\spring-boot-3.3.3.jar
2026-05-13T07:28:31.976+07:00 DEBUG 24684 --- [authentication-service] [           main] .s.b.w.e.t.TomcatServletWebServerFactory : Code archive: C:\Users\admin\.m2\repository\org\springframework\boot\spring-boot\3.3.3\spring-boot-3.3.3.jar
2026-05-13T07:28:31.978+07:00 DEBUG 24684 --- [authentication-service] [           main] .s.b.w.e.t.TomcatServletWebServerFactory : None of the document roots [src/main/webapp, public, static] point to a directory and will be ignored.
2026-05-13T07:28:32.007+07:00  INFO 24684 --- [authentication-service] [           main] o.s.b.w.embedded.tomcat.TomcatWebServer  : Tomcat initialized with port 8081 (http)
2026-05-13T07:28:32.026+07:00  INFO 24684 --- [authentication-service] [           main] o.apache.catalina.core.StandardService   : Starting service [Tomcat]
2026-05-13T07:28:32.028+07:00  INFO 24684 --- [authentication-service] [           main] o.apache.catalina.core.StandardEngine    : Starting Servlet engine: [Apache Tomcat/10.1.28]
2026-05-13T07:28:32.140+07:00  INFO 24684 --- [authentication-service] [           main] o.a.c.c.C.[Tomcat].[localhost].[/]       : Initializing Spring embedded WebApplicationContext
2026-05-13T07:28:32.143+07:00 DEBUG 24684 --- [authentication-service] [           main] w.s.c.ServletWebServerApplicationContext : Published root WebApplicationContext as ServletContext attribute with name [org.springframework.web.context.WebApplicationContext.ROOT]
2026-05-13T07:28:32.145+07:00  INFO 24684 --- [authentication-service] [           main] w.s.c.ServletWebServerApplicationContext : Root WebApplicationContext: initialization completed in 8124 ms
Standard Commons Logging discovery in action with spring-jcl: please remove commons-logging.jar from classpath in order to avoid potential conflicts
2026-05-13T07:28:32.432+07:00 DEBUG 24684 --- [authentication-service] [           main] o.s.b.w.s.f.OrderedRequestContextFilter  : Filter 'requestContextFilter' configured for use
2026-05-13T07:28:32.436+07:00 DEBUG 24684 --- [authentication-service] [           main] s.b.w.s.f.OrderedCharacterEncodingFilter : Filter 'characterEncodingFilter' configured for use
2026-05-13T07:28:32.437+07:00 DEBUG 24684 --- [authentication-service] [           main] .DelegatingFilterProxyRegistrationBean$1 : Filter 'springSecurityFilterChain' configured for use
2026-05-13T07:28:32.437+07:00 DEBUG 24684 --- [authentication-service] [           main] o.s.b.w.s.f.OrderedFormContentFilter     : Filter 'formContentFilter' configured for use
2026-05-13T07:28:32.680+07:00  INFO 24684 --- [authentication-service] [           main] com.zaxxer.hikari.HikariDataSource       : HikariPool-1 - Starting...
2026-05-13T07:28:32.832+07:00  INFO 24684 --- [authentication-service] [           main] com.zaxxer.hikari.pool.HikariPool        : HikariPool-1 - Added connection org.postgresql.jdbc.PgConnection@75345e47
2026-05-13T07:28:32.836+07:00  INFO 24684 --- [authentication-service] [           main] com.zaxxer.hikari.HikariDataSource       : HikariPool-1 - Start completed.
2026-05-13T07:28:32.867+07:00  INFO 24684 --- [authentication-service] [           main] org.flywaydb.core.FlywayExecutor         : Database: jdbc:postgresql://localhost:5432/auth_db (PostgreSQL 16.13)
2026-05-13T07:28:32.926+07:00  INFO 24684 --- [authentication-service] [           main] o.f.core.internal.command.DbValidate     : Successfully validated 6 migrations (execution time 00:00.035s)
2026-05-13T07:28:32.971+07:00  INFO 24684 --- [authentication-service] [           main] o.f.core.internal.command.DbMigrate      : Current version of schema "public": 6
2026-05-13T07:28:32.973+07:00  INFO 24684 --- [authentication-service] [           main] o.f.core.internal.command.DbMigrate      : Schema "public" is up to date. No migration necessary.
2026-05-13T07:28:33.081+07:00  INFO 24684 --- [authentication-service] [           main] o.hibernate.jpa.internal.util.LogHelper  : HHH000204: Processing PersistenceUnitInfo [name: default]
2026-05-13T07:28:33.142+07:00  INFO 24684 --- [authentication-service] [           main] org.hibernate.Version                    : HHH000412: Hibernate ORM core version 6.5.2.Final
2026-05-13T07:28:33.177+07:00  INFO 24684 --- [authentication-service] [           main] o.h.c.internal.RegionFactoryInitiator    : HHH000026: Second-level cache disabled
2026-05-13T07:28:33.407+07:00  INFO 24684 --- [authentication-service] [           main] o.s.o.j.p.SpringPersistenceUnitInfo      : No LoadTimeWeaver setup: ignoring JPA class transformer
2026-05-13T07:28:33.454+07:00  WARN 24684 --- [authentication-service] [           main] org.hibernate.orm.deprecation            : HHH90000025: PostgreSQLDialect does not need to be specified explicitly using 'hibernate.dialect' (remove the property setting and it will be selected by default)
2026-05-13T07:28:34.485+07:00  INFO 24684 --- [authentication-service] [           main] o.h.e.t.j.p.i.JtaPlatformInitiator       : HHH000489: No JTA platform available (set 'hibernate.transaction.jta.platform' to enable JTA platform integration)
2026-05-13T07:28:34.488+07:00  INFO 24684 --- [authentication-service] [           main] j.LocalContainerEntityManagerFactoryBean : Initialized JPA EntityManagerFactory for persistence unit 'default'
2026-05-13T07:28:35.962+07:00  INFO 24684 --- [authentication-service] [           main] REDIS-CONFIG                             : Connecting redis: localhost:6379
2026-05-13T07:28:36.049+07:00  INFO 24684 --- [authentication-service] [           main] REDIS-CONFIG                             : Redis connected !
2026-05-13T07:28:36.163+07:00 DEBUG 24684 --- [authentication-service] [           main] ySourcesPropertyResolver$DefaultResolver : Found key 'jwt.expiryMinutes' in PropertySource 'Config resource 'class path resource [application-dev.yml]' via location 'optional:classpath:/'' with value of type Integer
2026-05-13T07:28:36.168+07:00 DEBUG 24684 --- [authentication-service] [           main] ySourcesPropertyResolver$DefaultResolver : Found key 'jwt.expiryDay' in PropertySource 'Config resource 'class path resource [application-dev.yml]' via location 'optional:classpath:/'' with value of type Integer
2026-05-13T07:28:36.171+07:00 DEBUG 24684 --- [authentication-service] [           main] ySourcesPropertyResolver$DefaultResolver : Found key 'jwt.accessKey' in PropertySource 'Config resource 'class path resource [application-dev.yml]' via location 'optional:classpath:/'' with value of type String
2026-05-13T07:28:36.171+07:00 DEBUG 24684 --- [authentication-service] [           main] ySourcesPropertyResolver$DefaultResolver : Found key 'jwt.refreshKey' in PropertySource 'Config resource 'class path resource [application-dev.yml]' via location 'optional:classpath:/'' with value of type String
2026-05-13T07:28:36.526+07:00  WARN 24684 --- [authentication-service] [           main] JpaBaseConfiguration$JpaWebConfiguration : spring.jpa.open-in-view is enabled by default. Therefore, database queries may be performed during view rendering. Explicitly configure spring.jpa.open-in-view to disable this warning
2026-05-13T07:28:36.623+07:00  INFO 24684 --- [authentication-service] [           main] eAuthenticationProviderManagerConfigurer : Global AuthenticationManager configured with AuthenticationProvider bean with name provider
2026-05-13T07:28:37.321+07:00  INFO 24684 --- [authentication-service] [           main] o.s.b.a.e.web.EndpointLinksResolver      : Exposing 25 endpoints beneath base path '/actuator'
2026-05-13T07:28:37.717+07:00  INFO 24684 --- [authentication-service] [           main] g.s.a.GrpcServerFactoryAutoConfiguration : Detected grpc-netty-shaded: Creating ShadedNettyGrpcServerFactory
2026-05-13T07:28:37.777+07:00  INFO 24684 --- [authentication-service] [           main] g.s.a.GrpcServerFactoryAutoConfiguration : 'grpc.server.in-process-name' is set: Creating InProcessGrpcServerFactory
2026-05-13T07:28:37.835+07:00  WARN 24684 --- [authentication-service] [           main] o.s.s.c.a.web.builders.WebSecurity       : You are asking Spring Security to ignore Deferred [Mvc [pattern='/actuator/**'], Ant [pattern='/actuator/**']]. This is not recommended -- please use permitAll via HttpSecurity#authorizeHttpRequests instead.
2026-05-13T07:28:37.839+07:00  WARN 24684 --- [authentication-service] [           main] o.s.s.c.a.web.builders.WebSecurity       : You are asking Spring Security to ignore Deferred [Mvc [pattern='/v3/**'], Ant [pattern='/v3/**']]. This is not recommended -- please use permitAll via HttpSecurity#authorizeHttpRequests instead.
2026-05-13T07:28:37.840+07:00  WARN 24684 --- [authentication-service] [           main] o.s.s.c.a.web.builders.WebSecurity       : You are asking Spring Security to ignore Deferred [Mvc [pattern='/webjars/**'], Ant [pattern='/webjars/**']]. This is not recommended -- please use permitAll via HttpSecurity#authorizeHttpRequests instead.
2026-05-13T07:28:37.840+07:00  WARN 24684 --- [authentication-service] [           main] o.s.s.c.a.web.builders.WebSecurity       : You are asking Spring Security to ignore Deferred [Mvc [pattern='/swagger-ui*/*swagger-initializer.js'], Ant [pattern='/swagger-ui*/*swagger-initializer.js']]. This is not recommended -- please use permitAll via HttpSecurity#authorizeHttpRequests instead.
2026-05-13T07:28:37.840+07:00  WARN 24684 --- [authentication-service] [           main] o.s.s.c.a.web.builders.WebSecurity       : You are asking Spring Security to ignore Deferred [Mvc [pattern='/swagger-ui*/**'], Ant [pattern='/swagger-ui*/**']]. This is not recommended -- please use permitAll via HttpSecurity#authorizeHttpRequests instead.
2026-05-13T07:28:38.481+07:00  INFO 24684 --- [authentication-service] [           main] o.s.b.w.embedded.tomcat.TomcatWebServer  : Tomcat started on port 8081 (http) with context path '/'
2026-05-13T07:28:38.582+07:00  INFO 24684 --- [authentication-service] [           main] n.d.b.g.s.s.AbstractGrpcServerFactory    : Registered gRPC service: vn.agent.grpcserver.VerifyTokenService, bean: verifyServiceImpl, class: vn.agent.service.grpc.VerifyServiceImpl
2026-05-13T07:28:38.583+07:00  INFO 24684 --- [authentication-service] [           main] n.d.b.g.s.s.AbstractGrpcServerFactory    : Registered gRPC service: grpc.health.v1.Health, bean: grpcHealthService, class: io.grpc.protobuf.services.HealthServiceImpl
2026-05-13T07:28:38.585+07:00  INFO 24684 --- [authentication-service] [           main] n.d.b.g.s.s.AbstractGrpcServerFactory    : Registered gRPC service: grpc.reflection.v1alpha.ServerReflection, bean: protoReflectionService, class: io.grpc.protobuf.services.ProtoReflectionService
2026-05-13T07:28:38.763+07:00  INFO 24684 --- [authentication-service] [           main] n.d.b.g.s.s.GrpcServerLifecycle          : gRPC Server started, listening on address: *, port: 9091
2026-05-13T07:28:38.768+07:00  INFO 24684 --- [authentication-service] [           main] n.d.b.g.s.s.AbstractGrpcServerFactory    : Registered gRPC service: vn.agent.grpcserver.VerifyTokenService, bean: verifyServiceImpl, class: vn.agent.service.grpc.VerifyServiceImpl
2026-05-13T07:28:38.768+07:00  INFO 24684 --- [authentication-service] [           main] n.d.b.g.s.s.AbstractGrpcServerFactory    : Registered gRPC service: grpc.health.v1.Health, bean: grpcHealthService, class: io.grpc.protobuf.services.HealthServiceImpl
2026-05-13T07:28:38.768+07:00  INFO 24684 --- [authentication-service] [           main] n.d.b.g.s.s.AbstractGrpcServerFactory    : Registered gRPC service: grpc.reflection.v1alpha.ServerReflection, bean: protoReflectionService, class: io.grpc.protobuf.services.ProtoReflectionService
2026-05-13T07:28:38.771+07:00  INFO 24684 --- [authentication-service] [           main] n.d.b.g.s.s.GrpcServerLifecycle          : gRPC Server started, listening on address: in-process:auth-server, port: -1
2026-05-13T07:28:38.786+07:00 DEBUG 24684 --- [authentication-service] [           main] .s.b.a.l.ConditionEvaluationReportLogger : 


============================
CONDITIONS EVALUATION REPORT
============================


Positive matches:
-----------------

   AbstractBulkheadConfigurationOnMissingBean#bulkheadAspect matched:
      - @ConditionalOnMissingBean (types: io.github.resilience4j.spring6.bulkhead.configure.BulkheadAspect; SearchStrategy: all) did not find any beans (OnBeanCondition)

   AbstractBulkheadConfigurationOnMissingBean#bulkheadRegistry matched:
      - @ConditionalOnMissingBean (types: io.github.resilience4j.bulkhead.BulkheadRegistry; SearchStrategy: all) did not find any beans (OnBeanCondition)

   AbstractBulkheadConfigurationOnMissingBean#compositeBulkheadCustomizer matched:
      - @ConditionalOnMissingBean (names: compositeBulkheadCustomizer; SearchStrategy: all) did not find any beans (OnBeanCondition)

   AbstractBulkheadConfigurationOnMissingBean#compositeThreadPoolBulkheadCustomizer matched:
      - @ConditionalOnMissingBean (names: compositeThreadPoolBulkheadCustomizer; SearchStrategy: all) did not find any beans (OnBeanCondition)

   AbstractBulkheadConfigurationOnMissingBean#threadPoolBulkheadRegistry matched:
      - @ConditionalOnMissingBean (types: io.github.resilience4j.bulkhead.ThreadPoolBulkheadRegistry; SearchStrategy: all) did not find any beans (OnBeanCondition)

   AbstractCircuitBreakerConfigurationOnMissingBean#circuitBreakerAspect matched:
      - @ConditionalOnMissingBean (types: io.github.resilience4j.spring6.circuitbreaker.configure.CircuitBreakerAspect; SearchStrategy: all) did not find any beans (OnBeanCondition)

   AbstractCircuitBreakerConfigurationOnMissingBean#circuitBreakerRegistry matched:
      - @ConditionalOnMissingBean (types: io.github.resilience4j.circuitbreaker.CircuitBreakerRegistry; SearchStrategy: all) did not find any beans (OnBeanCondition)

   AbstractCircuitBreakerConfigurationOnMissingBean#compositeCircuitBreakerCustomizer matched:
      - @ConditionalOnMissingBean (names: compositeCircuitBreakerCustomizer; SearchStrategy: all) did not find any beans (OnBeanCondition)

   AbstractRateLimiterConfigurationOnMissingBean#compositeRateLimiterCustomizer matched:
      - @ConditionalOnMissingBean (names: compositeRateLimiterCustomizer; SearchStrategy: all) did not find any beans (OnBeanCondition)

   AbstractRateLimiterConfigurationOnMissingBean#rateLimiterAspect matched:
      - @ConditionalOnMissingBean (types: io.github.resilience4j.spring6.ratelimiter.configure.RateLimiterAspect; SearchStrategy: all) did not find any beans (OnBeanCondition)

   AbstractRateLimiterConfigurationOnMissingBean#rateLimiterRegistry matched:
      - @ConditionalOnMissingBean (types: io.github.resilience4j.ratelimiter.RateLimiterRegistry; SearchStrategy: all) did not find any beans (OnBeanCondition)

   AbstractRetryConfigurationOnMissingBean#compositeRetryCustomizer matched:
      - @ConditionalOnMissingBean (names: compositeRetryCustomizer; SearchStrategy: all) did not find any beans (OnBeanCondition)

   AbstractRetryConfigurationOnMissingBean#retryAspect matched:
      - @ConditionalOnMissingBean (types: io.github.resilience4j.spring6.retry.configure.RetryAspect; SearchStrategy: all) did not find any beans (OnBeanCondition)

   AbstractRetryConfigurationOnMissingBean#retryRegistry matched:
      - @ConditionalOnMissingBean (types: io.github.resilience4j.retry.RetryRegistry; SearchStrategy: all) did not find any beans (OnBeanCondition)

   AbstractTimeLimiterConfigurationOnMissingBean#compositeTimeLimiterCustomizer matched:
      - @ConditionalOnMissingBean (names: compositeTimeLimiterCustomizer; SearchStrategy: all) did not find any beans (OnBeanCondition)

   AbstractTimeLimiterConfigurationOnMissingBean#timeLimiterAspect matched:
      - @ConditionalOnMissingBean (types: io.github.resilience4j.spring6.timelimiter.configure.TimeLimiterAspect; SearchStrategy: all) did not find any beans (OnBeanCondition)

   AbstractTimeLimiterConfigurationOnMissingBean#timeLimiterRegistry matched:
      - @ConditionalOnMissingBean (types: io.github.resilience4j.timelimiter.TimeLimiterRegistry; SearchStrategy: all) did not find any beans (OnBeanCondition)

   AopAutoConfiguration matched:
      - @ConditionalOnProperty (spring.aop.auto=true) matched (OnPropertyCondition)

   AopAutoConfiguration.AspectJAutoProxyingConfiguration matched:
      - @ConditionalOnClass found required class 'org.aspectj.weaver.Advice' (OnClassCondition)

   AopAutoConfiguration.AspectJAutoProxyingConfiguration.CglibAutoProxyConfiguration matched:
      - @ConditionalOnProperty (spring.aop.proxy-target-class=true) matched (OnPropertyCondition)

   ApplicationAvailabilityAutoConfiguration#applicationAvailability matched:
      - @ConditionalOnMissingBean (types: org.springframework.boot.availability.ApplicationAvailability; SearchStrategy: all) did not find any beans (OnBeanCondition)

   AuditEventsEndpointAutoConfiguration matched:
      - @ConditionalOnAvailableEndpoint marked as exposed by a 'management.endpoints.web.exposure' property (OnAvailableEndpointCondition)

   BeansEndpointAutoConfiguration matched:
      - @ConditionalOnAvailableEndpoint marked as exposed by a 'management.endpoints.web.exposure' property (OnAvailableEndpointCondition)

   BeansEndpointAutoConfiguration#beansEndpoint matched:
      - @ConditionalOnMissingBean (types: org.springframework.boot.actuate.beans.BeansEndpoint; SearchStrategy: all) did not find any beans (OnBeanCondition)

   BulkheadAutoConfiguration matched:
      - @ConditionalOnClass found required class 'io.github.resilience4j.bulkhead.Bulkhead' (OnClassCondition)

   BulkheadAutoConfiguration.BulkheadEndpointAutoConfiguration matched:
      - @ConditionalOnClass found required class 'org.springframework.boot.actuate.endpoint.annotation.Endpoint' (OnClassCondition)

   BulkheadAutoConfiguration.BulkheadEndpointAutoConfiguration#bulkheadEndpoint matched:
      - @ConditionalOnAvailableEndpoint marked as exposed by a 'management.endpoints.web.exposure' property (OnAvailableEndpointCondition)

   BulkheadAutoConfiguration.BulkheadEndpointAutoConfiguration#bulkheadEventsEndpoint matched:
      - @ConditionalOnAvailableEndpoint marked as exposed by a 'management.endpoints.web.exposure' property (OnAvailableEndpointCondition)

   BulkheadConfigurationOnMissingBean#bulkheadEventConsumerRegistry matched:
      - @ConditionalOnMissingBean (types: io.github.resilience4j.bulkhead.event.BulkheadEvent; SearchStrategy: all) did not find any beans (OnBeanCondition)

   BulkheadMetricsAutoConfiguration matched:
      - @ConditionalOnClass found required classes 'io.micrometer.core.instrument.MeterRegistry', 'io.github.resilience4j.bulkhead.Bulkhead', 'io.github.resilience4j.micrometer.tagged.TaggedBulkheadMetricsPublisher' (OnClassCondition)
      - @ConditionalOnProperty (resilience4j.bulkhead.metrics.enabled) matched (OnPropertyCondition)

   BulkheadMetricsAutoConfiguration#taggedBulkheadMetricsPublisher matched:
      - @ConditionalOnProperty (resilience4j.bulkhead.metrics.legacy.enabled=false) matched (OnPropertyCondition)
      - @ConditionalOnBean (types: io.micrometer.core.instrument.MeterRegistry; SearchStrategy: all) found bean 'simpleMeterRegistry'; @ConditionalOnMissingBean (types: io.github.resilience4j.micrometer.tagged.TaggedBulkheadMetricsPublisher; SearchStrategy: all) did not find any beans (OnBeanCondition)

   CacheMeterBinderProvidersConfiguration matched:
      - @ConditionalOnClass found required class 'io.micrometer.core.instrument.binder.MeterBinder' (OnClassCondition)

   CacheMeterBinderProvidersConfiguration.RedisCacheMeterBinderProviderConfiguration matched:
      - @ConditionalOnClass found required class 'org.springframework.data.redis.cache.RedisCache' (OnClassCondition)

   CachesEndpointAutoConfiguration matched:
      - @ConditionalOnClass found required class 'org.springframework.cache.CacheManager' (OnClassCondition)
      - @ConditionalOnAvailableEndpoint marked as exposed by a 'management.endpoints.web.exposure' property (OnAvailableEndpointCondition)

   CachesEndpointAutoConfiguration#cachesEndpoint matched:
      - @ConditionalOnMissingBean (types: org.springframework.boot.actuate.cache.CachesEndpoint; SearchStrategy: all) did not find any beans (OnBeanCondition)

   CachesEndpointAutoConfiguration#cachesEndpointWebExtension matched:
      - @ConditionalOnBean (types: org.springframework.boot.actuate.cache.CachesEndpoint; SearchStrategy: all) found bean 'cachesEndpoint'; @ConditionalOnMissingBean (types: org.springframework.boot.actuate.cache.CachesEndpointWebExtension; SearchStrategy: all) did not find any beans (OnBeanCondition)
      - @ConditionalOnAvailableEndpoint marked as exposed by a 'management.endpoints.web.exposure' property (OnAvailableEndpointCondition)

   CircuitBreakerAutoConfiguration matched:
      - @ConditionalOnClass found required class 'io.github.resilience4j.circuitbreaker.CircuitBreaker' (OnClassCondition)

   CircuitBreakerAutoConfiguration.CircuitBreakerEndpointAutoConfiguration matched:
      - @ConditionalOnClass found required class 'org.springframework.boot.actuate.endpoint.annotation.Endpoint' (OnClassCondition)

   CircuitBreakerAutoConfiguration.CircuitBreakerEndpointAutoConfiguration#circuitBreakerEndpoint matched:
      - @ConditionalOnAvailableEndpoint marked as exposed by a 'management.endpoints.web.exposure' property (OnAvailableEndpointCondition)

   CircuitBreakerAutoConfiguration.CircuitBreakerEndpointAutoConfiguration#circuitBreakerEventsEndpoint matched:
      - @ConditionalOnAvailableEndpoint marked as exposed by a 'management.endpoints.web.exposure' property (OnAvailableEndpointCondition)

   CircuitBreakerConfigurationOnMissingBean#eventConsumerRegistry matched:
      - @ConditionalOnMissingBean (types: io.github.resilience4j.circuitbreaker.event.CircuitBreakerEvent; SearchStrategy: all) did not find any beans (OnBeanCondition)

   CircuitBreakerMetricsAutoConfiguration matched:
      - @ConditionalOnClass found required classes 'io.micrometer.core.instrument.MeterRegistry', 'io.github.resilience4j.circuitbreaker.CircuitBreaker', 'io.github.resilience4j.micrometer.tagged.TaggedCircuitBreakerMetricsPublisher' (OnClassCondition)
      - @ConditionalOnProperty (resilience4j.circuitbreaker.metrics.enabled) matched (OnPropertyCondition)

   CircuitBreakerMetricsAutoConfiguration#taggedCircuitBreakerMetricsPublisher matched:
      - @ConditionalOnProperty (resilience4j.circuitbreaker.metrics.legacy.enabled=false) matched (OnPropertyCondition)
      - @ConditionalOnBean (types: io.micrometer.core.instrument.MeterRegistry; SearchStrategy: all) found bean 'simpleMeterRegistry'; @ConditionalOnMissingBean (types: io.github.resilience4j.micrometer.tagged.TaggedCircuitBreakerMetricsPublisher; SearchStrategy: all) did not find any beans (OnBeanCondition)

   CircuitBreakersHealthIndicatorAutoConfiguration matched:
      - @ConditionalOnClass found required classes 'io.github.resilience4j.circuitbreaker.CircuitBreaker', 'org.springframework.boot.actuate.health.HealthIndicator', 'org.springframework.boot.actuate.health.StatusAggregator' (OnClassCondition)

   ClientHttpConnectorAutoConfiguration matched:
      - @ConditionalOnClass found required class 'org.springframework.web.reactive.function.client.WebClient' (OnClassCondition)

   ClientHttpConnectorAutoConfiguration#webClientHttpConnector matched:
      - @ConditionalOnMissingBean (types: org.springframework.http.client.reactive.ClientHttpConnector; SearchStrategy: all) did not find any beans (OnBeanCondition)

   ClientHttpConnectorAutoConfiguration#webClientHttpConnectorCustomizer matched:
      - @ConditionalOnBean (types: org.springframework.http.client.reactive.ClientHttpConnector; SearchStrategy: all) found bean 'webClientHttpConnector' (OnBeanCondition)

   ClientHttpConnectorFactoryConfiguration.ReactorNetty matched:
      - @ConditionalOnClass found required class 'reactor.netty.http.client.HttpClient' (OnClassCondition)
      - @ConditionalOnMissingBean (types: org.springframework.boot.autoconfigure.web.reactive.function.client.ClientHttpConnectorFactory; SearchStrategy: all) did not find any beans (OnBeanCondition)

   CodecsAutoConfiguration matched:
      - @ConditionalOnClass found required classes 'org.springframework.http.codec.CodecConfigurer', 'org.springframework.web.reactive.function.client.WebClient' (OnClassCondition)

   CodecsAutoConfiguration.JacksonCodecConfiguration matched:
      - @ConditionalOnClass found required class 'com.fasterxml.jackson.databind.ObjectMapper' (OnClassCondition)

   CodecsAutoConfiguration.JacksonCodecConfiguration#jacksonCodecCustomizer matched:
      - @ConditionalOnBean (types: com.fasterxml.jackson.databind.ObjectMapper; SearchStrategy: all) found bean 'jacksonObjectMapper' (OnBeanCondition)

   CompositeMeterRegistryAutoConfiguration matched:
      - @ConditionalOnClass found required class 'io.micrometer.core.instrument.composite.CompositeMeterRegistry' (OnClassCondition)

   ConditionsReportEndpointAutoConfiguration matched:
      - @ConditionalOnAvailableEndpoint marked as exposed by a 'management.endpoints.web.exposure' property (OnAvailableEndpointCondition)

   ConditionsReportEndpointAutoConfiguration#conditionsReportEndpoint matched:
      - @ConditionalOnMissingBean (types: org.springframework.boot.actuate.autoconfigure.condition.ConditionsReportEndpoint; SearchStrategy: current) did not find any beans (OnBeanCondition)

   ConfigurationPropertiesReportEndpointAutoConfiguration matched:
      - @ConditionalOnAvailableEndpoint marked as exposed by a 'management.endpoints.web.exposure' property (OnAvailableEndpointCondition)

   ConfigurationPropertiesReportEndpointAutoConfiguration#configurationPropertiesReportEndpoint matched:
      - @ConditionalOnMissingBean (types: org.springframework.boot.actuate.context.properties.ConfigurationPropertiesReportEndpoint; SearchStrategy: all) did not find any beans (OnBeanCondition)

   ConfigurationPropertiesReportEndpointAutoConfiguration#configurationPropertiesReportEndpointWebExtension matched:
      - @ConditionalOnBean (types: org.springframework.boot.actuate.context.properties.ConfigurationPropertiesReportEndpoint; SearchStrategy: all) found bean 'configurationPropertiesReportEndpoint'; @ConditionalOnMissingBean (types: org.springframework.boot.actuate.context.properties.ConfigurationPropertiesReportEndpointWebExtension; SearchStrategy: all) did not find any beans (OnBeanCondition)
      - @ConditionalOnAvailableEndpoint marked as exposed by a 'management.endpoints.web.exposure' property (OnAvailableEndpointCondition)

   DataSourceAutoConfiguration matched:
      - @ConditionalOnClass found required classes 'javax.sql.DataSource', 'org.springframework.jdbc.datasource.embedded.EmbeddedDatabaseType' (OnClassCondition)
      - @ConditionalOnMissingBean (types: io.r2dbc.spi.ConnectionFactory; SearchStrategy: all) did not find any beans (OnBeanCondition)

   DataSourceAutoConfiguration.PooledDataSourceConfiguration matched:
      - AnyNestedCondition 1 matched 1 did not; NestedCondition on DataSourceAutoConfiguration.PooledDataSourceCondition.PooledDataSourceAvailable PooledDataSource found supported DataSource; NestedCondition on DataSourceAutoConfiguration.PooledDataSourceCondition.ExplicitType @ConditionalOnProperty (spring.datasource.type) did not find property 'type' (DataSourceAutoConfiguration.PooledDataSourceCondition)
      - @ConditionalOnMissingBean (types: javax.sql.DataSource,javax.sql.XADataSource; SearchStrategy: all) did not find any beans (OnBeanCondition)

   DataSourceAutoConfiguration.PooledDataSourceConfiguration#jdbcConnectionDetails matched:
      - @ConditionalOnMissingBean (types: org.springframework.boot.autoconfigure.jdbc.JdbcConnectionDetails; SearchStrategy: all) did not find any beans (OnBeanCondition)

   DataSourceConfiguration.Hikari matched:
      - @ConditionalOnClass found required class 'com.zaxxer.hikari.HikariDataSource' (OnClassCondition)
      - @ConditionalOnProperty (spring.datasource.type=com.zaxxer.hikari.HikariDataSource) matched (OnPropertyCondition)
      - @ConditionalOnMissingBean (types: javax.sql.DataSource; SearchStrategy: all) did not find any beans (OnBeanCondition)

   DataSourceHealthContributorAutoConfiguration matched:
      - @ConditionalOnClass found required classes 'org.springframework.jdbc.core.JdbcTemplate', 'org.springframework.jdbc.datasource.lookup.AbstractRoutingDataSource' (OnClassCondition)
      - @ConditionalOnEnabledHealthIndicator management.health.defaults.enabled is considered true (OnEnabledHealthIndicatorCondition)
      - @ConditionalOnBean (types: javax.sql.DataSource; SearchStrategy: all) found bean 'dataSource' (OnBeanCondition)

   DataSourceHealthContributorAutoConfiguration#dbHealthContributor matched:
      - @ConditionalOnMissingBean (names: dbHealthIndicator,dbHealthContributor; SearchStrategy: all) did not find any beans (OnBeanCondition)

   DataSourceInitializationConfiguration matched:
      - @ConditionalOnClass found required class 'org.springframework.jdbc.datasource.init.DatabasePopulator' (OnClassCondition)
      - @ConditionalOnSingleCandidate (types: javax.sql.DataSource; SearchStrategy: all) found a single bean 'dataSource'; @ConditionalOnMissingBean (types: org.springframework.boot.autoconfigure.sql.init.SqlDataSourceScriptDatabaseInitializer,org.springframework.boot.autoconfigure.sql.init.SqlR2dbcScriptDatabaseInitializer; SearchStrategy: all) did not find any beans (OnBeanCondition)

   DataSourceJmxConfiguration matched:
      - @ConditionalOnProperty (spring.jmx.enabled=true) matched (OnPropertyCondition)

   DataSourceJmxConfiguration.Hikari matched:
      - @ConditionalOnClass found required class 'com.zaxxer.hikari.HikariDataSource' (OnClassCondition)
      - @ConditionalOnSingleCandidate (types: javax.sql.DataSource; SearchStrategy: all) found a single bean 'dataSource' (OnBeanCondition)

   DataSourcePoolMetadataProvidersConfiguration.HikariPoolDataSourceMetadataProviderConfiguration matched:
      - @ConditionalOnClass found required class 'com.zaxxer.hikari.HikariDataSource' (OnClassCondition)

   DataSourcePoolMetricsAutoConfiguration matched:
      - @ConditionalOnClass found required classes 'javax.sql.DataSource', 'io.micrometer.core.instrument.MeterRegistry' (OnClassCondition)
      - @ConditionalOnBean (types: javax.sql.DataSource,io.micrometer.core.instrument.MeterRegistry; SearchStrategy: all) found beans 'simpleMeterRegistry', 'dataSource' (OnBeanCondition)

   DataSourcePoolMetricsAutoConfiguration.DataSourcePoolMetadataMetricsConfiguration matched:
      - @ConditionalOnBean (types: org.springframework.boot.jdbc.metadata.DataSourcePoolMetadataProvider; SearchStrategy: all) found bean 'hikariPoolDataSourceMetadataProvider' (OnBeanCondition)

   DataSourcePoolMetricsAutoConfiguration.HikariDataSourceMetricsConfiguration matched:
      - @ConditionalOnClass found required class 'com.zaxxer.hikari.HikariDataSource' (OnClassCondition)

   DataSourceTransactionManagerAutoConfiguration matched:
      - @ConditionalOnClass found required classes 'javax.sql.DataSource', 'org.springframework.jdbc.core.JdbcTemplate', 'org.springframework.transaction.TransactionManager' (OnClassCondition)

   DataSourceTransactionManagerAutoConfiguration.JdbcTransactionManagerConfiguration matched:
      - @ConditionalOnSingleCandidate (types: javax.sql.DataSource; SearchStrategy: all) found a single bean 'dataSource' (OnBeanCondition)

   DiskSpaceHealthContributorAutoConfiguration matched:
      - @ConditionalOnEnabledHealthIndicator management.health.defaults.enabled is considered true (OnEnabledHealthIndicatorCondition)

   DiskSpaceHealthContributorAutoConfiguration#diskSpaceHealthIndicator matched:
      - @ConditionalOnMissingBean (names: diskSpaceHealthIndicator; SearchStrategy: all) did not find any beans (OnBeanCondition)

   DispatcherServletAutoConfiguration matched:
      - @ConditionalOnClass found required class 'org.springframework.web.servlet.DispatcherServlet' (OnClassCondition)
      - found 'session' scope (OnWebApplicationCondition)

   DispatcherServletAutoConfiguration.DispatcherServletConfiguration matched:
      - @ConditionalOnClass found required class 'jakarta.servlet.ServletRegistration' (OnClassCondition)
      - Default DispatcherServlet did not find dispatcher servlet beans (DispatcherServletAutoConfiguration.DefaultDispatcherServletCondition)

   DispatcherServletAutoConfiguration.DispatcherServletRegistrationConfiguration matched:
      - @ConditionalOnClass found required class 'jakarta.servlet.ServletRegistration' (OnClassCondition)
      - DispatcherServlet Registration did not find servlet registration bean (DispatcherServletAutoConfiguration.DispatcherServletRegistrationCondition)

   DispatcherServletAutoConfiguration.DispatcherServletRegistrationConfiguration#dispatcherServletRegistration matched:
      - @ConditionalOnBean (names: dispatcherServlet types: org.springframework.web.servlet.DispatcherServlet; SearchStrategy: all) found bean 'dispatcherServlet' (OnBeanCondition)

   EmbeddedWebServerFactoryCustomizerAutoConfiguration matched:
      - @ConditionalOnWebApplication (required) found 'session' scope (OnWebApplicationCondition)
      - @ConditionalOnWarDeployment the application is not deployed as a WAR file. (OnWarDeploymentCondition)

   EmbeddedWebServerFactoryCustomizerAutoConfiguration.NettyWebServerFactoryCustomizerConfiguration matched:
      - @ConditionalOnClass found required class 'reactor.netty.http.server.HttpServer' (OnClassCondition)

   EmbeddedWebServerFactoryCustomizerAutoConfiguration.TomcatWebServerFactoryCustomizerConfiguration matched:
      - @ConditionalOnClass found required classes 'org.apache.catalina.startup.Tomcat', 'org.apache.coyote.UpgradeProtocol' (OnClassCondition)

   EndpointAutoConfiguration#endpointCachingOperationInvokerAdvisor matched:
      - @ConditionalOnMissingBean (types: org.springframework.boot.actuate.endpoint.invoker.cache.CachingOperationInvokerAdvisor; SearchStrategy: all) did not find any beans (OnBeanCondition)

   EndpointAutoConfiguration#endpointOperationParameterMapper matched:
      - @ConditionalOnMissingBean (types: org.springframework.boot.actuate.endpoint.invoke.ParameterValueMapper; SearchStrategy: all) did not find any beans (OnBeanCondition)

   EnvironmentEndpointAutoConfiguration matched:
      - @ConditionalOnAvailableEndpoint marked as exposed by a 'management.endpoints.web.exposure' property (OnAvailableEndpointCondition)

   EnvironmentEndpointAutoConfiguration#environmentEndpoint matched:
      - @ConditionalOnMissingBean (types: org.springframework.boot.actuate.env.EnvironmentEndpoint; SearchStrategy: all) did not find any beans (OnBeanCondition)

   EnvironmentEndpointAutoConfiguration#environmentEndpointWebExtension matched:
      - @ConditionalOnBean (types: org.springframework.boot.actuate.env.EnvironmentEndpoint; SearchStrategy: all) found bean 'environmentEndpoint'; @ConditionalOnMissingBean (types: org.springframework.boot.actuate.env.EnvironmentEndpointWebExtension; SearchStrategy: all) did not find any beans (OnBeanCondition)
      - @ConditionalOnAvailableEndpoint marked as exposed by a 'management.endpoints.web.exposure' property (OnAvailableEndpointCondition)

   ErrorMvcAutoConfiguration matched:
      - @ConditionalOnClass found required classes 'jakarta.servlet.Servlet', 'org.springframework.web.servlet.DispatcherServlet' (OnClassCondition)
      - found 'session' scope (OnWebApplicationCondition)

   ErrorMvcAutoConfiguration#basicErrorController matched:
      - @ConditionalOnMissingBean (types: org.springframework.boot.web.servlet.error.ErrorController; SearchStrategy: current) did not find any beans (OnBeanCondition)

   ErrorMvcAutoConfiguration#errorAttributes matched:
      - @ConditionalOnMissingBean (types: org.springframework.boot.web.servlet.error.ErrorAttributes; SearchStrategy: current) did not find any beans (OnBeanCondition)

   ErrorMvcAutoConfiguration.DefaultErrorViewResolverConfiguration#conventionErrorViewResolver matched:
      - @ConditionalOnBean (types: org.springframework.web.servlet.DispatcherServlet; SearchStrategy: all) found bean 'dispatcherServlet'; @ConditionalOnMissingBean (types: org.springframework.boot.autoconfigure.web.servlet.error.ErrorViewResolver; SearchStrategy: all) did not find any beans (OnBeanCondition)

   ErrorMvcAutoConfiguration.WhitelabelErrorViewConfiguration matched:
      - @ConditionalOnProperty (server.error.whitelabel.enabled) matched (OnPropertyCondition)
      - ErrorTemplate Missing did not find error template view (ErrorMvcAutoConfiguration.ErrorTemplateMissingCondition)

   ErrorMvcAutoConfiguration.WhitelabelErrorViewConfiguration#beanNameViewResolver matched:
      - @ConditionalOnMissingBean (types: org.springframework.web.servlet.view.BeanNameViewResolver; SearchStrategy: all) did not find any beans (OnBeanCondition)

   ErrorMvcAutoConfiguration.WhitelabelErrorViewConfiguration#defaultErrorView matched:
      - @ConditionalOnMissingBean (names: error; SearchStrategy: all) did not find any beans (OnBeanCondition)

   FallbackConfigurationOnMissingBean#completionStageFallbackDecorator matched:
      - @ConditionalOnMissingBean (types: io.github.resilience4j.spring6.fallback.CompletionStageFallbackDecorator; SearchStrategy: all) did not find any beans (OnBeanCondition)

   FallbackConfigurationOnMissingBean#fallbackDecorators matched:
      - @ConditionalOnMissingBean (types: io.github.resilience4j.spring6.fallback.FallbackDecorators; SearchStrategy: all) did not find any beans (OnBeanCondition)

   FallbackConfigurationOnMissingBean#fallbackExecutor matched:
      - @ConditionalOnMissingBean (types: io.github.resilience4j.spring6.fallback.FallbackExecutor; SearchStrategy: all) did not find any beans (OnBeanCondition)

   FlywayAutoConfiguration matched:
      - @ConditionalOnClass found required class 'org.flywaydb.core.Flyway' (OnClassCondition)
      - @ConditionalOnProperty (spring.flyway.enabled) matched (OnPropertyCondition)
      - AnyNestedCondition 2 matched 1 did not; NestedCondition on FlywayAutoConfiguration.FlywayDataSourceCondition.FlywayUrlCondition @ConditionalOnProperty (spring.flyway.url) did not find property 'url'; NestedCondition on FlywayAutoConfiguration.FlywayDataSourceCondition.JdbcConnectionDetailsCondition @ConditionalOnBean (types: org.springframework.boot.autoconfigure.jdbc.JdbcConnectionDetails; SearchStrategy: all) found bean 'jdbcConnectionDetails'; NestedCondition on FlywayAutoConfiguration.FlywayDataSourceCondition.DataSourceBeanCondition @ConditionalOnBean (types: javax.sql.DataSource; SearchStrategy: all) found bean 'dataSource' (FlywayAutoConfiguration.FlywayDataSourceCondition)

   FlywayAutoConfiguration.FlywayConfiguration matched:
      - @ConditionalOnClass found required class 'org.springframework.jdbc.support.JdbcUtils' (OnClassCondition)
      - @ConditionalOnMissingBean (types: org.flywaydb.core.Flyway; SearchStrategy: all) did not find any beans (OnBeanCondition)

   FlywayAutoConfiguration.FlywayConfiguration#flywayConnectionDetails matched:
      - @ConditionalOnMissingBean (types: org.springframework.boot.autoconfigure.flyway.FlywayConnectionDetails; SearchStrategy: all) did not find any beans (OnBeanCondition)

   FlywayAutoConfiguration.FlywayConfiguration#flywayInitializer matched:
      - @ConditionalOnMissingBean (types: org.springframework.boot.autoconfigure.flyway.FlywayMigrationInitializer; SearchStrategy: all) did not find any beans (OnBeanCondition)

   FlywayAutoConfiguration.FlywayConfiguration#postgresqlFlywayConfigurationCustomizer matched:
      - @ConditionalOnClass found required class 'org.flywaydb.database.postgresql.PostgreSQLConfigurationExtension' (OnClassCondition)

   FlywayEndpointAutoConfiguration matched:
      - @ConditionalOnClass found required class 'org.flywaydb.core.Flyway' (OnClassCondition)
      - @ConditionalOnAvailableEndpoint marked as exposed by a 'management.endpoints.web.exposure' property (OnAvailableEndpointCondition)

   FlywayEndpointAutoConfiguration#flywayEndpoint matched:
      - @ConditionalOnBean (types: org.flywaydb.core.Flyway; SearchStrategy: all) found bean 'flyway'; @ConditionalOnMissingBean (types: org.springframework.boot.actuate.flyway.FlywayEndpoint; SearchStrategy: all) did not find any beans (OnBeanCondition)

   GenericCacheConfiguration matched:
      - Cache org.springframework.boot.autoconfigure.cache.GenericCacheConfiguration automatic cache type (CacheCondition)

   GrpcCommonCodecAutoConfiguration matched:
      - @ConditionalOnClass found required class 'io.grpc.Codec' (OnClassCondition)

   GrpcCommonCodecAutoConfiguration#defaultCompressorRegistry matched:
      - @ConditionalOnBean (types: net.devh.boot.grpc.common.codec.GrpcCodecDiscoverer; SearchStrategy: all) found bean 'defaultGrpcCodecDiscoverer'; @ConditionalOnMissingBean (types: io.grpc.CompressorRegistry; SearchStrategy: all) did not find any beans (OnBeanCondition)

   GrpcCommonCodecAutoConfiguration#defaultDecompressorRegistry matched:
      - @ConditionalOnBean (types: net.devh.boot.grpc.common.codec.GrpcCodecDiscoverer; SearchStrategy: all) found bean 'defaultGrpcCodecDiscoverer'; @ConditionalOnMissingBean (types: io.grpc.DecompressorRegistry; SearchStrategy: all) did not find any beans (OnBeanCondition)

   GrpcCommonCodecAutoConfiguration#defaultGrpcCodecDiscoverer matched:
      - @ConditionalOnMissingBean (types: net.devh.boot.grpc.common.codec.GrpcCodecDiscoverer; SearchStrategy: all) did not find any beans (OnBeanCondition)

   GrpcHealthServiceAutoConfiguration matched:
      - @ConditionalOnClass found required class 'io.grpc.protobuf.services.HealthStatusManager' (OnClassCondition)
      - @ConditionalOnProperty (grpc.server.health-service-enabled) matched (OnPropertyCondition)

   GrpcHealthServiceAutoConfiguration#healthStatusManager matched:
      - @ConditionalOnMissingBean (types: io.grpc.protobuf.services.HealthStatusManager; SearchStrategy: all) did not find any beans (OnBeanCondition)

   GrpcReflectionServiceAutoConfiguration matched:
      - @ConditionalOnClass found required class 'io.grpc.protobuf.services.ProtoReflectionService' (OnClassCondition)
      - @ConditionalOnProperty (grpc.server.reflection-service-enabled) matched (OnPropertyCondition)

   GrpcServerAutoConfiguration matched:
      - @ConditionalOnClass found required class 'io.grpc.Server' (OnClassCondition)

   GrpcServerAutoConfiguration#compressionServerConfigurer matched:
      - @ConditionalOnBean (types: io.grpc.CompressorRegistry; SearchStrategy: all) found bean 'defaultCompressorRegistry' (OnBeanCondition)

   GrpcServerAutoConfiguration#decompressionServerConfigurer matched:
      - @ConditionalOnBean (types: io.grpc.DecompressorRegistry; SearchStrategy: all) found bean 'defaultDecompressorRegistry' (OnBeanCondition)

   GrpcServerAutoConfiguration#defaultGrpcServerProperties matched:
      - @ConditionalOnMissingBean (types: net.devh.boot.grpc.server.config.GrpcServerProperties; SearchStrategy: all) did not find any beans (OnBeanCondition)

   GrpcServerAutoConfiguration#defaultGrpcServiceDiscoverer matched:
      - @ConditionalOnMissingBean (types: net.devh.boot.grpc.server.service.GrpcServiceDiscoverer; SearchStrategy: all) did not find any beans (OnBeanCondition)

   GrpcServerAutoConfiguration#globalServerInterceptorRegistry matched:
      - @ConditionalOnMissingBean (types: net.devh.boot.grpc.server.interceptor.GlobalServerInterceptorRegistry; SearchStrategy: all) did not find any beans (OnBeanCondition)

   GrpcServerAutoConfiguration#selfNameResolverFactory matched:
      - @ConditionalOnMissingBean (types: net.devh.boot.grpc.server.nameresolver.SelfNameResolverFactory; SearchStrategy: all) did not find any beans (OnBeanCondition)

   GrpcServerFactoryAutoConfiguration matched:
      - @ConditionalOnMissingBean (types: net.devh.boot.grpc.server.serverfactory.GrpcServerFactory,net.devh.boot.grpc.server.serverfactory.GrpcServerLifecycle; SearchStrategy: all) did not find any beans (OnBeanCondition)

   GrpcServerFactoryAutoConfiguration#inProcessGrpcServerFactory matched:
      - @ConditionalOnProperty (grpc.server.in-process-name) matched (OnPropertyCondition)

   GrpcServerFactoryAutoConfiguration#inProcessGrpcServerLifecycle matched:
      - @ConditionalOnBean (types: net.devh.boot.grpc.server.serverfactory.InProcessGrpcServerFactory; SearchStrategy: all) found bean 'inProcessGrpcServerFactory' (OnBeanCondition)

   GrpcServerFactoryAutoConfiguration#shadedNettyGrpcServerFactory matched:
      - @ConditionalOnClass found required classes 'io.grpc.netty.shaded.io.netty.channel.Channel', 'io.grpc.netty.shaded.io.grpc.netty.NettyServerBuilder' (OnClassCondition)
      - NoneNestedConditions 0 matched 1 did not; NestedCondition on ConditionalOnInterprocessServer.NoServerPortCondition @ConditionalOnProperty (grpc.server.port=-1) found different value in property 'grpc.server.port' (ConditionalOnInterprocessServer)

   GrpcServerFactoryAutoConfiguration#shadedNettyGrpcServerLifecycle matched:
      - @ConditionalOnBean (types: net.devh.boot.grpc.server.serverfactory.ShadedNettyGrpcServerFactory; SearchStrategy: all) found bean 'shadedNettyGrpcServerFactory' (OnBeanCondition)

   GrpcServerMetricAutoConfiguration matched:
      - @ConditionalOnClass found required class 'io.micrometer.core.instrument.binder.grpc.MetricCollectingServerInterceptor' (OnClassCondition)
      - @ConditionalOnBean (types: io.micrometer.core.instrument.MeterRegistry; SearchStrategy: all) found bean 'simpleMeterRegistry' (OnBeanCondition)

   GrpcServerMetricAutoConfiguration#metricCollectingServerInterceptor matched:
      - @ConditionalOnMissingBean (types: io.micrometer.core.instrument.binder.grpc.MetricCollectingServerInterceptor; SearchStrategy: all) did not find any beans (OnBeanCondition)

   GrpcServerMetricAutoConfiguration#streamTracerFactoryConfigurer matched:
      - @ConditionalOnProperty (grpc.metricsA66Enabled) matched (OnPropertyCondition)

   GrpcServerMicrometerTraceAutoConfiguration matched:
      - @ConditionalOnProperty (management.tracing.grpc.enabled) matched (OnPropertyCondition)
      - @ConditionalOnBean (types: io.micrometer.observation.ObservationRegistry; SearchStrategy: all) found bean 'observationRegistry' (OnBeanCondition)

   GrpcServerSecurityAutoConfiguration matched:
      - @ConditionalOnBean (types: org.springframework.security.authentication.AuthenticationManager; SearchStrategy: all) found bean 'authenticationManager' (OnBeanCondition)

   GrpcServerSecurityAutoConfiguration#authenticatingServerInterceptor matched:
      - @ConditionalOnMissingBean (types: net.devh.boot.grpc.server.security.interceptors.AuthenticatingServerInterceptor; SearchStrategy: all) did not find any beans (OnBeanCondition)

   GrpcServerSecurityAutoConfiguration#exceptionTranslatingServerInterceptor matched:
      - @ConditionalOnMissingBean (types: net.devh.boot.grpc.server.security.interceptors.ExceptionTranslatingServerInterceptor; SearchStrategy: all) did not find any beans (OnBeanCondition)

   GsonAutoConfiguration matched:
      - @ConditionalOnClass found required class 'com.google.gson.Gson' (OnClassCondition)

   GsonAutoConfiguration#gson matched:
      - @ConditionalOnMissingBean (types: com.google.gson.Gson; SearchStrategy: all) did not find any beans (OnBeanCondition)

   GsonAutoConfiguration#gsonBuilder matched:
      - @ConditionalOnMissingBean (types: com.google.gson.GsonBuilder; SearchStrategy: all) did not find any beans (OnBeanCondition)

   GsonHttpMessageConvertersConfiguration matched:
      - @ConditionalOnClass found required class 'com.google.gson.Gson' (OnClassCondition)

   HealthContributorAutoConfiguration#pingHealthContributor matched:
      - @ConditionalOnEnabledHealthIndicator management.health.defaults.enabled is considered true (OnEnabledHealthIndicatorCondition)

   HealthEndpointAutoConfiguration matched:
      - @ConditionalOnAvailableEndpoint marked as exposed by a 'management.endpoints.web.exposure' property (OnAvailableEndpointCondition)

   HealthEndpointConfiguration#healthContributorRegistry matched:
      - @ConditionalOnMissingBean (types: org.springframework.boot.actuate.health.HealthContributorRegistry; SearchStrategy: all) did not find any beans (OnBeanCondition)

   HealthEndpointConfiguration#healthEndpoint matched:
      - @ConditionalOnMissingBean (types: org.springframework.boot.actuate.health.HealthEndpoint; SearchStrategy: all) did not find any beans (OnBeanCondition)

   HealthEndpointConfiguration#healthEndpointGroupMembershipValidator matched:
      - @ConditionalOnProperty (management.endpoint.health.validate-group-membership=true) matched (OnPropertyCondition)

   HealthEndpointConfiguration#healthEndpointGroups matched:
      - @ConditionalOnMissingBean (types: org.springframework.boot.actuate.health.HealthEndpointGroups; SearchStrategy: all) did not find any beans (OnBeanCondition)

   HealthEndpointConfiguration#healthHttpCodeStatusMapper matched:
      - @ConditionalOnMissingBean (types: org.springframework.boot.actuate.health.HttpCodeStatusMapper; SearchStrategy: all) did not find any beans (OnBeanCondition)

   HealthEndpointConfiguration#healthStatusAggregator matched:
      - @ConditionalOnMissingBean (types: org.springframework.boot.actuate.health.StatusAggregator; SearchStrategy: all) did not find any beans (OnBeanCondition)

   HealthEndpointWebExtensionConfiguration matched:
      - found 'session' scope (OnWebApplicationCondition)
      - @ConditionalOnAvailableEndpoint marked as exposed by a 'management.endpoints.web.exposure' property (OnAvailableEndpointCondition)
      - @ConditionalOnBean (types: org.springframework.boot.actuate.health.HealthEndpoint; SearchStrategy: all) found bean 'healthEndpoint' (OnBeanCondition)

   HealthEndpointWebExtensionConfiguration#healthEndpointWebExtension matched:
      - @ConditionalOnMissingBean (types: org.springframework.boot.actuate.health.HealthEndpointWebExtension; SearchStrategy: all) did not find any beans (OnBeanCondition)

   HealthEndpointWebExtensionConfiguration.MvcAdditionalHealthEndpointPathsConfiguration matched:
      - @ConditionalOnAvailableEndpoint marked as exposed by a 'management.endpoints.web.exposure' property (OnAvailableEndpointCondition)
      - @ConditionalOnBean (types: org.springframework.web.servlet.DispatcherServlet; SearchStrategy: all) found bean 'dispatcherServlet' (OnBeanCondition)

   HeapDumpWebEndpointAutoConfiguration matched:
      - @ConditionalOnAvailableEndpoint marked as exposed by a 'management.endpoints.web.exposure' property (OnAvailableEndpointCondition)

   HeapDumpWebEndpointAutoConfiguration#heapDumpWebEndpoint matched:
      - @ConditionalOnMissingBean (types: org.springframework.boot.actuate.management.HeapDumpWebEndpoint; SearchStrategy: all) did not find any beans (OnBeanCondition)

   HibernateJpaAutoConfiguration matched:
      - @ConditionalOnClass found required classes 'org.springframework.orm.jpa.LocalContainerEntityManagerFactoryBean', 'jakarta.persistence.EntityManager', 'org.hibernate.engine.spi.SessionImplementor' (OnClassCondition)

   HibernateJpaConfiguration matched:
      - @ConditionalOnSingleCandidate (types: javax.sql.DataSource; SearchStrategy: all) found a single bean 'dataSource' (OnBeanCondition)

   HttpClientObservationsAutoConfiguration matched:
      - @ConditionalOnClass found required class 'io.micrometer.observation.Observation' (OnClassCondition)
      - @ConditionalOnBean (types: io.micrometer.observation.ObservationRegistry; SearchStrategy: all) found bean 'observationRegistry' (OnBeanCondition)

   HttpClientObservationsAutoConfiguration.MeterFilterConfiguration matched:
      - @ConditionalOnClass found required class 'io.micrometer.core.instrument.MeterRegistry' (OnClassCondition)
      - @ConditionalOnBean (types: io.micrometer.core.instrument.MeterRegistry; SearchStrategy: all) found bean 'simpleMeterRegistry' (OnBeanCondition)

   HttpEncodingAutoConfiguration matched:
      - @ConditionalOnClass found required class 'org.springframework.web.filter.CharacterEncodingFilter' (OnClassCondition)
      - found 'session' scope (OnWebApplicationCondition)
      - @ConditionalOnProperty (server.servlet.encoding.enabled) matched (OnPropertyCondition)

   HttpEncodingAutoConfiguration#characterEncodingFilter matched:
      - @ConditionalOnMissingBean (types: org.springframework.web.filter.CharacterEncodingFilter; SearchStrategy: all) did not find any beans (OnBeanCondition)

   HttpExchangesEndpointAutoConfiguration matched:
      - @ConditionalOnAvailableEndpoint marked as exposed by a 'management.endpoints.web.exposure' property (OnAvailableEndpointCondition)

   HttpMessageConvertersAutoConfiguration matched:
      - @ConditionalOnClass found required class 'org.springframework.http.converter.HttpMessageConverter' (OnClassCondition)
      - NoneNestedConditions 0 matched 1 did not; NestedCondition on HttpMessageConvertersAutoConfiguration.NotReactiveWebApplicationCondition.ReactiveWebApplication not a reactive web application (HttpMessageConvertersAutoConfiguration.NotReactiveWebApplicationCondition)

   HttpMessageConvertersAutoConfiguration#messageConverters matched:
      - @ConditionalOnMissingBean (types: org.springframework.boot.autoconfigure.http.HttpMessageConverters; SearchStrategy: all) did not find any beans (OnBeanCondition)

   HttpMessageConvertersAutoConfiguration.StringHttpMessageConverterConfiguration matched:
      - @ConditionalOnClass found required class 'org.springframework.http.converter.StringHttpMessageConverter' (OnClassCondition)

   HttpMessageConvertersAutoConfiguration.StringHttpMessageConverterConfiguration#stringHttpMessageConverter matched:
      - @ConditionalOnMissingBean (types: org.springframework.http.converter.StringHttpMessageConverter; SearchStrategy: all) did not find any beans (OnBeanCondition)

   InfoEndpointAutoConfiguration matched:
      - @ConditionalOnAvailableEndpoint marked as exposed by a 'management.endpoints.web.exposure' property (OnAvailableEndpointCondition)

   InfoEndpointAutoConfiguration#infoEndpoint matched:
      - @ConditionalOnMissingBean (types: org.springframework.boot.actuate.info.InfoEndpoint; SearchStrategy: all) did not find any beans (OnBeanCondition)

   JacksonAutoConfiguration matched:
      - @ConditionalOnClass found required class 'com.fasterxml.jackson.databind.ObjectMapper' (OnClassCondition)

   JacksonAutoConfiguration.Jackson2ObjectMapperBuilderCustomizerConfiguration matched:
      - @ConditionalOnClass found required class 'org.springframework.http.converter.json.Jackson2ObjectMapperBuilder' (OnClassCondition)

   JacksonAutoConfiguration.JacksonObjectMapperBuilderConfiguration matched:
      - @ConditionalOnClass found required class 'org.springframework.http.converter.json.Jackson2ObjectMapperBuilder' (OnClassCondition)

   JacksonAutoConfiguration.JacksonObjectMapperBuilderConfiguration#jacksonObjectMapperBuilder matched:
      - @ConditionalOnMissingBean (types: org.springframework.http.converter.json.Jackson2ObjectMapperBuilder; SearchStrategy: all) did not find any beans (OnBeanCondition)

   JacksonAutoConfiguration.JacksonObjectMapperConfiguration matched:
      - @ConditionalOnClass found required class 'org.springframework.http.converter.json.Jackson2ObjectMapperBuilder' (OnClassCondition)

   JacksonAutoConfiguration.JacksonObjectMapperConfiguration#jacksonObjectMapper matched:
      - @ConditionalOnMissingBean (types: com.fasterxml.jackson.databind.ObjectMapper; SearchStrategy: all) did not find any beans (OnBeanCondition)

   JacksonAutoConfiguration.ParameterNamesModuleConfiguration matched:
      - @ConditionalOnClass found required class 'com.fasterxml.jackson.module.paramnames.ParameterNamesModule' (OnClassCondition)

   JacksonAutoConfiguration.ParameterNamesModuleConfiguration#parameterNamesModule matched:
      - @ConditionalOnMissingBean (types: com.fasterxml.jackson.module.paramnames.ParameterNamesModule; SearchStrategy: all) did not find any beans (OnBeanCondition)

   JacksonEndpointAutoConfiguration#endpointObjectMapper matched:
      - @ConditionalOnClass found required classes 'com.fasterxml.jackson.databind.ObjectMapper', 'org.springframework.http.converter.json.Jackson2ObjectMapperBuilder' (OnClassCondition)
      - @ConditionalOnProperty (management.endpoints.jackson.isolated-object-mapper) matched (OnPropertyCondition)

   JacksonHttpMessageConvertersConfiguration.MappingJackson2HttpMessageConverterConfiguration matched:
      - @ConditionalOnClass found required class 'com.fasterxml.jackson.databind.ObjectMapper' (OnClassCondition)
      - @ConditionalOnProperty (spring.mvc.converters.preferred-json-mapper=jackson) matched (OnPropertyCondition)
      - @ConditionalOnBean (types: com.fasterxml.jackson.databind.ObjectMapper; SearchStrategy: all) found bean 'jacksonObjectMapper' (OnBeanCondition)

   JacksonHttpMessageConvertersConfiguration.MappingJackson2HttpMessageConverterConfiguration#mappingJackson2HttpMessageConverter matched:
      - @ConditionalOnMissingBean (types: org.springframework.http.converter.json.MappingJackson2HttpMessageConverter ignored: org.springframework.hateoas.server.mvc.TypeConstrainedMappingJackson2HttpMessageConverter,org.springframework.data.rest.webmvc.alps.AlpsJsonHttpMessageConverter; SearchStrategy: all) did not find any beans (OnBeanCondition)

   JdbcClientAutoConfiguration matched:
      - @ConditionalOnSingleCandidate (types: org.springframework.jdbc.core.namedparam.NamedParameterJdbcTemplate; SearchStrategy: all) found a single bean 'namedParameterJdbcTemplate'; @ConditionalOnMissingBean (types: org.springframework.jdbc.core.simple.JdbcClient; SearchStrategy: all) did not find any beans (OnBeanCondition)

   JdbcTemplateAutoConfiguration matched:
      - @ConditionalOnClass found required classes 'javax.sql.DataSource', 'org.springframework.jdbc.core.JdbcTemplate' (OnClassCondition)
      - @ConditionalOnSingleCandidate (types: javax.sql.DataSource; SearchStrategy: all) found a single bean 'dataSource' (OnBeanCondition)

   JdbcTemplateConfiguration matched:
      - @ConditionalOnMissingBean (types: org.springframework.jdbc.core.JdbcOperations; SearchStrategy: all) did not find any beans (OnBeanCondition)

   JpaBaseConfiguration#entityManagerFactory matched:
      - @ConditionalOnMissingBean (types: org.springframework.orm.jpa.LocalContainerEntityManagerFactoryBean,jakarta.persistence.EntityManagerFactory; SearchStrategy: all) did not find any beans (OnBeanCondition)

   JpaBaseConfiguration#entityManagerFactoryBuilder matched:
      - @ConditionalOnMissingBean (types: org.springframework.boot.orm.jpa.EntityManagerFactoryBuilder; SearchStrategy: all) did not find any beans (OnBeanCondition)

   JpaBaseConfiguration#jpaVendorAdapter matched:
      - @ConditionalOnMissingBean (types: org.springframework.orm.jpa.JpaVendorAdapter; SearchStrategy: all) did not find any beans (OnBeanCondition)

   JpaBaseConfiguration#transactionManager matched:
      - @ConditionalOnMissingBean (types: org.springframework.transaction.TransactionManager; SearchStrategy: all) did not find any beans (OnBeanCondition)

   JpaBaseConfiguration.JpaWebConfiguration matched:
      - @ConditionalOnClass found required class 'org.springframework.web.servlet.config.annotation.WebMvcConfigurer' (OnClassCondition)
      - found 'session' scope (OnWebApplicationCondition)
      - @ConditionalOnProperty (spring.jpa.open-in-view=true) matched (OnPropertyCondition)
      - @ConditionalOnMissingBean (types: org.springframework.orm.jpa.support.OpenEntityManagerInViewInterceptor,org.springframework.orm.jpa.support.OpenEntityManagerInViewFilter; SearchStrategy: all) did not find any beans (OnBeanCondition)

   JpaBaseConfiguration.PersistenceManagedTypesConfiguration matched:
      - @ConditionalOnMissingBean (types: org.springframework.orm.jpa.LocalContainerEntityManagerFactoryBean,jakarta.persistence.EntityManagerFactory; SearchStrategy: all) did not find any beans (OnBeanCondition)

   JpaBaseConfiguration.PersistenceManagedTypesConfiguration#persistenceManagedTypes matched:
      - @ConditionalOnMissingBean (types: org.springframework.orm.jpa.persistenceunit.PersistenceManagedTypes; SearchStrategy: all) did not find any beans (OnBeanCondition)

   JpaRepositoriesAutoConfiguration matched:
      - @ConditionalOnClass found required class 'org.springframework.data.jpa.repository.JpaRepository' (OnClassCondition)
      - @ConditionalOnProperty (spring.data.jpa.repositories.enabled=true) matched (OnPropertyCondition)
      - @ConditionalOnBean (types: javax.sql.DataSource; SearchStrategy: all) found bean 'dataSource'; @ConditionalOnMissingBean (types: org.springframework.data.jpa.repository.support.JpaRepositoryFactoryBean,org.springframework.data.jpa.repository.config.JpaRepositoryConfigExtension; SearchStrategy: all) did not find any beans (OnBeanCondition)

   JtaAutoConfiguration matched:
      - @ConditionalOnClass found required class 'jakarta.transaction.Transaction' (OnClassCondition)
      - @ConditionalOnProperty (spring.jta.enabled) matched (OnPropertyCondition)

   JvmMetricsAutoConfiguration matched:
      - @ConditionalOnClass found required class 'io.micrometer.core.instrument.MeterRegistry' (OnClassCondition)
      - @ConditionalOnBean (types: io.micrometer.core.instrument.MeterRegistry; SearchStrategy: all) found bean 'simpleMeterRegistry' (OnBeanCondition)

   JvmMetricsAutoConfiguration#classLoaderMetrics matched:
      - @ConditionalOnMissingBean (types: io.micrometer.core.instrument.binder.jvm.ClassLoaderMetrics; SearchStrategy: all) did not find any beans (OnBeanCondition)

   JvmMetricsAutoConfiguration#jvmCompilationMetrics matched:
      - @ConditionalOnMissingBean (types: io.micrometer.core.instrument.binder.jvm.JvmCompilationMetrics; SearchStrategy: all) did not find any beans (OnBeanCondition)

   JvmMetricsAutoConfiguration#jvmGcMetrics matched:
      - @ConditionalOnMissingBean (types: io.micrometer.core.instrument.binder.jvm.JvmGcMetrics; SearchStrategy: all) did not find any beans (OnBeanCondition)

   JvmMetricsAutoConfiguration#jvmHeapPressureMetrics matched:
      - @ConditionalOnMissingBean (types: io.micrometer.core.instrument.binder.jvm.JvmHeapPressureMetrics; SearchStrategy: all) did not find any beans (OnBeanCondition)

   JvmMetricsAutoConfiguration#jvmInfoMetrics matched:
      - @ConditionalOnMissingBean (types: io.micrometer.core.instrument.binder.jvm.JvmInfoMetrics; SearchStrategy: all) did not find any beans (OnBeanCondition)

   JvmMetricsAutoConfiguration#jvmMemoryMetrics matched:
      - @ConditionalOnMissingBean (types: io.micrometer.core.instrument.binder.jvm.JvmMemoryMetrics; SearchStrategy: all) did not find any beans (OnBeanCondition)

   JvmMetricsAutoConfiguration#jvmThreadMetrics matched:
      - @ConditionalOnMissingBean (types: io.micrometer.core.instrument.binder.jvm.JvmThreadMetrics; SearchStrategy: all) did not find any beans (OnBeanCondition)

   LettuceConnectionConfiguration matched:
      - @ConditionalOnClass found required class 'io.lettuce.core.RedisClient' (OnClassCondition)
      - @ConditionalOnProperty (spring.data.redis.client-type=lettuce) matched (OnPropertyCondition)

   LettuceConnectionConfiguration#lettuceClientResources matched:
      - @ConditionalOnMissingBean (types: io.lettuce.core.resource.ClientResources; SearchStrategy: all) did not find any beans (OnBeanCondition)

   LettuceMetricsAutoConfiguration matched:
      - @ConditionalOnClass found required classes 'io.lettuce.core.RedisClient', 'io.lettuce.core.metrics.MicrometerCommandLatencyRecorder' (OnClassCondition)
      - @ConditionalOnBean (types: io.micrometer.core.instrument.MeterRegistry; SearchStrategy: all) found bean 'simpleMeterRegistry' (OnBeanCondition)

   LettuceMetricsAutoConfiguration#micrometerOptions matched:
      - @ConditionalOnMissingBean (types: io.lettuce.core.metrics.MicrometerOptions; SearchStrategy: all) did not find any beans (OnBeanCondition)

   LifecycleAutoConfiguration#defaultLifecycleProcessor matched:
      - @ConditionalOnMissingBean (names: lifecycleProcessor; SearchStrategy: current) did not find any beans (OnBeanCondition)

   LogFileWebEndpointAutoConfiguration matched:
      - @ConditionalOnAvailableEndpoint marked as exposed by a 'management.endpoints.web.exposure' property (OnAvailableEndpointCondition)

   LogbackMetricsAutoConfiguration matched:
      - @ConditionalOnClass found required classes 'io.micrometer.core.instrument.MeterRegistry', 'ch.qos.logback.classic.LoggerContext', 'org.slf4j.LoggerFactory' (OnClassCondition)
      - LogbackLoggingCondition ILoggerFactory is a Logback LoggerContext (LogbackMetricsAutoConfiguration.LogbackLoggingCondition)
      - @ConditionalOnBean (types: io.micrometer.core.instrument.MeterRegistry; SearchStrategy: all) found bean 'simpleMeterRegistry' (OnBeanCondition)

   LogbackMetricsAutoConfiguration#logbackMetrics matched:
      - @ConditionalOnMissingBean (types: io.micrometer.core.instrument.binder.logging.LogbackMetrics; SearchStrategy: all) did not find any beans (OnBeanCondition)

   LoggersEndpointAutoConfiguration matched:
      - @ConditionalOnAvailableEndpoint marked as exposed by a 'management.endpoints.web.exposure' property (OnAvailableEndpointCondition)

   LoggersEndpointAutoConfiguration#loggersEndpoint matched:
      - Logging System enabled (LoggersEndpointAutoConfiguration.OnEnabledLoggingSystemCondition)
      - @ConditionalOnBean (types: org.springframework.boot.logging.LoggingSystem; SearchStrategy: all) found bean 'springBootLoggingSystem'; @ConditionalOnMissingBean (types: org.springframework.boot.actuate.logging.LoggersEndpoint; SearchStrategy: all) did not find any beans (OnBeanCondition)

   ManagementContextAutoConfiguration.SameManagementContextConfiguration matched:
      - Management Port actual port type (SAME) matched required type (OnManagementPortCondition)

   MappingsEndpointAutoConfiguration matched:
      - @ConditionalOnAvailableEndpoint marked as exposed by a 'management.endpoints.web.exposure' property (OnAvailableEndpointCondition)

   MappingsEndpointAutoConfiguration.ServletWebConfiguration matched:
      - found 'session' scope (OnWebApplicationCondition)

   MappingsEndpointAutoConfiguration.ServletWebConfiguration.SpringMvcConfiguration matched:
      - @ConditionalOnClass found required class 'org.springframework.web.servlet.DispatcherServlet' (OnClassCondition)
      - @ConditionalOnBean (types: org.springframework.web.servlet.DispatcherServlet; SearchStrategy: all) found bean 'dispatcherServlet' (OnBeanCondition)

   MetricsAutoConfiguration matched:
      - @ConditionalOnClass found required class 'io.micrometer.core.annotation.Timed' (OnClassCondition)

   MetricsAutoConfiguration#micrometerClock matched:
      - @ConditionalOnMissingBean (types: io.micrometer.core.instrument.Clock; SearchStrategy: all) did not find any beans (OnBeanCondition)

   MetricsEndpointAutoConfiguration matched:
      - @ConditionalOnClass found required class 'io.micrometer.core.annotation.Timed' (OnClassCondition)
      - @ConditionalOnAvailableEndpoint marked as exposed by a 'management.endpoints.web.exposure' property (OnAvailableEndpointCondition)

   MetricsEndpointAutoConfiguration#metricsEndpoint matched:
      - @ConditionalOnBean (types: io.micrometer.core.instrument.MeterRegistry; SearchStrategy: all) found bean 'simpleMeterRegistry'; @ConditionalOnMissingBean (types: org.springframework.boot.actuate.metrics.MetricsEndpoint; SearchStrategy: all) did not find any beans (OnBeanCondition)

   MultipartAutoConfiguration matched:
      - @ConditionalOnClass found required classes 'jakarta.servlet.Servlet', 'org.springframework.web.multipart.support.StandardServletMultipartResolver', 'jakarta.servlet.MultipartConfigElement' (OnClassCondition)
      - found 'session' scope (OnWebApplicationCondition)
      - @ConditionalOnProperty (spring.servlet.multipart.enabled) matched (OnPropertyCondition)

   MultipartAutoConfiguration#multipartConfigElement matched:
      - @ConditionalOnMissingBean (types: jakarta.servlet.MultipartConfigElement; SearchStrategy: all) did not find any beans (OnBeanCondition)

   MultipartAutoConfiguration#multipartResolver matched:
      - @ConditionalOnMissingBean (types: org.springframework.web.multipart.MultipartResolver; SearchStrategy: all) did not find any beans (OnBeanCondition)

   MultipleOpenApiSupportConfiguration matched:
      - found 'session' scope (OnWebApplicationCondition)
      - @ConditionalOnProperty (springdoc.api-docs.enabled) matched (OnPropertyCondition)
      - AnyNestedCondition 1 matched 1 did not; NestedCondition on MultipleOpenApiSupportCondition.OnActuatorDifferentPort found non-matching nested conditions Management Port actual port type (SAME) did not match required type (DIFFERENT), @ConditionalOnProperty (springdoc.show-actuator) did not find property 'springdoc.show-actuator'; NestedCondition on MultipleOpenApiSupportCondition.OnMultipleOpenApiSupportCondition AnyNestedCondition 1 matched 1 did not; NestedCondition on MultipleOpenApiGroupsCondition.OnGroupConfigProperty @ConditionalOnProperty (springdoc.group-configs[0].group) did not find property 'springdoc.group-configs[0].group'; NestedCondition on MultipleOpenApiGroupsCondition.OnGroupedOpenApiBean @ConditionalOnBean (types: org.springdoc.core.models.GroupedOpenApi; SearchStrategy: all) found bean 'publicApi' (MultipleOpenApiSupportCondition)

   MultipleOpenApiSupportConfiguration#multipleOpenApiResource matched:
      - @ConditionalOnProperty (springdoc.use-management-port=false) matched (OnPropertyCondition)
      - @ConditionalOnMissingBean (types: org.springdoc.webmvc.api.MultipleOpenApiWebMvcResource; SearchStrategy: all) did not find any beans (OnBeanCondition)

   NamedParameterJdbcTemplateConfiguration matched:
      - @ConditionalOnSingleCandidate (types: org.springframework.jdbc.core.JdbcTemplate; SearchStrategy: all) found a single bean 'jdbcTemplate'; @ConditionalOnMissingBean (types: org.springframework.jdbc.core.namedparam.NamedParameterJdbcOperations; SearchStrategy: all) did not find any beans (OnBeanCondition)

   NettyAutoConfiguration matched:
      - @ConditionalOnClass found required class 'io.netty.util.NettyRuntime' (OnClassCondition)

   NoOpCacheConfiguration matched:
      - Cache org.springframework.boot.autoconfigure.cache.NoOpCacheConfiguration automatic cache type (CacheCondition)

   ObservationAutoConfiguration matched:
      - @ConditionalOnClass found required class 'io.micrometer.observation.ObservationRegistry' (OnClassCondition)

   ObservationAutoConfiguration#observationRegistry matched:
      - @ConditionalOnMissingBean (types: io.micrometer.observation.ObservationRegistry; SearchStrategy: all) did not find any beans (OnBeanCondition)

   ObservationAutoConfiguration.MeterObservationHandlerConfiguration matched:
      - @ConditionalOnBean (types: io.micrometer.core.instrument.MeterRegistry; SearchStrategy: all) found bean 'simpleMeterRegistry'; @ConditionalOnMissingBean (types: io.micrometer.core.instrument.observation.MeterObservationHandler; SearchStrategy: all) did not find any beans (OnBeanCondition)

   ObservationAutoConfiguration.MeterObservationHandlerConfiguration.OnlyMetricsMeterObservationHandlerConfiguration matched:
      - @ConditionalOnMissingBean (types: io.micrometer.tracing.Tracer; SearchStrategy: all) did not find any beans (OnBeanCondition)

   ObservationAutoConfiguration.ObservedAspectConfiguration matched:
      - @ConditionalOnClass found required class 'org.aspectj.weaver.Advice' (OnClassCondition)

   ObservationAutoConfiguration.ObservedAspectConfiguration#observedAspect matched:
      - @ConditionalOnMissingBean (types: io.micrometer.observation.aop.ObservedAspect; SearchStrategy: all) did not find any beans (OnBeanCondition)

   ObservationAutoConfiguration.OnlyMetricsConfiguration matched:
      - @ConditionalOnClass found required class 'io.micrometer.core.instrument.MeterRegistry'; @ConditionalOnMissingClass did not find unwanted class 'io.micrometer.tracing.Tracer' (OnClassCondition)

   PersistenceExceptionTranslationAutoConfiguration matched:
      - @ConditionalOnClass found required class 'org.springframework.dao.annotation.PersistenceExceptionTranslationPostProcessor' (OnClassCondition)

   PersistenceExceptionTranslationAutoConfiguration#persistenceExceptionTranslationPostProcessor matched:
      - @ConditionalOnProperty (spring.dao.exceptiontranslation.enabled) matched (OnPropertyCondition)
      - @ConditionalOnMissingBean (types: org.springframework.dao.annotation.PersistenceExceptionTranslationPostProcessor; SearchStrategy: all) did not find any beans (OnBeanCondition)

   PropertyPlaceholderAutoConfiguration#propertySourcesPlaceholderConfigurer matched:
      - @ConditionalOnMissingBean (types: org.springframework.context.support.PropertySourcesPlaceholderConfigurer; SearchStrategy: current) did not find any beans (OnBeanCondition)

   RateLimiterAutoConfiguration matched:
      - @ConditionalOnClass found required class 'io.github.resilience4j.ratelimiter.RateLimiter' (OnClassCondition)

   RateLimiterAutoConfiguration.RateLimiterEndpointAutoConfiguration matched:
      - @ConditionalOnClass found required class 'org.springframework.boot.actuate.endpoint.annotation.Endpoint' (OnClassCondition)

   RateLimiterAutoConfiguration.RateLimiterEndpointAutoConfiguration#rateLimiterEndpoint matched:
      - @ConditionalOnAvailableEndpoint marked as exposed by a 'management.endpoints.web.exposure' property (OnAvailableEndpointCondition)

   RateLimiterAutoConfiguration.RateLimiterEndpointAutoConfiguration#rateLimiterEventsEndpoint matched:
      - @ConditionalOnAvailableEndpoint marked as exposed by a 'management.endpoints.web.exposure' property (OnAvailableEndpointCondition)

   RateLimiterConfigurationOnMissingBean#rateLimiterEventsConsumerRegistry matched:
      - @ConditionalOnMissingBean (types: io.github.resilience4j.ratelimiter.event.RateLimiterEvent; SearchStrategy: all) did not find any beans (OnBeanCondition)

   RateLimiterMetricsAutoConfiguration matched:
      - @ConditionalOnClass found required classes 'io.micrometer.core.instrument.MeterRegistry', 'io.github.resilience4j.ratelimiter.RateLimiter', 'io.github.resilience4j.micrometer.tagged.TaggedRateLimiterMetricsPublisher' (OnClassCondition)
      - @ConditionalOnProperty (resilience4j.ratelimiter.metrics.enabled) matched (OnPropertyCondition)

   RateLimiterMetricsAutoConfiguration#taggedRateLimiterMetricsPublisher matched:
      - @ConditionalOnProperty (resilience4j.ratelimiter.metrics.legacy.enabled=false) matched (OnPropertyCondition)
      - @ConditionalOnBean (types: io.micrometer.core.instrument.MeterRegistry; SearchStrategy: all) found bean 'simpleMeterRegistry'; @ConditionalOnMissingBean (types: io.github.resilience4j.micrometer.tagged.TaggedRateLimiterMetricsPublisher; SearchStrategy: all) did not find any beans (OnBeanCondition)

   RateLimitersHealthIndicatorAutoConfiguration matched:
      - @ConditionalOnClass found required classes 'io.github.resilience4j.ratelimiter.RateLimiter', 'org.springframework.boot.actuate.health.HealthIndicator', 'org.springframework.boot.actuate.health.StatusAggregator' (OnClassCondition)

   ReactiveHealthEndpointConfiguration matched:
      - @ConditionalOnClass found required class 'reactor.core.publisher.Flux' (OnClassCondition)
      - @ConditionalOnBean (types: org.springframework.boot.actuate.health.HealthEndpoint; SearchStrategy: all) found bean 'healthEndpoint' (OnBeanCondition)

   ReactiveHealthEndpointConfiguration#reactiveHealthContributorRegistry matched:
      - @ConditionalOnMissingBean (types: org.springframework.boot.actuate.health.ReactiveHealthContributorRegistry; SearchStrategy: all) did not find any beans (OnBeanCondition)

   ReactiveSecurityAutoConfiguration matched:
      - @ConditionalOnClass found required classes 'reactor.core.publisher.Flux', 'org.springframework.security.config.annotation.web.reactive.EnableWebFluxSecurity', 'org.springframework.security.web.server.WebFilterChainProxy', 'org.springframework.web.reactive.config.WebFluxConfigurer' (OnClassCondition)

   ReactorAutoConfiguration matched:
      - @ConditionalOnClass found required class 'reactor.core.publisher.Hooks' (OnClassCondition)

   ReactorNettyConfigurations.ReactorResourceFactoryConfiguration#reactorResourceFactory matched:
      - @ConditionalOnMissingBean (types: org.springframework.http.client.ReactorResourceFactory; SearchStrategy: all) did not find any beans (OnBeanCondition)

   RedisAutoConfiguration matched:
      - @ConditionalOnClass found required class 'org.springframework.data.redis.core.RedisOperations' (OnClassCondition)

   RedisAutoConfiguration#redisConnectionDetails matched:
      - @ConditionalOnMissingBean (types: org.springframework.boot.autoconfigure.data.redis.RedisConnectionDetails; SearchStrategy: all) did not find any beans (OnBeanCondition)

   RedisAutoConfiguration#stringRedisTemplate matched:
      - @ConditionalOnSingleCandidate (types: org.springframework.data.redis.connection.RedisConnectionFactory; SearchStrategy: all) found a single bean 'jedisConnectionFactory'; @ConditionalOnMissingBean (types: org.springframework.data.redis.core.StringRedisTemplate; SearchStrategy: all) did not find any beans (OnBeanCondition)

   RedisCacheConfiguration matched:
      - @ConditionalOnClass found required class 'org.springframework.data.redis.connection.RedisConnectionFactory' (OnClassCondition)
      - Cache org.springframework.boot.autoconfigure.cache.RedisCacheConfiguration automatic cache type (CacheCondition)

   RedisHealthContributorAutoConfiguration matched:
      - @ConditionalOnClass found required class 'org.springframework.data.redis.connection.RedisConnectionFactory' (OnClassCondition)
      - @ConditionalOnEnabledHealthIndicator management.health.defaults.enabled is considered true (OnEnabledHealthIndicatorCondition)
      - @ConditionalOnBean (types: org.springframework.data.redis.connection.RedisConnectionFactory; SearchStrategy: all) found bean 'jedisConnectionFactory' (OnBeanCondition)

   RedisHealthContributorAutoConfiguration#redisHealthContributor matched:
      - @ConditionalOnMissingBean (names: redisHealthIndicator,redisHealthContributor; SearchStrategy: all) did not find any beans (OnBeanCondition)

   RedisReactiveAutoConfiguration matched:
      - @ConditionalOnClass found required classes 'org.springframework.data.redis.connection.ReactiveRedisConnectionFactory', 'org.springframework.data.redis.core.ReactiveRedisTemplate', 'reactor.core.publisher.Flux' (OnClassCondition)

   RedisRepositoriesAutoConfiguration matched:
      - @ConditionalOnClass found required class 'org.springframework.data.redis.repository.configuration.EnableRedisRepositories' (OnClassCondition)
      - @ConditionalOnProperty (spring.data.redis.repositories.enabled=true) matched (OnPropertyCondition)
      - @ConditionalOnBean (types: org.springframework.data.redis.connection.RedisConnectionFactory; SearchStrategy: all) found bean 'jedisConnectionFactory'; @ConditionalOnMissingBean (types: org.springframework.data.redis.repository.support.RedisRepositoryFactoryBean; SearchStrategy: all) did not find any beans (OnBeanCondition)

   RepositoryMetricsAutoConfiguration matched:
      - @ConditionalOnClass found required class 'org.springframework.data.repository.Repository' (OnClassCondition)
      - @ConditionalOnBean (types: io.micrometer.core.instrument.MeterRegistry; SearchStrategy: all) found bean 'simpleMeterRegistry' (OnBeanCondition)

   RepositoryMetricsAutoConfiguration#metricsRepositoryMethodInvocationListener matched:
      - @ConditionalOnMissingBean (types: org.springframework.boot.actuate.metrics.data.MetricsRepositoryMethodInvocationListener; SearchStrategy: all) did not find any beans (OnBeanCondition)

   RepositoryMetricsAutoConfiguration#repositoryTagsProvider matched:
      - @ConditionalOnMissingBean (types: org.springframework.boot.actuate.metrics.data.RepositoryTagsProvider; SearchStrategy: all) did not find any beans (OnBeanCondition)

   RestClientAutoConfiguration matched:
      - @ConditionalOnClass found required class 'org.springframework.web.client.RestClient' (OnClassCondition)
      - NoneNestedConditions 0 matched 1 did not; NestedCondition on NotReactiveWebApplicationCondition.ReactiveWebApplication not a reactive web application (NotReactiveWebApplicationCondition)

   RestClientAutoConfiguration#httpMessageConvertersRestClientCustomizer matched:
      - @ConditionalOnMissingBean (types: org.springframework.boot.autoconfigure.web.client.HttpMessageConvertersRestClientCustomizer; SearchStrategy: all) did not find any beans (OnBeanCondition)

   RestClientAutoConfiguration#restClientBuilder matched:
      - @ConditionalOnMissingBean (types: org.springframework.web.client.RestClient$Builder; SearchStrategy: all) did not find any beans (OnBeanCondition)

   RestClientAutoConfiguration#restClientBuilderConfigurer matched:
      - @ConditionalOnMissingBean (types: org.springframework.boot.autoconfigure.web.client.RestClientBuilderConfigurer; SearchStrategy: all) did not find any beans (OnBeanCondition)

   RestClientAutoConfiguration#restClientSsl matched:
      - @ConditionalOnBean (types: org.springframework.boot.ssl.SslBundles; SearchStrategy: all) found bean 'sslBundleRegistry'; @ConditionalOnMissingBean (types: org.springframework.boot.autoconfigure.web.client.RestClientSsl; SearchStrategy: all) did not find any beans (OnBeanCondition)

   RestClientObservationConfiguration matched:
      - @ConditionalOnClass found required class 'org.springframework.web.client.RestClient' (OnClassCondition)
      - @ConditionalOnBean (types: org.springframework.web.client.RestClient$Builder; SearchStrategy: all) found bean 'restClientBuilder' (OnBeanCondition)

   RestTemplateAutoConfiguration matched:
      - @ConditionalOnClass found required class 'org.springframework.web.client.RestTemplate' (OnClassCondition)
      - NoneNestedConditions 0 matched 1 did not; NestedCondition on NotReactiveWebApplicationCondition.ReactiveWebApplication not a reactive web application (NotReactiveWebApplicationCondition)

   RestTemplateAutoConfiguration#restTemplateBuilder matched:
      - @ConditionalOnMissingBean (types: org.springframework.boot.web.client.RestTemplateBuilder; SearchStrategy: all) did not find any beans (OnBeanCondition)

   RestTemplateObservationConfiguration matched:
      - @ConditionalOnClass found required class 'org.springframework.web.client.RestTemplate' (OnClassCondition)
      - @ConditionalOnBean (types: org.springframework.boot.web.client.RestTemplateBuilder; SearchStrategy: all) found bean 'restTemplateBuilder' (OnBeanCondition)

   RetryAutoConfiguration matched:
      - @ConditionalOnClass found required class 'io.github.resilience4j.retry.Retry' (OnClassCondition)

   RetryAutoConfiguration.RetryAutoEndpointConfiguration matched:
      - @ConditionalOnClass found required class 'org.springframework.boot.actuate.endpoint.annotation.Endpoint' (OnClassCondition)

   RetryAutoConfiguration.RetryAutoEndpointConfiguration#retryEndpoint matched:
      - @ConditionalOnAvailableEndpoint marked as exposed by a 'management.endpoints.web.exposure' property (OnAvailableEndpointCondition)

   RetryAutoConfiguration.RetryAutoEndpointConfiguration#retryEventsEndpoint matched:
      - @ConditionalOnAvailableEndpoint marked as exposed by a 'management.endpoints.web.exposure' property (OnAvailableEndpointCondition)

   RetryConfigurationOnMissingBean#retryEventConsumerRegistry matched:
      - @ConditionalOnMissingBean (types: io.github.resilience4j.retry.event.RetryEvent; SearchStrategy: all) did not find any beans (OnBeanCondition)

   RetryMetricsAutoConfiguration matched:
      - @ConditionalOnClass found required classes 'io.micrometer.core.instrument.MeterRegistry', 'io.github.resilience4j.retry.Retry', 'io.github.resilience4j.micrometer.tagged.TaggedRetryMetricsPublisher' (OnClassCondition)
      - @ConditionalOnProperty (resilience4j.retry.metrics.enabled) matched (OnPropertyCondition)

   RetryMetricsAutoConfiguration#taggedRetryMetricsPublisher matched:
      - @ConditionalOnProperty (resilience4j.retry.metrics.legacy.enabled=false) matched (OnPropertyCondition)
      - @ConditionalOnBean (types: io.micrometer.core.instrument.MeterRegistry; SearchStrategy: all) found bean 'simpleMeterRegistry'; @ConditionalOnMissingBean (types: io.github.resilience4j.micrometer.tagged.TaggedRetryMetricsPublisher; SearchStrategy: all) did not find any beans (OnBeanCondition)

   SbomEndpointAutoConfiguration matched:
      - @ConditionalOnAvailableEndpoint marked as exposed by a 'management.endpoints.web.exposure' property (OnAvailableEndpointCondition)

   SbomEndpointAutoConfiguration#sbomEndpoint matched:
      - @ConditionalOnMissingBean (types: org.springframework.boot.actuate.sbom.SbomEndpoint; SearchStrategy: all) did not find any beans (OnBeanCondition)

   SbomEndpointAutoConfiguration#sbomEndpointWebExtension matched:
      - @ConditionalOnBean (types: org.springframework.boot.actuate.sbom.SbomEndpoint; SearchStrategy: all) found bean 'sbomEndpoint'; @ConditionalOnMissingBean (types: org.springframework.boot.actuate.sbom.SbomEndpointWebExtension; SearchStrategy: all) did not find any beans (OnBeanCondition)
      - @ConditionalOnAvailableEndpoint marked as exposed by a 'management.endpoints.web.exposure' property (OnAvailableEndpointCondition)

   ScheduledTasksEndpointAutoConfiguration matched:
      - @ConditionalOnAvailableEndpoint marked as exposed by a 'management.endpoints.web.exposure' property (OnAvailableEndpointCondition)

   ScheduledTasksEndpointAutoConfiguration#scheduledTasksEndpoint matched:
      - @ConditionalOnMissingBean (types: org.springframework.boot.actuate.scheduling.ScheduledTasksEndpoint; SearchStrategy: all) did not find any beans (OnBeanCondition)

   ScheduledTasksObservabilityAutoConfiguration matched:
      - @ConditionalOnClass found required class 'org.springframework.scheduling.concurrent.ThreadPoolTaskScheduler' (OnClassCondition)
      - @ConditionalOnBean (types: io.micrometer.observation.ObservationRegistry; SearchStrategy: all) found bean 'observationRegistry' (OnBeanCondition)

   SecurityAutoConfiguration matched:
      - @ConditionalOnClass found required class 'org.springframework.security.authentication.DefaultAuthenticationEventPublisher' (OnClassCondition)

   SecurityAutoConfiguration#authenticationEventPublisher matched:
      - @ConditionalOnMissingBean (types: org.springframework.security.authentication.AuthenticationEventPublisher; SearchStrategy: all) did not find any beans (OnBeanCondition)

   SecurityFilterAutoConfiguration matched:
      - @ConditionalOnClass found required classes 'org.springframework.security.web.context.AbstractSecurityWebApplicationInitializer', 'org.springframework.security.config.http.SessionCreationPolicy' (OnClassCondition)
      - found 'session' scope (OnWebApplicationCondition)

   SecurityFilterAutoConfiguration#securityFilterChainRegistration matched:
      - @ConditionalOnBean (names: springSecurityFilterChain; SearchStrategy: all) found bean 'springSecurityFilterChain' (OnBeanCondition)

   SecurityRequestMatchersManagementContextConfiguration matched:
      - @ConditionalOnClass found required class 'org.springframework.security.web.util.matcher.RequestMatcher' (OnClassCondition)
      - found 'session' scope (OnWebApplicationCondition)

   SecurityRequestMatchersManagementContextConfiguration.MvcRequestMatcherConfiguration matched:
      - @ConditionalOnClass found required class 'org.springframework.web.servlet.DispatcherServlet' (OnClassCondition)
      - @ConditionalOnBean (types: org.springframework.boot.autoconfigure.web.servlet.DispatcherServletPath; SearchStrategy: all) found bean 'dispatcherServletRegistration' (OnBeanCondition)

   SecurityRequestMatchersManagementContextConfiguration.MvcRequestMatcherConfiguration#requestMatcherProvider matched:
      - @ConditionalOnClass found required class 'org.springframework.web.servlet.DispatcherServlet' (OnClassCondition)
      - @ConditionalOnMissingBean (types: org.springframework.boot.autoconfigure.security.servlet.RequestMatcherProvider; SearchStrategy: all) did not find any beans (OnBeanCondition)

   ServletEndpointManagementContextConfiguration matched:
      - found 'session' scope (OnWebApplicationCondition)

   ServletEndpointManagementContextConfiguration.WebMvcServletEndpointManagementContextConfiguration matched:
      - @ConditionalOnClass found required class 'org.springframework.web.servlet.DispatcherServlet' (OnClassCondition)

   ServletManagementContextAutoConfiguration matched:
      - @ConditionalOnClass found required class 'jakarta.servlet.Servlet' (OnClassCondition)
      - found 'session' scope (OnWebApplicationCondition)

   ServletWebServerFactoryAutoConfiguration matched:
      - @ConditionalOnClass found required class 'jakarta.servlet.ServletRequest' (OnClassCondition)
      - found 'session' scope (OnWebApplicationCondition)

   ServletWebServerFactoryAutoConfiguration#tomcatServletWebServerFactoryCustomizer matched:
      - @ConditionalOnClass found required class 'org.apache.catalina.startup.Tomcat' (OnClassCondition)

   ServletWebServerFactoryConfiguration.EmbeddedTomcat matched:
      - @ConditionalOnClass found required classes 'jakarta.servlet.Servlet', 'org.apache.catalina.startup.Tomcat', 'org.apache.coyote.UpgradeProtocol' (OnClassCondition)
      - @ConditionalOnMissingBean (types: org.springframework.boot.web.servlet.server.ServletWebServerFactory; SearchStrategy: current) did not find any beans (OnBeanCondition)

   SimpleCacheConfiguration matched:
      - Cache org.springframework.boot.autoconfigure.cache.SimpleCacheConfiguration automatic cache type (CacheCondition)

   SimpleMetricsExportAutoConfiguration matched:
      - @ConditionalOnEnabledMetricsExport management.defaults.metrics.export.enabled is considered true (OnMetricsExportEnabledCondition)
      - @ConditionalOnBean (types: io.micrometer.core.instrument.Clock; SearchStrategy: all) found bean 'micrometerClock'; @ConditionalOnMissingBean (types: io.micrometer.core.instrument.MeterRegistry; SearchStrategy: all) did not find any beans (OnBeanCondition)

   SimpleMetricsExportAutoConfiguration#simpleConfig matched:
      - @ConditionalOnMissingBean (types: io.micrometer.core.instrument.simple.SimpleConfig; SearchStrategy: all) did not find any beans (OnBeanCondition)

   SpelResolverConfigurationOnMissingBean#parameterNameDiscoverer matched:
      - @ConditionalOnMissingBean (types: org.springframework.core.ParameterNameDiscoverer; SearchStrategy: all) did not find any beans (OnBeanCondition)

   SpelResolverConfigurationOnMissingBean#spelExpressionParser matched:
      - @ConditionalOnMissingBean (types: org.springframework.expression.spel.standard.SpelExpressionParser; SearchStrategy: all) did not find any beans (OnBeanCondition)

   SpelResolverConfigurationOnMissingBean#spelResolver matched:
      - @ConditionalOnMissingBean (types: io.github.resilience4j.spring6.spelresolver.SpelResolver; SearchStrategy: all) did not find any beans (OnBeanCondition)

   SpringBootWebSecurityConfiguration matched:
      - found 'session' scope (OnWebApplicationCondition)

   SpringBootWebSecurityConfiguration.WebSecurityEnablerConfiguration matched:
      - @ConditionalOnClass found required class 'org.springframework.security.config.annotation.web.configuration.EnableWebSecurity' (OnClassCondition)
      - @ConditionalOnMissingBean (names: springSecurityFilterChain; SearchStrategy: all) did not find any beans (OnBeanCondition)

   SpringDataWebAutoConfiguration matched:
      - @ConditionalOnClass found required classes 'org.springframework.data.web.PageableHandlerMethodArgumentResolver', 'org.springframework.web.servlet.config.annotation.WebMvcConfigurer' (OnClassCondition)
      - found 'session' scope (OnWebApplicationCondition)
      - @ConditionalOnMissingBean (types: org.springframework.data.web.PageableHandlerMethodArgumentResolver; SearchStrategy: all) did not find any beans (OnBeanCondition)

   SpringDataWebAutoConfiguration#pageableCustomizer matched:
      - @ConditionalOnMissingBean (types: org.springframework.data.web.config.PageableHandlerMethodArgumentResolverCustomizer; SearchStrategy: all) did not find any beans (OnBeanCondition)

   SpringDataWebAutoConfiguration#sortCustomizer matched:
      - @ConditionalOnMissingBean (types: org.springframework.data.web.config.SortHandlerMethodArgumentResolverCustomizer; SearchStrategy: all) did not find any beans (OnBeanCondition)

   SpringDocConfigProperties matched:
      - @ConditionalOnProperty (springdoc.api-docs.enabled) matched (OnPropertyCondition)
      - @ConditionalOnBean (types: org.springdoc.core.configuration.SpringDocConfiguration; SearchStrategy: all) found bean 'org.springdoc.core.configuration.SpringDocConfiguration' (OnBeanCondition)

   SpringDocConfiguration matched:
      - @ConditionalOnWebApplication (required) found 'session' scope (OnWebApplicationCondition)
      - @ConditionalOnProperty (springdoc.api-docs.enabled) matched (OnPropertyCondition)

   SpringDocConfiguration#fileSupportConverter matched:
      - @ConditionalOnMissingBean (types: org.springdoc.core.converters.FileSupportConverter; SearchStrategy: all) did not find any beans (OnBeanCondition)

   SpringDocConfiguration#openAPIBuilder matched:
      - @ConditionalOnMissingBean (types: org.springdoc.core.service.OpenAPIService; SearchStrategy: all) did not find any beans (OnBeanCondition)

   SpringDocConfiguration#operationBuilder matched:
      - @ConditionalOnMissingBean (types: org.springdoc.core.service.OperationService; SearchStrategy: all) did not find any beans (OnBeanCondition)

   SpringDocConfiguration#parameterBuilder matched:
      - @ConditionalOnMissingBean (types: org.springdoc.core.service.GenericParameterService; SearchStrategy: all) did not find any beans (OnBeanCondition)

   SpringDocConfiguration#polymorphicModelConverter matched:
      - @ConditionalOnProperty (springdoc.model-converters.polymorphic-converter.enabled) matched (OnPropertyCondition)
      - @ConditionalOnMissingBean (types: org.springdoc.core.converters.PolymorphicModelConverter; SearchStrategy: all) did not find any beans (OnBeanCondition)

   SpringDocConfiguration#requestBodyBuilder matched:
      - @ConditionalOnMissingBean (types: org.springdoc.core.service.RequestBodyService; SearchStrategy: all) did not find any beans (OnBeanCondition)

   SpringDocConfiguration#responseSupportConverter matched:
      - @ConditionalOnMissingBean (types: org.springdoc.core.converters.ResponseSupportConverter; SearchStrategy: all) did not find any beans (OnBeanCondition)

   SpringDocConfiguration#schemaPropertyDeprecatingConverter matched:
      - @ConditionalOnProperty (springdoc.model-converters.deprecating-converter.enabled) matched (OnPropertyCondition)
      - @ConditionalOnMissingBean (types: org.springdoc.core.converters.SchemaPropertyDeprecatingConverter; SearchStrategy: all) did not find any beans (OnBeanCondition)

   SpringDocConfiguration#securityParser matched:
      - @ConditionalOnMissingBean (types: org.springdoc.core.service.SecurityService; SearchStrategy: all) did not find any beans (OnBeanCondition)

   SpringDocConfiguration#springDocCustomizers matched:
      - @ConditionalOnMissingBean (types: org.springdoc.core.customizers.SpringDocCustomizers; SearchStrategy: all) did not find any beans (OnBeanCondition)

   SpringDocConfiguration#springDocProviders matched:
      - @ConditionalOnMissingBean (types: org.springdoc.core.providers.SpringDocProviders; SearchStrategy: all) did not find any beans (OnBeanCondition)

   SpringDocConfiguration#springdocBeanFactoryPostProcessor matched:
      - @ConditionalOnClass found required class 'org.springframework.boot.context.properties.bind.BindResult' (OnClassCondition)
      - AnyNestedCondition 1 matched 1 did not; NestedCondition on CacheOrGroupedOpenApiCondition.OnCacheDisabled found non-matching nested conditions @ConditionalOnProperty (springdoc.cache.disabled) did not find property 'springdoc.cache.disabled', @ConditionalOnMissingBean (types: org.springdoc.core.models.GroupedOpenApi; SearchStrategy: all) found beans of type 'org.springdoc.core.models.GroupedOpenApi' publicApi; NestedCondition on CacheOrGroupedOpenApiCondition.OnMultipleOpenApiSupportCondition AnyNestedCondition 1 matched 1 did not; NestedCondition on MultipleOpenApiSupportCondition.OnActuatorDifferentPort found non-matching nested conditions Management Port actual port type (SAME) did not match required type (DIFFERENT), @ConditionalOnProperty (springdoc.show-actuator) did not find property 'springdoc.show-actuator'; NestedCondition on MultipleOpenApiSupportCondition.OnMultipleOpenApiSupportCondition AnyNestedCondition 1 matched 1 did not; NestedCondition on MultipleOpenApiGroupsCondition.OnGroupConfigProperty @ConditionalOnProperty (springdoc.group-configs[0].group) did not find property 'springdoc.group-configs[0].group'; NestedCondition on MultipleOpenApiGroupsCondition.OnGroupedOpenApiBean @ConditionalOnBean (types: org.springdoc.core.models.GroupedOpenApi; SearchStrategy: all) found bean 'publicApi' (CacheOrGroupedOpenApiCondition)

   SpringDocConfiguration#springdocObjectMapperProvider matched:
      - @ConditionalOnMissingBean (types: org.springdoc.core.providers.ObjectMapperProvider; SearchStrategy: all) did not find any beans (OnBeanCondition)

   SpringDocConfiguration.QuerydslProvider matched:
      - @ConditionalOnClass found required class 'org.springframework.data.querydsl.binding.QuerydslBindingsFactory' (OnClassCondition)

   SpringDocConfiguration.QuerydslProvider#queryDslQuerydslPredicateOperationCustomizer matched:
      - @ConditionalOnMissingBean (types: org.springdoc.core.customizers.QuerydslPredicateOperationCustomizer; SearchStrategy: all) did not find any beans (OnBeanCondition)

   SpringDocConfiguration.SpringDocSpringDataWebPropertiesProvider matched:
      - @ConditionalOnClass found required class 'org.springframework.boot.autoconfigure.data.web.SpringDataWebProperties' (OnClassCondition)

   SpringDocConfiguration.SpringDocSpringDataWebPropertiesProvider#springDataWebPropertiesProvider matched:
      - @ConditionalOnMissingBean (types: org.springdoc.core.providers.SpringDataWebPropertiesProvider; SearchStrategy: all) did not find any beans (OnBeanCondition)

   SpringDocConfiguration.SpringDocWebFluxSupportConfiguration matched:
      - @ConditionalOnClass found required class 'reactor.core.publisher.Flux' (OnClassCondition)

   SpringDocConfiguration.SpringDocWebFluxSupportConfiguration#webFluxSupportConverter matched:
      - @ConditionalOnMissingBean (types: org.springdoc.core.converters.WebFluxSupportConverter; SearchStrategy: all) did not find any beans (OnBeanCondition)

   SpringDocConfiguration.WebConversionServiceConfiguration matched:
      - @ConditionalOnClass found required class 'org.springframework.boot.autoconfigure.web.format.WebConversionService' (OnClassCondition)

   SpringDocPageableConfiguration matched:
      - @ConditionalOnClass found required class 'org.springframework.data.domain.Pageable' (OnClassCondition)
      - @ConditionalOnWebApplication (required) found 'session' scope (OnWebApplicationCondition)
      - @ConditionalOnProperty (springdoc.api-docs.enabled) matched (OnPropertyCondition)
      - @ConditionalOnBean (types: org.springdoc.core.configuration.SpringDocConfiguration; SearchStrategy: all) found bean 'org.springdoc.core.configuration.SpringDocConfiguration' (OnBeanCondition)

   SpringDocPageableConfiguration#delegatingMethodParameterCustomizer matched:
      - @ConditionalOnMissingBean (types: org.springdoc.core.customizers.DelegatingMethodParameterCustomizer; SearchStrategy: all) did not find any beans (OnBeanCondition)

   SpringDocPageableConfiguration#pageableOpenAPIConverter matched:
      - @ConditionalOnProperty (springdoc.model-converters.pageable-converter.enabled) matched (OnPropertyCondition)
      - @ConditionalOnMissingBean (types: org.springdoc.core.converters.PageableOpenAPIConverter; SearchStrategy: all) did not find any beans (OnBeanCondition)

   SpringDocSecurityConfiguration matched:
      - @ConditionalOnClass found required class 'org.springframework.security.web.SecurityFilterChain' (OnClassCondition)
      - @ConditionalOnWebApplication (required) found 'session' scope (OnWebApplicationCondition)
      - @ConditionalOnExpression (#{${springdoc.api-docs.enabled:true} and ${springdoc.enable-spring-security:true}}) resulted in true (OnExpressionCondition)
      - @ConditionalOnBean (types: org.springdoc.core.configuration.SpringDocConfiguration; SearchStrategy: all) found bean 'org.springdoc.core.configuration.SpringDocConfiguration' (OnBeanCondition)

   SpringDocSecurityConfiguration.SpringSecurityLoginEndpointConfiguration matched:
      - @ConditionalOnClass found required class 'jakarta.servlet.Filter' (OnClassCondition)

   SpringDocSortConfiguration matched:
      - @ConditionalOnClass found required class 'org.springframework.data.domain.Sort' (OnClassCondition)
      - @ConditionalOnWebApplication (required) found 'session' scope (OnWebApplicationCondition)
      - @ConditionalOnProperty (springdoc.api-docs.enabled) matched (OnPropertyCondition)
      - @ConditionalOnBean (types: org.springdoc.core.configuration.SpringDocConfiguration; SearchStrategy: all) found bean 'org.springdoc.core.configuration.SpringDocConfiguration' (OnBeanCondition)

   SpringDocSortConfiguration#sortOpenAPIConverter matched:
      - @ConditionalOnProperty (springdoc.model-converters.sort-converter.enabled) matched (OnPropertyCondition)
      - @ConditionalOnMissingBean (types: org.springdoc.core.converters.SortOpenAPIConverter; SearchStrategy: all) did not find any beans (OnBeanCondition)

   SpringDocUIConfiguration matched:
      - @ConditionalOnWebApplication (required) found 'session' scope (OnWebApplicationCondition)
      - @ConditionalOnBean (types: org.springdoc.core.configuration.SpringDocConfiguration; SearchStrategy: all) found bean 'org.springdoc.core.configuration.SpringDocConfiguration' (OnBeanCondition)

   SpringDocWebMvcConfiguration matched:
      - found 'session' scope (OnWebApplicationCondition)
      - @ConditionalOnProperty (springdoc.api-docs.enabled) matched (OnPropertyCondition)
      - @ConditionalOnBean (types: org.springdoc.core.configuration.SpringDocConfiguration; SearchStrategy: all) found bean 'org.springdoc.core.configuration.SpringDocConfiguration' (OnBeanCondition)

   SpringDocWebMvcConfiguration#openApiResource matched:
      - @ConditionalOnProperty (springdoc.use-management-port=false) matched (OnPropertyCondition)
      - @ConditionalOnMissingBean (types: org.springdoc.webmvc.api.OpenApiWebMvcResource; SearchStrategy: all) did not find any beans (OnBeanCondition)

   SpringDocWebMvcConfiguration#requestBuilder matched:
      - @ConditionalOnMissingBean (types: org.springdoc.webmvc.core.service.RequestService; SearchStrategy: all) did not find any beans (OnBeanCondition)

   SpringDocWebMvcConfiguration#responseBuilder matched:
      - @ConditionalOnMissingBean (types: org.springdoc.core.service.GenericResponseService; SearchStrategy: all) did not find any beans (OnBeanCondition)

   SpringDocWebMvcConfiguration#springWebProvider matched:
      - @ConditionalOnMissingBean (types: org.springdoc.core.providers.SpringWebProvider; SearchStrategy: all) did not find any beans (OnBeanCondition)

   SpringDocWebMvcConfiguration.SpringDocWebMvcActuatorConfiguration matched:
      - @ConditionalOnClass found required class 'org.springframework.boot.actuate.endpoint.web.servlet.WebMvcEndpointHandlerMapping' (OnClassCondition)

   SpringDocWebMvcConfiguration.SpringDocWebMvcRouterConfiguration matched:
      - @ConditionalOnClass found required class 'org.springframework.web.servlet.function.RouterFunction' (OnClassCondition)

   SpringDocWebMvcConfiguration.SpringDocWebMvcRouterConfiguration#routerFunctionProvider matched:
      - @ConditionalOnMissingBean (types: org.springdoc.webmvc.core.providers.RouterFunctionWebMvcProvider; SearchStrategy: all) did not find any beans (OnBeanCondition)

   SqlInitializationAutoConfiguration matched:
      - @ConditionalOnProperty (spring.sql.init.enabled) matched (OnPropertyCondition)
      - NoneNestedConditions 0 matched 1 did not; NestedCondition on SqlInitializationAutoConfiguration.SqlInitializationModeCondition.ModeIsNever @ConditionalOnProperty (spring.sql.init.mode=never) did not find property 'mode' (SqlInitializationAutoConfiguration.SqlInitializationModeCondition)

   SslAutoConfiguration#sslBundleRegistry matched:
      - @ConditionalOnMissingBean (types: org.springframework.boot.ssl.SslBundleRegistry,org.springframework.boot.ssl.SslBundles; SearchStrategy: all) did not find any beans (OnBeanCondition)

   StartupTimeMetricsListenerAutoConfiguration matched:
      - @ConditionalOnClass found required class 'io.micrometer.core.instrument.MeterRegistry' (OnClassCondition)
      - @ConditionalOnBean (types: io.micrometer.core.instrument.MeterRegistry; SearchStrategy: all) found bean 'simpleMeterRegistry' (OnBeanCondition)

   StartupTimeMetricsListenerAutoConfiguration#startupTimeMetrics matched:
      - @ConditionalOnMissingBean (types: org.springframework.boot.actuate.metrics.startup.StartupTimeMetricsListener; SearchStrategy: all) did not find any beans (OnBeanCondition)

   SwaggerConfig matched:
      - found 'session' scope (OnWebApplicationCondition)
      - @ConditionalOnProperty (springdoc.swagger-ui.enabled) matched (OnPropertyCondition)
      - @ConditionalOnBean (types: org.springdoc.core.configuration.SpringDocConfiguration; SearchStrategy: all) found bean 'org.springdoc.core.configuration.SpringDocConfiguration' (OnBeanCondition)

   SwaggerConfig#indexPageTransformer matched:
      - @ConditionalOnMissingBean (types: org.springdoc.webmvc.ui.SwaggerIndexTransformer; SearchStrategy: all) did not find any beans (OnBeanCondition)

   SwaggerConfig#swaggerConfigResource matched:
      - @ConditionalOnProperty (springdoc.use-management-port=false) matched (OnPropertyCondition)
      - @ConditionalOnMissingBean (types: org.springdoc.webmvc.ui.SwaggerConfigResource; SearchStrategy: all) did not find any beans (OnBeanCondition)

   SwaggerConfig#swaggerResourceResolver matched:
      - @ConditionalOnMissingBean (types: org.springdoc.webmvc.ui.SwaggerResourceResolver; SearchStrategy: all) did not find any beans (OnBeanCondition)

   SwaggerConfig#swaggerWebMvcConfigurer matched:
      - @ConditionalOnMissingBean (types: org.springdoc.webmvc.ui.SwaggerWebMvcConfigurer; SearchStrategy: all) did not find any beans (OnBeanCondition)

   SwaggerConfig#swaggerWelcome matched:
      - @ConditionalOnProperty (springdoc.use-management-port=false) matched (OnPropertyCondition)
      - @ConditionalOnMissingBean (types: org.springdoc.webmvc.ui.SwaggerWelcomeWebMvc; SearchStrategy: all) did not find any beans (OnBeanCondition)

   SwaggerUiConfigParameters matched:
      - @ConditionalOnProperty (springdoc.swagger-ui.enabled) matched (OnPropertyCondition)
      - @ConditionalOnBean (types: org.springdoc.core.configuration.SpringDocConfiguration; SearchStrategy: all) found bean 'org.springdoc.core.configuration.SpringDocConfiguration' (OnBeanCondition)

   SwaggerUiConfigProperties matched:
      - @ConditionalOnProperty (springdoc.swagger-ui.enabled) matched (OnPropertyCondition)
      - @ConditionalOnBean (types: org.springdoc.core.configuration.SpringDocConfiguration; SearchStrategy: all) found bean 'org.springdoc.core.configuration.SpringDocConfiguration' (OnBeanCondition)

   SwaggerUiOAuthProperties matched:
      - @ConditionalOnProperty (springdoc.swagger-ui.enabled) matched (OnPropertyCondition)
      - @ConditionalOnBean (types: org.springdoc.core.configuration.SpringDocConfiguration; SearchStrategy: all) found bean 'org.springdoc.core.configuration.SpringDocConfiguration' (OnBeanCondition)

   SystemMetricsAutoConfiguration matched:
      - @ConditionalOnClass found required class 'io.micrometer.core.instrument.MeterRegistry' (OnClassCondition)
      - @ConditionalOnBean (types: io.micrometer.core.instrument.MeterRegistry; SearchStrategy: all) found bean 'simpleMeterRegistry' (OnBeanCondition)

   SystemMetricsAutoConfiguration#diskSpaceMetrics matched:
      - @ConditionalOnMissingBean (types: org.springframework.boot.actuate.metrics.system.DiskSpaceMetricsBinder; SearchStrategy: all) did not find any beans (OnBeanCondition)

   SystemMetricsAutoConfiguration#fileDescriptorMetrics matched:
      - @ConditionalOnMissingBean (types: io.micrometer.core.instrument.binder.system.FileDescriptorMetrics; SearchStrategy: all) did not find any beans (OnBeanCondition)

   SystemMetricsAutoConfiguration#processorMetrics matched:
      - @ConditionalOnMissingBean (types: io.micrometer.core.instrument.binder.system.ProcessorMetrics; SearchStrategy: all) did not find any beans (OnBeanCondition)

   SystemMetricsAutoConfiguration#uptimeMetrics matched:
      - @ConditionalOnMissingBean (types: io.micrometer.core.instrument.binder.system.UptimeMetrics; SearchStrategy: all) did not find any beans (OnBeanCondition)

   TaskExecutionAutoConfiguration matched:
      - @ConditionalOnClass found required class 'org.springframework.scheduling.concurrent.ThreadPoolTaskExecutor' (OnClassCondition)

   TaskExecutorConfigurations.SimpleAsyncTaskExecutorBuilderConfiguration#simpleAsyncTaskExecutorBuilder matched:
      - @ConditionalOnMissingBean (types: org.springframework.boot.task.SimpleAsyncTaskExecutorBuilder; SearchStrategy: all) did not find any beans (OnBeanCondition)
      - @ConditionalOnThreading found PLATFORM (OnThreadingCondition)

   TaskExecutorConfigurations.TaskExecutorBuilderConfiguration#taskExecutorBuilder matched:
      - @ConditionalOnMissingBean (types: org.springframework.boot.task.TaskExecutorBuilder; SearchStrategy: all) did not find any beans (OnBeanCondition)

   TaskExecutorConfigurations.TaskExecutorConfiguration matched:
      - @ConditionalOnMissingBean (types: java.util.concurrent.Executor; SearchStrategy: all) did not find any beans (OnBeanCondition)

   TaskExecutorConfigurations.TaskExecutorConfiguration#applicationTaskExecutor matched:
      - @ConditionalOnThreading found PLATFORM (OnThreadingCondition)

   TaskExecutorConfigurations.ThreadPoolTaskExecutorBuilderConfiguration#threadPoolTaskExecutorBuilder matched:
      - @ConditionalOnMissingBean (types: org.springframework.boot.task.TaskExecutorBuilder,org.springframework.boot.task.ThreadPoolTaskExecutorBuilder; SearchStrategy: all) did not find any beans (OnBeanCondition)

   TaskExecutorMetricsAutoConfiguration matched:
      - @ConditionalOnClass found required class 'io.micrometer.core.instrument.binder.jvm.ExecutorServiceMetrics' (OnClassCondition)
      - @ConditionalOnBean (types: java.util.concurrent.Executor,io.micrometer.core.instrument.MeterRegistry; SearchStrategy: all) found beans 'applicationTaskExecutor', 'simpleMeterRegistry' (OnBeanCondition)

   TaskSchedulingAutoConfiguration matched:
      - @ConditionalOnClass found required class 'org.springframework.scheduling.concurrent.ThreadPoolTaskScheduler' (OnClassCondition)

   TaskSchedulingConfigurations.SimpleAsyncTaskSchedulerBuilderConfiguration#simpleAsyncTaskSchedulerBuilder matched:
      - @ConditionalOnMissingBean (types: org.springframework.boot.task.SimpleAsyncTaskSchedulerBuilder; SearchStrategy: all) did not find any beans (OnBeanCondition)
      - @ConditionalOnThreading found PLATFORM (OnThreadingCondition)

   TaskSchedulingConfigurations.TaskSchedulerBuilderConfiguration#taskSchedulerBuilder matched:
      - @ConditionalOnMissingBean (types: org.springframework.boot.task.TaskSchedulerBuilder; SearchStrategy: all) did not find any beans (OnBeanCondition)

   TaskSchedulingConfigurations.ThreadPoolTaskSchedulerBuilderConfiguration#threadPoolTaskSchedulerBuilder matched:
      - @ConditionalOnMissingBean (types: org.springframework.boot.task.TaskSchedulerBuilder,org.springframework.boot.task.ThreadPoolTaskSchedulerBuilder; SearchStrategy: all) did not find any beans (OnBeanCondition)

   ThreadDumpEndpointAutoConfiguration matched:
      - @ConditionalOnAvailableEndpoint marked as exposed by a 'management.endpoints.web.exposure' property (OnAvailableEndpointCondition)

   ThreadDumpEndpointAutoConfiguration#dumpEndpoint matched:
      - @ConditionalOnMissingBean (types: org.springframework.boot.actuate.management.ThreadDumpEndpoint; SearchStrategy: all) did not find any beans (OnBeanCondition)

   ThreadPoolBulkheadMetricsAutoConfiguration matched:
      - @ConditionalOnClass found required classes 'io.micrometer.core.instrument.MeterRegistry', 'io.github.resilience4j.bulkhead.ThreadPoolBulkhead', 'io.github.resilience4j.micrometer.tagged.TaggedThreadPoolBulkheadMetricsPublisher' (OnClassCondition)
      - @ConditionalOnProperty (resilience4j.thread-pool-bulkhead.metrics.enabled) matched (OnPropertyCondition)

   ThreadPoolBulkheadMetricsAutoConfiguration#taggedThreadPoolBulkheadMetricsPublisher matched:
      - @ConditionalOnProperty (resilience4j.thread-pool-bulkhead.metrics.legacy.enabled=false) matched (OnPropertyCondition)
      - @ConditionalOnBean (types: io.micrometer.core.instrument.MeterRegistry; SearchStrategy: all) found bean 'simpleMeterRegistry'; @ConditionalOnMissingBean (types: io.github.resilience4j.micrometer.tagged.TaggedThreadPoolBulkheadMetricsPublisher; SearchStrategy: all) did not find any beans (OnBeanCondition)

   TimeLimiterAutoConfiguration matched:
      - @ConditionalOnClass found required class 'io.github.resilience4j.timelimiter.TimeLimiter' (OnClassCondition)

   TimeLimiterAutoConfiguration.TimeLimiterAutoEndpointConfiguration matched:
      - @ConditionalOnClass found required class 'org.springframework.boot.actuate.endpoint.annotation.Endpoint' (OnClassCondition)

   TimeLimiterAutoConfiguration.TimeLimiterAutoEndpointConfiguration#timeLimiterEndpoint matched:
      - @ConditionalOnAvailableEndpoint marked as exposed by a 'management.endpoints.web.exposure' property (OnAvailableEndpointCondition)

   TimeLimiterAutoConfiguration.TimeLimiterAutoEndpointConfiguration#timeLimiterEventsEndpoint matched:
      - @ConditionalOnAvailableEndpoint marked as exposed by a 'management.endpoints.web.exposure' property (OnAvailableEndpointCondition)

   TimeLimiterConfigurationOnMissingBean#timeLimiterEventsConsumerRegistry matched:
      - @ConditionalOnMissingBean (types: io.github.resilience4j.timelimiter.event.TimeLimiterEvent; SearchStrategy: all) did not find any beans (OnBeanCondition)

   TimeLimiterMetricsAutoConfiguration matched:
      - @ConditionalOnClass found required classes 'io.micrometer.core.instrument.MeterRegistry', 'io.github.resilience4j.timelimiter.TimeLimiter', 'io.github.resilience4j.micrometer.tagged.TaggedTimeLimiterMetricsPublisher' (OnClassCondition)
      - @ConditionalOnProperty (resilience4j.timelimiter.metrics.enabled) matched (OnPropertyCondition)

   TimeLimiterMetricsAutoConfiguration#taggedTimeLimiterMetricsPublisher matched:
      - @ConditionalOnProperty (resilience4j.timelimiter.metrics.legacy.enabled=false) matched (OnPropertyCondition)
      - @ConditionalOnBean (types: io.micrometer.core.instrument.MeterRegistry; SearchStrategy: all) found bean 'simpleMeterRegistry'; @ConditionalOnMissingBean (types: io.github.resilience4j.micrometer.tagged.TaggedTimeLimiterMetricsPublisher; SearchStrategy: all) did not find any beans (OnBeanCondition)

   TomcatMetricsAutoConfiguration matched:
      - @ConditionalOnClass found required classes 'io.micrometer.core.instrument.binder.tomcat.TomcatMetrics', 'org.apache.catalina.Manager' (OnClassCondition)
      - @ConditionalOnWebApplication (required) found 'session' scope (OnWebApplicationCondition)

   TomcatMetricsAutoConfiguration#tomcatMetricsBinder matched:
      - @ConditionalOnBean (types: io.micrometer.core.instrument.MeterRegistry; SearchStrategy: all) found bean 'simpleMeterRegistry'; @ConditionalOnMissingBean (types: io.micrometer.core.instrument.binder.tomcat.TomcatMetrics,org.springframework.boot.actuate.metrics.web.tomcat.TomcatMetricsBinder; SearchStrategy: all) did not find any beans (OnBeanCondition)

   TransactionAutoConfiguration matched:
      - @ConditionalOnClass found required class 'org.springframework.transaction.PlatformTransactionManager' (OnClassCondition)

   TransactionAutoConfiguration.EnableTransactionManagementConfiguration matched:
      - @ConditionalOnBean (types: org.springframework.transaction.TransactionManager; SearchStrategy: all) found bean 'transactionManager'; @ConditionalOnMissingBean (types: org.springframework.transaction.annotation.AbstractTransactionManagementConfiguration; SearchStrategy: all) did not find any beans (OnBeanCondition)

   TransactionAutoConfiguration.EnableTransactionManagementConfiguration.CglibAutoProxyConfiguration matched:
      - @ConditionalOnProperty (spring.aop.proxy-target-class=true) matched (OnPropertyCondition)

   TransactionAutoConfiguration.TransactionTemplateConfiguration matched:
      - @ConditionalOnSingleCandidate (types: org.springframework.transaction.PlatformTransactionManager; SearchStrategy: all) found a single bean 'transactionManager' (OnBeanCondition)

   TransactionAutoConfiguration.TransactionTemplateConfiguration#transactionTemplate matched:
      - @ConditionalOnMissingBean (types: org.springframework.transaction.support.TransactionOperations; SearchStrategy: all) did not find any beans (OnBeanCondition)

   TransactionManagerCustomizationAutoConfiguration matched:
      - @ConditionalOnClass found required class 'org.springframework.transaction.PlatformTransactionManager' (OnClassCondition)

   TransactionManagerCustomizationAutoConfiguration#platformTransactionManagerCustomizers matched:
      - @ConditionalOnMissingBean (types: org.springframework.boot.autoconfigure.transaction.TransactionManagerCustomizers; SearchStrategy: all) did not find any beans (OnBeanCondition)

   ValidationAutoConfiguration matched:
      - @ConditionalOnClass found required class 'jakarta.validation.executable.ExecutableValidator' (OnClassCondition)
      - @ConditionalOnResource found location classpath:META-INF/services/jakarta.validation.spi.ValidationProvider (OnResourceCondition)

   ValidationAutoConfiguration#defaultValidator matched:
      - @ConditionalOnMissingBean (types: jakarta.validation.Validator; SearchStrategy: all) did not find any beans (OnBeanCondition)

   ValidationAutoConfiguration#methodValidationPostProcessor matched:
      - @ConditionalOnMissingBean (types: org.springframework.validation.beanvalidation.MethodValidationPostProcessor; SearchStrategy: current) did not find any beans (OnBeanCondition)

   WebClientAutoConfiguration matched:
      - @ConditionalOnClass found required class 'org.springframework.web.reactive.function.client.WebClient' (OnClassCondition)

   WebClientAutoConfiguration#webClientBuilder matched:
      - @ConditionalOnMissingBean (types: org.springframework.web.reactive.function.client.WebClient$Builder; SearchStrategy: all) did not find any beans (OnBeanCondition)

   WebClientAutoConfiguration#webClientSsl matched:
      - @ConditionalOnBean (types: org.springframework.boot.ssl.SslBundles; SearchStrategy: all) found bean 'sslBundleRegistry'; @ConditionalOnMissingBean (types: org.springframework.boot.autoconfigure.web.reactive.function.client.WebClientSsl; SearchStrategy: all) did not find any beans (OnBeanCondition)

   WebClientAutoConfiguration.WebClientCodecsConfiguration matched:
      - @ConditionalOnBean (types: org.springframework.boot.web.codec.CodecCustomizer; SearchStrategy: all) found beans 'jacksonCodecCustomizer', 'defaultCodecCustomizer' (OnBeanCondition)

   WebClientAutoConfiguration.WebClientCodecsConfiguration#exchangeStrategiesCustomizer matched:
      - @ConditionalOnMissingBean (types: org.springframework.boot.autoconfigure.web.reactive.function.client.WebClientCodecCustomizer; SearchStrategy: all) did not find any beans (OnBeanCondition)

   WebClientObservationConfiguration matched:
      - @ConditionalOnClass found required class 'org.springframework.web.reactive.function.client.WebClient' (OnClassCondition)

   WebEndpointAutoConfiguration matched:
      - @ConditionalOnWebApplication (required) found 'session' scope (OnWebApplicationCondition)

   WebEndpointAutoConfiguration#controllerEndpointDiscoverer matched:
      - @ConditionalOnMissingBean (types: org.springframework.boot.actuate.endpoint.web.annotation.ControllerEndpointsSupplier; SearchStrategy: all) did not find any beans (OnBeanCondition)

   WebEndpointAutoConfiguration#endpointMediaTypes matched:
      - @ConditionalOnMissingBean (types: org.springframework.boot.actuate.endpoint.web.EndpointMediaTypes; SearchStrategy: all) did not find any beans (OnBeanCondition)

   WebEndpointAutoConfiguration#pathMappedEndpoints matched:
      - @ConditionalOnMissingBean (types: org.springframework.boot.actuate.endpoint.web.PathMappedEndpoints; SearchStrategy: all) did not find any beans (OnBeanCondition)

   WebEndpointAutoConfiguration#webEndpointDiscoverer matched:
      - @ConditionalOnMissingBean (types: org.springframework.boot.actuate.endpoint.web.WebEndpointsSupplier; SearchStrategy: all) did not find any beans (OnBeanCondition)

   WebEndpointAutoConfiguration.WebEndpointServletConfiguration matched:
      - found 'session' scope (OnWebApplicationCondition)

   WebEndpointAutoConfiguration.WebEndpointServletConfiguration#servletEndpointDiscoverer matched:
      - @ConditionalOnMissingBean (types: org.springframework.boot.actuate.endpoint.web.annotation.ServletEndpointsSupplier; SearchStrategy: all) did not find any beans (OnBeanCondition)

   WebMvcAutoConfiguration matched:
      - @ConditionalOnClass found required classes 'jakarta.servlet.Servlet', 'org.springframework.web.servlet.DispatcherServlet', 'org.springframework.web.servlet.config.annotation.WebMvcConfigurer' (OnClassCondition)
      - found 'session' scope (OnWebApplicationCondition)
      - @ConditionalOnMissingBean (types: org.springframework.web.servlet.config.annotation.WebMvcConfigurationSupport; SearchStrategy: all) did not find any beans (OnBeanCondition)

   WebMvcAutoConfiguration#formContentFilter matched:
      - @ConditionalOnProperty (spring.mvc.formcontent.filter.enabled) matched (OnPropertyCondition)
      - @ConditionalOnMissingBean (types: org.springframework.web.filter.FormContentFilter; SearchStrategy: all) did not find any beans (OnBeanCondition)

   WebMvcAutoConfiguration.EnableWebMvcConfiguration#flashMapManager matched:
      - @ConditionalOnMissingBean (names: flashMapManager; SearchStrategy: all) did not find any beans (OnBeanCondition)

   WebMvcAutoConfiguration.EnableWebMvcConfiguration#localeResolver matched:
      - @ConditionalOnMissingBean (names: localeResolver; SearchStrategy: all) did not find any beans (OnBeanCondition)

   WebMvcAutoConfiguration.EnableWebMvcConfiguration#themeResolver matched:
      - @ConditionalOnMissingBean (names: themeResolver; SearchStrategy: all) did not find any beans (OnBeanCondition)

   WebMvcAutoConfiguration.WebMvcAutoConfigurationAdapter#defaultViewResolver matched:
      - @ConditionalOnMissingBean (types: org.springframework.web.servlet.view.InternalResourceViewResolver; SearchStrategy: all) did not find any beans (OnBeanCondition)

   WebMvcAutoConfiguration.WebMvcAutoConfigurationAdapter#requestContextFilter matched:
      - @ConditionalOnMissingBean (types: org.springframework.web.context.request.RequestContextListener,org.springframework.web.filter.RequestContextFilter; SearchStrategy: all) did not find any beans (OnBeanCondition)

   WebMvcAutoConfiguration.WebMvcAutoConfigurationAdapter#viewResolver matched:
      - @ConditionalOnBean (types: org.springframework.web.servlet.ViewResolver; SearchStrategy: all) found beans 'defaultViewResolver', 'beanNameViewResolver', 'mvcViewResolver'; @ConditionalOnMissingBean (names: viewResolver types: org.springframework.web.servlet.view.ContentNegotiatingViewResolver; SearchStrategy: all) did not find any beans (OnBeanCondition)

   WebMvcEndpointManagementContextConfiguration matched:
      - @ConditionalOnClass found required class 'org.springframework.web.servlet.DispatcherServlet' (OnClassCondition)
      - found 'session' scope (OnWebApplicationCondition)
      - @ConditionalOnBean (types: org.springframework.web.servlet.DispatcherServlet,org.springframework.boot.actuate.endpoint.web.WebEndpointsSupplier; SearchStrategy: all) found beans 'webEndpointDiscoverer', 'dispatcherServlet' (OnBeanCondition)

   WebMvcEndpointManagementContextConfiguration#controllerEndpointHandlerMapping matched:
      - @ConditionalOnMissingBean (types: org.springframework.boot.actuate.endpoint.web.servlet.ControllerEndpointHandlerMapping; SearchStrategy: all) did not find any beans (OnBeanCondition)

   WebMvcEndpointManagementContextConfiguration#endpointObjectMapperWebMvcConfigurer matched:
      - @ConditionalOnBean (types: org.springframework.boot.actuate.endpoint.jackson.EndpointObjectMapper; SearchStrategy: all) found bean 'endpointObjectMapper' (OnBeanCondition)

   WebMvcEndpointManagementContextConfiguration#webEndpointServletHandlerMapping matched:
      - @ConditionalOnMissingBean (types: org.springframework.boot.actuate.endpoint.web.servlet.WebMvcEndpointHandlerMapping; SearchStrategy: all) did not find any beans (OnBeanCondition)

   WebMvcObservationAutoConfiguration matched:
      - @ConditionalOnClass found required classes 'org.springframework.web.servlet.DispatcherServlet', 'io.micrometer.observation.Observation' (OnClassCondition)
      - found 'session' scope (OnWebApplicationCondition)
      - @ConditionalOnBean (types: io.micrometer.observation.ObservationRegistry; SearchStrategy: all) found bean 'observationRegistry' (OnBeanCondition)

   WebMvcObservationAutoConfiguration#webMvcObservationFilter matched:
      - @ConditionalOnMissingBean (types: org.springframework.web.filter.ServerHttpObservationFilter; SearchStrategy: all) did not find any beans (OnBeanCondition)

   WebMvcObservationAutoConfiguration.MeterFilterConfiguration matched:
      - @ConditionalOnClass found required class 'io.micrometer.core.instrument.MeterRegistry' (OnClassCondition)
      - @ConditionalOnBean (types: io.micrometer.core.instrument.MeterRegistry; SearchStrategy: all) found bean 'simpleMeterRegistry' (OnBeanCondition)

   WebSocketServletAutoConfiguration matched:
      - @ConditionalOnClass found required classes 'jakarta.servlet.Servlet', 'jakarta.websocket.server.ServerContainer' (OnClassCondition)
      - found 'session' scope (OnWebApplicationCondition)

   WebSocketServletAutoConfiguration.TomcatWebSocketConfiguration matched:
      - @ConditionalOnClass found required classes 'org.apache.catalina.startup.Tomcat', 'org.apache.tomcat.websocket.server.WsSci' (OnClassCondition)

   WebSocketServletAutoConfiguration.TomcatWebSocketConfiguration#websocketServletWebServerCustomizer matched:
      - @ConditionalOnMissingBean (names: websocketServletWebServerCustomizer; SearchStrategy: all) did not find any beans (OnBeanCondition)


Negative matches:
-----------------

   ActiveMQAutoConfiguration:
      Did not match:
         - @ConditionalOnClass did not find required class 'jakarta.jms.ConnectionFactory' (OnClassCondition)

   AopAutoConfiguration.AspectJAutoProxyingConfiguration.JdkDynamicAutoProxyConfiguration:
      Did not match:
         - @ConditionalOnProperty (spring.aop.proxy-target-class=false) did not find property 'proxy-target-class' (OnPropertyCondition)

   AopAutoConfiguration.ClassProxyingConfiguration:
      Did not match:
         - @ConditionalOnMissingClass found unwanted class 'org.aspectj.weaver.Advice' (OnClassCondition)

   AppOpticsMetricsExportAutoConfiguration:
      Did not match:
         - @ConditionalOnClass did not find required class 'io.micrometer.appoptics.AppOpticsMeterRegistry' (OnClassCondition)

   ArtemisAutoConfiguration:
      Did not match:
         - @ConditionalOnClass did not find required class 'jakarta.jms.ConnectionFactory' (OnClassCondition)

   AtlasMetricsExportAutoConfiguration:
      Did not match:
         - @ConditionalOnClass did not find required class 'io.micrometer.atlas.AtlasMeterRegistry' (OnClassCondition)

   AuditAutoConfiguration:
      Did not match:
         - @ConditionalOnBean (types: org.springframework.boot.actuate.audit.AuditEventRepository; SearchStrategy: all) did not find any beans of type org.springframework.boot.actuate.audit.AuditEventRepository (OnBeanCondition)
      Matched:
         - @ConditionalOnProperty (management.auditevents.enabled) matched (OnPropertyCondition)

   AuditEventsEndpointAutoConfiguration#auditEventsEndpoint:
      Did not match:
         - @ConditionalOnBean (types: org.springframework.boot.actuate.audit.AuditEventRepository; SearchStrategy: all) did not find any beans of type org.springframework.boot.actuate.audit.AuditEventRepository (OnBeanCondition)

   AvailabilityHealthContributorAutoConfiguration#livenessStateHealthIndicator:
      Did not match:
         - @ConditionalOnProperty (management.health.livenessstate.enabled=true) did not find property 'enabled' (OnPropertyCondition)

   AvailabilityHealthContributorAutoConfiguration#readinessStateHealthIndicator:
      Did not match:
         - @ConditionalOnProperty (management.health.readinessstate.enabled=true) did not find property 'enabled' (OnPropertyCondition)

   AvailabilityProbesAutoConfiguration:
      Did not match:
         - Probes availability not running on a supported cloud platform (AvailabilityProbesAutoConfiguration.ProbesCondition)

   BatchAutoConfiguration:
      Did not match:
         - @ConditionalOnClass did not find required class 'org.springframework.batch.core.launch.JobLauncher' (OnClassCondition)

   BatchObservationAutoConfiguration:
      Did not match:
         - @ConditionalOnClass did not find required class 'org.springframework.batch.core.configuration.annotation.BatchObservabilityBeanPostProcessor' (OnClassCondition)

   BraveAutoConfiguration:
      Did not match:
         - @ConditionalOnClass did not find required class 'brave.Tracer' (OnClassCondition)

   BulkheadMetricsAutoConfiguration#registerBulkheadMetrics:
      Did not match:
         - @ConditionalOnProperty (resilience4j.bulkhead.metrics.legacy.enabled=true) did not find property 'resilience4j.bulkhead.metrics.legacy.enabled' (OnPropertyCondition)

   Cache2kCacheConfiguration:
      Did not match:
         - @ConditionalOnClass did not find required class 'org.cache2k.Cache2kBuilder' (OnClassCondition)

   CacheAutoConfiguration:
      Did not match:
         - @ConditionalOnBean (types: org.springframework.cache.interceptor.CacheAspectSupport; SearchStrategy: all) did not find any beans of type org.springframework.cache.interceptor.CacheAspectSupport (OnBeanCondition)
      Matched:
         - @ConditionalOnClass found required class 'org.springframework.cache.CacheManager' (OnClassCondition)

   CacheAutoConfiguration.CacheManagerEntityManagerFactoryDependsOnPostProcessor:
      Did not match:
         - Ancestor org.springframework.boot.autoconfigure.cache.CacheAutoConfiguration did not match (ConditionEvaluationReport.AncestorsMatchedCondition)
      Matched:
         - @ConditionalOnClass found required class 'org.springframework.orm.jpa.LocalContainerEntityManagerFactoryBean' (OnClassCondition)

   CacheMeterBinderProvidersConfiguration.Cache2kCacheMeterBinderProviderConfiguration:
      Did not match:
         - @ConditionalOnClass did not find required classes 'org.cache2k.Cache2kBuilder', 'org.cache2k.extra.spring.SpringCache2kCache', 'org.cache2k.extra.micrometer.Cache2kCacheMetrics' (OnClassCondition)

   CacheMeterBinderProvidersConfiguration.CaffeineCacheMeterBinderProviderConfiguration:
      Did not match:
         - @ConditionalOnClass did not find required class 'com.github.benmanes.caffeine.cache.Cache' (OnClassCondition)

   CacheMeterBinderProvidersConfiguration.HazelcastCacheMeterBinderProviderConfiguration:
      Did not match:
         - @ConditionalOnClass did not find required classes 'com.hazelcast.spring.cache.HazelcastCache', 'com.hazelcast.core.Hazelcast' (OnClassCondition)

   CacheMeterBinderProvidersConfiguration.JCacheCacheMeterBinderProviderConfiguration:
      Did not match:
         - @ConditionalOnClass did not find required class 'javax.cache.CacheManager' (OnClassCondition)

   CacheMetricsAutoConfiguration:
      Did not match:
         - @ConditionalOnBean (types: org.springframework.cache.CacheManager; SearchStrategy: all) did not find any beans of type org.springframework.cache.CacheManager (OnBeanCondition)

   CaffeineCacheConfiguration:
      Did not match:
         - @ConditionalOnClass did not find required class 'com.github.benmanes.caffeine.cache.Caffeine' (OnClassCondition)

   CassandraAutoConfiguration:
      Did not match:
         - @ConditionalOnClass did not find required class 'com.datastax.oss.driver.api.core.CqlSession' (OnClassCondition)

   CassandraDataAutoConfiguration:
      Did not match:
         - @ConditionalOnClass did not find required class 'com.datastax.oss.driver.api.core.CqlSession' (OnClassCondition)

   CassandraHealthContributorAutoConfiguration:
      Did not match:
         - @ConditionalOnClass did not find required class 'com.datastax.oss.driver.api.core.CqlSession' (OnClassCondition)

   CassandraReactiveDataAutoConfiguration:
      Did not match:
         - @ConditionalOnClass did not find required class 'com.datastax.oss.driver.api.core.CqlSession' (OnClassCondition)

   CassandraReactiveHealthContributorAutoConfiguration:
      Did not match:
         - @ConditionalOnClass did not find required class 'com.datastax.oss.driver.api.core.CqlSession' (OnClassCondition)

   CassandraReactiveRepositoriesAutoConfiguration:
      Did not match:
         - @ConditionalOnClass did not find required class 'org.springframework.data.cassandra.ReactiveSession' (OnClassCondition)

   CassandraRepositoriesAutoConfiguration:
      Did not match:
         - @ConditionalOnClass did not find required class 'com.datastax.oss.driver.api.core.CqlSession' (OnClassCondition)

   CircuitBreakerMetricsAutoConfiguration#registerCircuitBreakerMetrics:
      Did not match:
         - @ConditionalOnProperty (resilience4j.circuitbreaker.metrics.legacy.enabled=true) did not find property 'resilience4j.circuitbreaker.metrics.legacy.enabled' (OnPropertyCondition)

   CircuitBreakerStreamEventsAutoConfiguration:
      Did not match:
         - @ConditionalOnClass did not find required class 'io.github.resilience4j.reactor.adapter.ReactorAdapter' (OnClassCondition)

   CircuitBreakersHealthIndicatorAutoConfiguration#circuitBreakersHealthIndicator:
      Did not match:
         - @ConditionalOnProperty (management.health.circuitbreakers.enabled) did not find property 'enabled' (OnPropertyCondition)

   ClientHttpConnectorFactoryConfiguration.HttpClient5:
      Did not match:
         - @ConditionalOnClass did not find required classes 'org.apache.hc.client5.http.impl.async.HttpAsyncClients', 'org.apache.hc.core5.http.nio.AsyncRequestProducer', 'org.apache.hc.core5.reactive.ReactiveResponseConsumer' (OnClassCondition)

   ClientHttpConnectorFactoryConfiguration.JdkClient:
      Did not match:
         - @ConditionalOnMissingBean (types: org.springframework.boot.autoconfigure.web.reactive.function.client.ClientHttpConnectorFactory; SearchStrategy: all) found beans of type 'org.springframework.boot.autoconfigure.web.reactive.function.client.ClientHttpConnectorFactory' reactorClientHttpConnectorFactory (OnBeanCondition)
      Matched:
         - @ConditionalOnClass found required class 'java.net.http.HttpClient' (OnClassCondition)

   CloudFoundryActuatorAutoConfiguration:
      Did not match:
         - @ConditionalOnCloudPlatform did not find CLOUD_FOUNDRY (OnCloudPlatformCondition)
      Matched:
         - @ConditionalOnClass found required class 'org.springframework.web.servlet.DispatcherServlet' (OnClassCondition)
         - found 'session' scope (OnWebApplicationCondition)
         - @ConditionalOnProperty (management.cloudfoundry.enabled) matched (OnPropertyCondition)

   CompositeMeterRegistryConfiguration:
      Did not match:
         - NoneNestedConditions 1 matched 1 did not; NestedCondition on CompositeMeterRegistryConfiguration.MultipleNonPrimaryMeterRegistriesCondition.SingleInjectableMeterRegistry @ConditionalOnSingleCandidate (types: io.micrometer.core.instrument.MeterRegistry; SearchStrategy: all) found a single bean 'simpleMeterRegistry'; NestedCondition on CompositeMeterRegistryConfiguration.MultipleNonPrimaryMeterRegistriesCondition.NoMeterRegistryCondition @ConditionalOnMissingBean (types: io.micrometer.core.instrument.MeterRegistry; SearchStrategy: all) found beans of type 'io.micrometer.core.instrument.MeterRegistry' simpleMeterRegistry (CompositeMeterRegistryConfiguration.MultipleNonPrimaryMeterRegistriesCondition)

   ConnectionFactoryHealthContributorAutoConfiguration:
      Did not match:
         - @ConditionalOnClass did not find required class 'io.r2dbc.spi.ConnectionFactory' (OnClassCondition)

   ConnectionPoolMetricsAutoConfiguration:
      Did not match:
         - @ConditionalOnClass did not find required class 'io.r2dbc.pool.ConnectionPool' (OnClassCondition)

   ContextAwareScheduledThreadPoolAutoConfiguration:
      Did not match:
         - @ConditionalOnProperty (resilience4j.scheduled.executor.core-pool-size) did not find property 'resilience4j.scheduled.executor.core-pool-size' (OnPropertyCondition)

   CouchbaseAutoConfiguration:
      Did not match:
         - @ConditionalOnClass did not find required class 'com.couchbase.client.java.Cluster' (OnClassCondition)

   CouchbaseCacheConfiguration:
      Did not match:
         - @ConditionalOnClass did not find required class 'com.couchbase.client.java.Cluster' (OnClassCondition)

   CouchbaseDataAutoConfiguration:
      Did not match:
         - @ConditionalOnClass did not find required class 'com.couchbase.client.java.Bucket' (OnClassCondition)

   CouchbaseHealthContributorAutoConfiguration:
      Did not match:
         - @ConditionalOnClass did not find required class 'com.couchbase.client.java.Cluster' (OnClassCondition)

   CouchbaseReactiveDataAutoConfiguration:
      Did not match:
         - @ConditionalOnClass did not find required class 'com.couchbase.client.java.Cluster' (OnClassCondition)

   CouchbaseReactiveHealthContributorAutoConfiguration:
      Did not match:
         - @ConditionalOnClass did not find required class 'com.couchbase.client.java.Cluster' (OnClassCondition)

   CouchbaseReactiveRepositoriesAutoConfiguration:
      Did not match:
         - @ConditionalOnClass did not find required class 'com.couchbase.client.java.Cluster' (OnClassCondition)

   CouchbaseRepositoriesAutoConfiguration:
      Did not match:
         - @ConditionalOnClass did not find required class 'com.couchbase.client.java.Bucket' (OnClassCondition)

   DataSourceAutoConfiguration.EmbeddedDatabaseConfiguration:
      Did not match:
         - EmbeddedDataSource spring.datasource.url is set (DataSourceAutoConfiguration.EmbeddedDatabaseCondition)

   DataSourceCheckpointRestoreConfiguration:
      Did not match:
         - @ConditionalOnClass did not find required class 'org.crac.Resource' (OnClassCondition)

   DataSourceConfiguration.Dbcp2:
      Did not match:
         - @ConditionalOnClass did not find required class 'org.apache.commons.dbcp2.BasicDataSource' (OnClassCondition)

   DataSourceConfiguration.Generic:
      Did not match:
         - @ConditionalOnProperty (spring.datasource.type) did not find property 'spring.datasource.type' (OnPropertyCondition)

   DataSourceConfiguration.OracleUcp:
      Did not match:
         - @ConditionalOnClass did not find required classes 'oracle.ucp.jdbc.PoolDataSourceImpl', 'oracle.jdbc.OracleConnection' (OnClassCondition)

   DataSourceConfiguration.Tomcat:
      Did not match:
         - @ConditionalOnClass did not find required class 'org.apache.tomcat.jdbc.pool.DataSource' (OnClassCondition)

   DataSourceJmxConfiguration.TomcatDataSourceJmxConfiguration:
      Did not match:
         - @ConditionalOnClass did not find required class 'org.apache.tomcat.jdbc.pool.DataSourceProxy' (OnClassCondition)

   DataSourcePoolMetadataProvidersConfiguration.CommonsDbcp2PoolDataSourceMetadataProviderConfiguration:
      Did not match:
         - @ConditionalOnClass did not find required class 'org.apache.commons.dbcp2.BasicDataSource' (OnClassCondition)

   DataSourcePoolMetadataProvidersConfiguration.OracleUcpPoolDataSourceMetadataProviderConfiguration:
      Did not match:
         - @ConditionalOnClass did not find required classes 'oracle.ucp.jdbc.PoolDataSource', 'oracle.jdbc.OracleConnection' (OnClassCondition)

   DataSourcePoolMetadataProvidersConfiguration.TomcatDataSourcePoolMetadataProviderConfiguration:
      Did not match:
         - @ConditionalOnClass did not find required class 'org.apache.tomcat.jdbc.pool.DataSource' (OnClassCondition)

   DataSourceTransactionManagerAutoConfiguration.JdbcTransactionManagerConfiguration#transactionManager:
      Did not match:
         - @ConditionalOnMissingBean (types: org.springframework.transaction.TransactionManager; SearchStrategy: all) found beans of type 'org.springframework.transaction.TransactionManager' transactionManager (OnBeanCondition)

   DatadogMetricsExportAutoConfiguration:
      Did not match:
         - @ConditionalOnClass did not find required class 'io.micrometer.datadog.DatadogMeterRegistry' (OnClassCondition)

   DispatcherServletAutoConfiguration.DispatcherServletConfiguration#multipartResolver:
      Did not match:
         - @ConditionalOnBean (types: org.springframework.web.multipart.MultipartResolver; SearchStrategy: all) did not find any beans of type org.springframework.web.multipart.MultipartResolver (OnBeanCondition)

   DynatraceMetricsExportAutoConfiguration:
      Did not match:
         - @ConditionalOnClass did not find required class 'io.micrometer.dynatrace.DynatraceMeterRegistry' (OnClassCondition)

   ElasticMetricsExportAutoConfiguration:
      Did not match:
         - @ConditionalOnClass did not find required class 'io.micrometer.elastic.ElasticMeterRegistry' (OnClassCondition)

   ElasticsearchClientAutoConfiguration:
      Did not match:
         - @ConditionalOnClass did not find required class 'co.elastic.clients.elasticsearch.ElasticsearchClient' (OnClassCondition)

   ElasticsearchDataAutoConfiguration:
      Did not match:
         - @ConditionalOnClass did not find required class 'org.springframework.data.elasticsearch.client.elc.ElasticsearchTemplate' (OnClassCondition)

   ElasticsearchReactiveHealthContributorAutoConfiguration:
      Did not match:
         - @ConditionalOnClass did not find required class 'org.springframework.data.elasticsearch.client.elc.ReactiveElasticsearchClient' (OnClassCondition)

   ElasticsearchRepositoriesAutoConfiguration:
      Did not match:
         - @ConditionalOnClass did not find required class 'org.springframework.data.elasticsearch.repository.ElasticsearchRepository' (OnClassCondition)

   ElasticsearchRestClientAutoConfiguration:
      Did not match:
         - @ConditionalOnClass did not find required class 'org.elasticsearch.client.RestClientBuilder' (OnClassCondition)

   ElasticsearchRestHealthContributorAutoConfiguration:
      Did not match:
         - @ConditionalOnClass did not find required class 'org.elasticsearch.client.RestClient' (OnClassCondition)

   EmbeddedLdapAutoConfiguration:
      Did not match:
         - @ConditionalOnClass did not find required class 'com.unboundid.ldap.listener.InMemoryDirectoryServer' (OnClassCondition)

   EmbeddedWebServerFactoryCustomizerAutoConfiguration.JettyWebServerFactoryCustomizerConfiguration:
      Did not match:
         - @ConditionalOnClass did not find required classes 'org.eclipse.jetty.server.Server', 'org.eclipse.jetty.util.Loader', 'org.eclipse.jetty.ee10.webapp.WebAppContext' (OnClassCondition)

   EmbeddedWebServerFactoryCustomizerAutoConfiguration.TomcatWebServerFactoryCustomizerConfiguration#tomcatVirtualThreadsProtocolHandlerCustomizer:
      Did not match:
         - @ConditionalOnThreading did not find VIRTUAL (OnThreadingCondition)

   EmbeddedWebServerFactoryCustomizerAutoConfiguration.UndertowWebServerFactoryCustomizerConfiguration:
      Did not match:
         - @ConditionalOnClass did not find required classes 'io.undertow.Undertow', 'org.xnio.SslClientAuthMode' (OnClassCondition)

   ErrorWebFluxAutoConfiguration:
      Did not match:
         - not a reactive web application (OnWebApplicationCondition)
      Matched:
         - @ConditionalOnClass found required class 'org.springframework.web.reactive.config.WebFluxConfigurer' (OnClassCondition)

   FlywayAutoConfiguration.FlywayConfiguration#oracleFlywayConfigurationCustomizer:
      Did not match:
         - @ConditionalOnClass did not find required class 'org.flywaydb.database.oracle.OracleConfigurationExtension' (OnClassCondition)

   FlywayAutoConfiguration.FlywayConfiguration#sqlServerFlywayConfigurationCustomizer:
      Did not match:
         - @ConditionalOnClass did not find required class 'org.flywaydb.database.sqlserver.SQLServerConfigurationExtension' (OnClassCondition)

   FreeMarkerAutoConfiguration:
      Did not match:
         - @ConditionalOnClass did not find required class 'freemarker.template.Configuration' (OnClassCondition)

   GangliaMetricsExportAutoConfiguration:
      Did not match:
         - @ConditionalOnClass did not find required class 'io.micrometer.ganglia.GangliaMeterRegistry' (OnClassCondition)

   GraphQlAutoConfiguration:
      Did not match:
         - @ConditionalOnClass did not find required class 'graphql.GraphQL' (OnClassCondition)

   GraphQlObservationAutoConfiguration:
      Did not match:
         - @ConditionalOnClass did not find required class 'graphql.GraphQL' (OnClassCondition)

   GraphQlQueryByExampleAutoConfiguration:
      Did not match:
         - @ConditionalOnClass did not find required class 'graphql.GraphQL' (OnClassCondition)

   GraphQlQuerydslAutoConfiguration:
      Did not match:
         - @ConditionalOnClass did not find required class 'com.querydsl.core.Query' (OnClassCondition)

   GraphQlRSocketAutoConfiguration:
      Did not match:
         - @ConditionalOnClass did not find required class 'graphql.GraphQL' (OnClassCondition)

   GraphQlReactiveQueryByExampleAutoConfiguration:
      Did not match:
         - @ConditionalOnClass did not find required class 'graphql.GraphQL' (OnClassCondition)

   GraphQlReactiveQuerydslAutoConfiguration:
      Did not match:
         - @ConditionalOnClass did not find required class 'com.querydsl.core.Query' (OnClassCondition)

   GraphQlWebFluxAutoConfiguration:
      Did not match:
         - @ConditionalOnClass did not find required class 'graphql.GraphQL' (OnClassCondition)

   GraphQlWebFluxSecurityAutoConfiguration:
      Did not match:
         - @ConditionalOnClass did not find required class 'graphql.GraphQL' (OnClassCondition)

   GraphQlWebMvcAutoConfiguration:
      Did not match:
         - @ConditionalOnClass did not find required class 'graphql.GraphQL' (OnClassCondition)

   GraphQlWebMvcSecurityAutoConfiguration:
      Did not match:
         - @ConditionalOnClass did not find required class 'graphql.GraphQL' (OnClassCondition)

   GraphiteMetricsExportAutoConfiguration:
      Did not match:
         - @ConditionalOnClass did not find required class 'io.micrometer.graphite.GraphiteMeterRegistry' (OnClassCondition)

   GroovyTemplateAutoConfiguration:
      Did not match:
         - @ConditionalOnClass did not find required class 'groovy.text.markup.MarkupTemplateEngine' (OnClassCondition)

   GrpcMetadataConsulConfiguration:
      Did not match:
         - @ConditionalOnClass did not find required class 'org.springframework.cloud.consul.serviceregistry.ConsulRegistration' (OnClassCondition)

   GrpcMetadataEurekaConfiguration:
      Did not match:
         - @ConditionalOnClass did not find required class 'org.springframework.cloud.netflix.eureka.serviceregistry.EurekaRegistration' (OnClassCondition)

   GrpcMetadataNacosConfiguration:
      Did not match:
         - @ConditionalOnClass did not find required class 'com.alibaba.cloud.nacos.registry.NacosRegistration' (OnClassCondition)

   GrpcMetadataZookeeperConfiguration:
      Did not match:
         - @ConditionalOnClass did not find required class 'org.springframework.cloud.zookeeper.serviceregistry.ZookeeperRegistration' (OnClassCondition)

   GrpcServerAutoConfiguration#defaultServerConfigurers:
      Did not match:
         - @ConditionalOnMissingBean (types: net.devh.boot.grpc.server.serverfactory.GrpcServerConfigurer; SearchStrategy: all) found beans of type 'net.devh.boot.grpc.server.serverfactory.GrpcServerConfigurer' streamTracerFactoryConfigurer, compressionServerConfigurer, decompressionServerConfigurer (OnBeanCondition)

   GrpcServerAutoConfiguration#grpcServerLifecycle:
      Did not match:
         - @ConditionalOnBean (types: net.devh.boot.grpc.server.serverfactory.GrpcServerFactory; SearchStrategy: all) did not find any beans of type net.devh.boot.grpc.server.serverfactory.GrpcServerFactory (OnBeanCondition)

   GrpcServerFactoryAutoConfiguration#nettyGrpcServerFactory:
      Did not match:
         - @ConditionalOnClass did not find required class 'io.grpc.netty.NettyServerBuilder' (OnClassCondition)

   GrpcServerFactoryAutoConfiguration#nettyGrpcServerLifecycle:
      Did not match:
         - @ConditionalOnBean (types: net.devh.boot.grpc.server.serverfactory.NettyGrpcServerFactory; SearchStrategy: all) did not find any beans of type net.devh.boot.grpc.server.serverfactory.NettyGrpcServerFactory (OnBeanCondition)

   GrpcServerSecurityAutoConfiguration#authorizationCheckingServerInterceptor:
      Did not match:
         - @ConditionalOnBean (types: org.springframework.security.access.AccessDecisionManager,net.devh.boot.grpc.server.security.check.GrpcSecurityMetadataSource; SearchStrategy: all) did not find any beans of type org.springframework.security.access.AccessDecisionManager, net.devh.boot.grpc.server.security.check.GrpcSecurityMetadataSource (OnBeanCondition)

   GsonHttpMessageConvertersConfiguration.GsonHttpMessageConverterConfiguration:
      Did not match:
         - AnyNestedCondition 0 matched 2 did not; NestedCondition on GsonHttpMessageConvertersConfiguration.PreferGsonOrJacksonAndJsonbUnavailableCondition.JacksonJsonbUnavailable NoneNestedConditions 1 matched 1 did not; NestedCondition on GsonHttpMessageConvertersConfiguration.JacksonAndJsonbUnavailableCondition.JsonbPreferred @ConditionalOnProperty (spring.mvc.converters.preferred-json-mapper=jsonb) did not find property 'spring.mvc.converters.preferred-json-mapper'; NestedCondition on GsonHttpMessageConvertersConfiguration.JacksonAndJsonbUnavailableCondition.JacksonAvailable @ConditionalOnBean (types: org.springframework.http.converter.json.MappingJackson2HttpMessageConverter; SearchStrategy: all) found bean 'mappingJackson2HttpMessageConverter'; NestedCondition on GsonHttpMessageConvertersConfiguration.PreferGsonOrJacksonAndJsonbUnavailableCondition.GsonPreferred @ConditionalOnProperty (spring.mvc.converters.preferred-json-mapper=gson) did not find property 'spring.mvc.converters.preferred-json-mapper' (GsonHttpMessageConvertersConfiguration.PreferGsonOrJacksonAndJsonbUnavailableCondition)

   H2ConsoleAutoConfiguration:
      Did not match:
         - @ConditionalOnClass did not find required class 'org.h2.server.web.JakartaWebServlet' (OnClassCondition)

   HazelcastAutoConfiguration:
      Did not match:
         - @ConditionalOnClass did not find required class 'com.hazelcast.core.HazelcastInstance' (OnClassCondition)

   HazelcastCacheConfiguration:
      Did not match:
         - @ConditionalOnClass did not find required class 'com.hazelcast.core.HazelcastInstance' (OnClassCondition)

   HazelcastHealthContributorAutoConfiguration:
      Did not match:
         - @ConditionalOnClass did not find required class 'com.hazelcast.core.HazelcastInstance' (OnClassCondition)

   HazelcastJpaDependencyAutoConfiguration:
      Did not match:
         - @ConditionalOnClass did not find required class 'com.hazelcast.core.HazelcastInstance' (OnClassCondition)

   HealthEndpointReactiveWebExtensionConfiguration:
      Did not match:
         - not a reactive web application (OnWebApplicationCondition)

   HealthEndpointWebExtensionConfiguration.JerseyAdditionalHealthEndpointPathsConfiguration:
      Did not match:
         - @ConditionalOnClass did not find required class 'org.glassfish.jersey.server.ResourceConfig' (OnClassCondition)

   HibernateMetricsAutoConfiguration:
      Did not match:
         - @ConditionalOnClass did not find required class 'org.hibernate.stat.HibernateMetrics' (OnClassCondition)

   HttpExchangesAutoConfiguration:
      Did not match:
         - @ConditionalOnBean (types: org.springframework.boot.actuate.web.exchanges.HttpExchangeRepository; SearchStrategy: all) did not find any beans of type org.springframework.boot.actuate.web.exchanges.HttpExchangeRepository (OnBeanCondition)
      Matched:
         - @ConditionalOnWebApplication (required) found 'session' scope (OnWebApplicationCondition)
         - @ConditionalOnProperty (management.httpexchanges.recording.enabled) matched (OnPropertyCondition)

   HttpExchangesAutoConfiguration.ReactiveHttpExchangesConfiguration:
      Did not match:
         - not a reactive web application (OnWebApplicationCondition)
         - Ancestor org.springframework.boot.actuate.autoconfigure.web.exchanges.HttpExchangesAutoConfiguration did not match (ConditionEvaluationReport.AncestorsMatchedCondition)

   HttpExchangesAutoConfiguration.ServletHttpExchangesConfiguration:
      Did not match:
         - Ancestor org.springframework.boot.actuate.autoconfigure.web.exchanges.HttpExchangesAutoConfiguration did not match (ConditionEvaluationReport.AncestorsMatchedCondition)
      Matched:
         - found 'session' scope (OnWebApplicationCondition)

   HttpExchangesEndpointAutoConfiguration#httpExchangesEndpoint:
      Did not match:
         - @ConditionalOnBean (types: org.springframework.boot.actuate.web.exchanges.HttpExchangeRepository; SearchStrategy: all) did not find any beans of type org.springframework.boot.actuate.web.exchanges.HttpExchangeRepository (OnBeanCondition)

   HttpHandlerAutoConfiguration:
      Did not match:
         - not a reactive web application (OnWebApplicationCondition)
      Matched:
         - @ConditionalOnClass found required classes 'org.springframework.web.reactive.DispatcherHandler', 'org.springframework.http.server.reactive.HttpHandler' (OnClassCondition)

   HumioMetricsExportAutoConfiguration:
      Did not match:
         - @ConditionalOnClass did not find required class 'io.micrometer.humio.HumioMeterRegistry' (OnClassCondition)

   HypermediaAutoConfiguration:
      Did not match:
         - @ConditionalOnClass did not find required class 'org.springframework.hateoas.EntityModel' (OnClassCondition)

   InfinispanCacheConfiguration:
      Did not match:
         - @ConditionalOnClass did not find required class 'org.infinispan.spring.embedded.provider.SpringEmbeddedCacheManager' (OnClassCondition)

   InfluxDbAutoConfiguration:
      Did not match:
         - @ConditionalOnClass did not find required class 'org.influxdb.InfluxDB' (OnClassCondition)

   InfluxDbHealthContributorAutoConfiguration:
      Did not match:
         - @ConditionalOnClass did not find required class 'org.influxdb.InfluxDB' (OnClassCondition)

   InfluxMetricsExportAutoConfiguration:
      Did not match:
         - @ConditionalOnClass did not find required class 'io.micrometer.influx.InfluxMeterRegistry' (OnClassCondition)

   InfoContributorAutoConfiguration#buildInfoContributor:
      Did not match:
         - @ConditionalOnSingleCandidate (types: org.springframework.boot.info.BuildProperties; SearchStrategy: all) did not find any beans (OnBeanCondition)
      Matched:
         - @ConditionalOnEnabledInfoContributor management.info.defaults.enabled is considered true (OnEnabledInfoContributorCondition)

   InfoContributorAutoConfiguration#envInfoContributor:
      Did not match:
         - @ConditionalOnEnabledInfoContributor management.info.env.enabled is not true (OnEnabledInfoContributorCondition)

   InfoContributorAutoConfiguration#gitInfoContributor:
      Did not match:
         - @ConditionalOnSingleCandidate (types: org.springframework.boot.info.GitProperties; SearchStrategy: all) did not find any beans (OnBeanCondition)
      Matched:
         - @ConditionalOnEnabledInfoContributor management.info.defaults.enabled is considered true (OnEnabledInfoContributorCondition)

   InfoContributorAutoConfiguration#javaInfoContributor:
      Did not match:
         - @ConditionalOnEnabledInfoContributor management.info.java.enabled is not true (OnEnabledInfoContributorCondition)

   InfoContributorAutoConfiguration#osInfoContributor:
      Did not match:
         - @ConditionalOnEnabledInfoContributor management.info.os.enabled is not true (OnEnabledInfoContributorCondition)

   InfoContributorAutoConfiguration#processInfoContributor:
      Did not match:
         - @ConditionalOnEnabledInfoContributor management.info.process.enabled is not true (OnEnabledInfoContributorCondition)

   IntegrationAutoConfiguration:
      Did not match:
         - @ConditionalOnClass did not find required class 'org.springframework.integration.config.EnableIntegration' (OnClassCondition)

   IntegrationGraphEndpointAutoConfiguration:
      Did not match:
         - @ConditionalOnClass did not find required class 'org.springframework.integration.graph.IntegrationGraphServer' (OnClassCondition)

   JCacheCacheConfiguration:
      Did not match:
         - @ConditionalOnClass did not find required class 'javax.cache.Caching' (OnClassCondition)

   JacksonHttpMessageConvertersConfiguration.MappingJackson2XmlHttpMessageConverterConfiguration:
      Did not match:
         - @ConditionalOnClass did not find required class 'com.fasterxml.jackson.dataformat.xml.XmlMapper' (OnClassCondition)

   JdbcRepositoriesAutoConfiguration:
      Did not match:
         - @ConditionalOnClass did not find required class 'org.springframework.data.jdbc.repository.config.AbstractJdbcConfiguration' (OnClassCondition)

   JedisConnectionConfiguration:
      Did not match:
         - @ConditionalOnMissingBean (types: org.springframework.data.redis.connection.RedisConnectionFactory; SearchStrategy: all) found beans of type 'org.springframework.data.redis.connection.RedisConnectionFactory' jedisConnectionFactory (OnBeanCondition)
      Matched:
         - @ConditionalOnClass found required classes 'org.apache.commons.pool2.impl.GenericObjectPool', 'org.springframework.data.redis.connection.jedis.JedisConnection', 'redis.clients.jedis.Jedis' (OnClassCondition)
         - @ConditionalOnProperty (spring.data.redis.client-type=jedis) matched (OnPropertyCondition)

   JerseyAutoConfiguration:
      Did not match:
         - @ConditionalOnClass did not find required class 'org.glassfish.jersey.server.spring.SpringComponentProvider' (OnClassCondition)

   JerseySameManagementContextConfiguration:
      Did not match:
         - @ConditionalOnClass did not find required class 'org.glassfish.jersey.server.ResourceConfig' (OnClassCondition)

   JerseyServerMetricsAutoConfiguration:
      Did not match:
         - @ConditionalOnClass did not find required class 'org.glassfish.jersey.micrometer.server.ObservationApplicationEventListener' (OnClassCondition)

   JerseyWebEndpointManagementContextConfiguration:
      Did not match:
         - @ConditionalOnClass did not find required class 'org.glassfish.jersey.server.ResourceConfig' (OnClassCondition)

   JettyMetricsAutoConfiguration:
      Did not match:
         - @ConditionalOnClass did not find required class 'org.eclipse.jetty.server.Server' (OnClassCondition)

   JmsAutoConfiguration:
      Did not match:
         - @ConditionalOnClass did not find required class 'jakarta.jms.Message' (OnClassCondition)

   JmsHealthContributorAutoConfiguration:
      Did not match:
         - @ConditionalOnClass did not find required class 'jakarta.jms.ConnectionFactory' (OnClassCondition)

   JmxAutoConfiguration:
      Did not match:
         - @ConditionalOnProperty (spring.jmx.enabled=true) did not find property 'enabled' (OnPropertyCondition)
      Matched:
         - @ConditionalOnClass found required class 'org.springframework.jmx.export.MBeanExporter' (OnClassCondition)

   JmxEndpointAutoConfiguration:
      Did not match:
         - @ConditionalOnProperty (spring.jmx.enabled=true) did not find property 'enabled' (OnPropertyCondition)

   JmxMetricsExportAutoConfiguration:
      Did not match:
         - @ConditionalOnClass did not find required class 'io.micrometer.jmx.JmxMeterRegistry' (OnClassCondition)

   JndiConnectionFactoryAutoConfiguration:
      Did not match:
         - @ConditionalOnClass did not find required class 'org.springframework.jms.core.JmsTemplate' (OnClassCondition)

   JndiDataSourceAutoConfiguration:
      Did not match:
         - @ConditionalOnProperty (spring.datasource.jndi-name) did not find property 'jndi-name' (OnPropertyCondition)
      Matched:
         - @ConditionalOnClass found required classes 'javax.sql.DataSource', 'org.springframework.jdbc.datasource.embedded.EmbeddedDatabaseType' (OnClassCondition)

   JndiJtaConfiguration:
      Did not match:
         - @ConditionalOnJndi JNDI environment is not available (OnJndiCondition)
      Matched:
         - @ConditionalOnClass found required class 'org.springframework.transaction.jta.JtaTransactionManager' (OnClassCondition)

   JooqAutoConfiguration:
      Did not match:
         - @ConditionalOnClass did not find required class 'org.jooq.DSLContext' (OnClassCondition)

   JpaRepositoriesAutoConfiguration#entityManagerFactoryBootstrapExecutorCustomizer:
      Did not match:
         - AnyNestedCondition 0 matched 2 did not; NestedCondition on JpaRepositoriesAutoConfiguration.BootstrapExecutorCondition.LazyBootstrapMode @ConditionalOnProperty (spring.data.jpa.repositories.bootstrap-mode=lazy) did not find property 'bootstrap-mode'; NestedCondition on JpaRepositoriesAutoConfiguration.BootstrapExecutorCondition.DeferredBootstrapMode @ConditionalOnProperty (spring.data.jpa.repositories.bootstrap-mode=deferred) did not find property 'bootstrap-mode' (JpaRepositoriesAutoConfiguration.BootstrapExecutorCondition)

   JsonbAutoConfiguration:
      Did not match:
         - @ConditionalOnClass did not find required class 'jakarta.json.bind.Jsonb' (OnClassCondition)

   JsonbHttpMessageConvertersConfiguration:
      Did not match:
         - @ConditionalOnClass did not find required class 'jakarta.json.bind.Jsonb' (OnClassCondition)

   KafkaAutoConfiguration:
      Did not match:
         - @ConditionalOnClass did not find required class 'org.springframework.kafka.core.KafkaTemplate' (OnClassCondition)

   KafkaMetricsAutoConfiguration:
      Did not match:
         - @ConditionalOnClass did not find required class 'org.springframework.kafka.core.ProducerFactory' (OnClassCondition)

   KairosMetricsExportAutoConfiguration:
      Did not match:
         - @ConditionalOnClass did not find required class 'io.micrometer.kairos.KairosMeterRegistry' (OnClassCondition)

   LdapAutoConfiguration:
      Did not match:
         - @ConditionalOnClass did not find required class 'org.springframework.ldap.core.ContextSource' (OnClassCondition)

   LdapHealthContributorAutoConfiguration:
      Did not match:
         - @ConditionalOnClass did not find required class 'org.springframework.ldap.core.LdapOperations' (OnClassCondition)

   LdapRepositoriesAutoConfiguration:
      Did not match:
         - @ConditionalOnClass did not find required class 'org.springframework.data.ldap.repository.LdapRepository' (OnClassCondition)

   LettuceConnectionConfiguration#redisConnectionFactory:
      Did not match:
         - @ConditionalOnMissingBean (types: org.springframework.data.redis.connection.RedisConnectionFactory; SearchStrategy: all) found beans of type 'org.springframework.data.redis.connection.RedisConnectionFactory' jedisConnectionFactory (OnBeanCondition)

   LettuceConnectionConfiguration#redisConnectionFactoryVirtualThreads:
      Did not match:
         - @ConditionalOnMissingBean (types: org.springframework.data.redis.connection.RedisConnectionFactory; SearchStrategy: all) found beans of type 'org.springframework.data.redis.connection.RedisConnectionFactory' jedisConnectionFactory (OnBeanCondition)

   LiquibaseAutoConfiguration:
      Did not match:
         - @ConditionalOnClass did not find required class 'liquibase.change.DatabaseChange' (OnClassCondition)

   LiquibaseEndpointAutoConfiguration:
      Did not match:
         - @ConditionalOnClass did not find required class 'liquibase.integration.spring.SpringLiquibase' (OnClassCondition)

   Log4J2MetricsAutoConfiguration:
      Did not match:
         - @ConditionalOnClass did not find required class 'org.apache.logging.log4j.core.LoggerContext' (OnClassCondition)

   LogFileWebEndpointAutoConfiguration#logFileWebEndpoint:
      Did not match:
         - Log File did not find logging file (LogFileWebEndpointAutoConfiguration.LogFileCondition)

   MailHealthContributorAutoConfiguration:
      Did not match:
         - @ConditionalOnBean (types: org.springframework.mail.javamail.JavaMailSenderImpl; SearchStrategy: all) did not find any beans of type org.springframework.mail.javamail.JavaMailSenderImpl (OnBeanCondition)
      Matched:
         - @ConditionalOnClass found required class 'org.springframework.mail.javamail.JavaMailSenderImpl' (OnClassCondition)
         - @ConditionalOnEnabledHealthIndicator management.health.defaults.enabled is considered true (OnEnabledHealthIndicatorCondition)

   MailSenderAutoConfiguration:
      Did not match:
         - AnyNestedCondition 0 matched 2 did not; NestedCondition on MailSenderAutoConfiguration.MailSenderCondition.JndiNameProperty @ConditionalOnProperty (spring.mail.jndi-name) did not find property 'jndi-name'; NestedCondition on MailSenderAutoConfiguration.MailSenderCondition.HostProperty @ConditionalOnProperty (spring.mail.host) did not find property 'host' (MailSenderAutoConfiguration.MailSenderCondition)
      Matched:
         - @ConditionalOnClass found required classes 'jakarta.mail.internet.MimeMessage', 'jakarta.activation.MimeType', 'org.springframework.mail.MailSender' (OnClassCondition)

   MailSenderValidatorAutoConfiguration:
      Did not match:
         - @ConditionalOnProperty (spring.mail.test-connection) did not find property 'test-connection' (OnPropertyCondition)

   ManagementContextAutoConfiguration.DifferentManagementContextConfiguration:
      Did not match:
         - Management Port actual port type (SAME) did not match required type (DIFFERENT) (OnManagementPortCondition)

   ManagementWebSecurityAutoConfiguration:
      Did not match:
         - AllNestedConditions 1 matched 1 did not; NestedCondition on DefaultWebSecurityCondition.Beans @ConditionalOnMissingBean (types: org.springframework.security.web.SecurityFilterChain; SearchStrategy: all) found beans of type 'org.springframework.security.web.SecurityFilterChain' configure; NestedCondition on DefaultWebSecurityCondition.Classes @ConditionalOnClass found required classes 'org.springframework.security.web.SecurityFilterChain', 'org.springframework.security.config.annotation.web.builders.HttpSecurity' (DefaultWebSecurityCondition)
      Matched:
         - found 'session' scope (OnWebApplicationCondition)

   MappingsEndpointAutoConfiguration.ReactiveWebConfiguration:
      Did not match:
         - not a reactive web application (OnWebApplicationCondition)
      Matched:
         - @ConditionalOnClass found required class 'org.springframework.web.reactive.DispatcherHandler' (OnClassCondition)

   MessageSourceAutoConfiguration:
      Did not match:
         - ResourceBundle did not find bundle with basename messages (MessageSourceAutoConfiguration.ResourceBundleCondition)

   MetricsAspectsAutoConfiguration:
      Did not match:
         - AnyNestedCondition 0 matched 2 did not; NestedCondition on MetricsAspectsAutoConfiguration.ObservationAnnotationsEnabledCondition.ManagementObservationsEnabledCondition @ConditionalOnProperty (management.observations.annotations.enabled=true) did not find property 'enabled'; NestedCondition on MetricsAspectsAutoConfiguration.ObservationAnnotationsEnabledCondition.MicrometerObservationsEnabledCondition @ConditionalOnProperty (micrometer.observations.annotations.enabled=true) did not find property 'enabled' (MetricsAspectsAutoConfiguration.ObservationAnnotationsEnabledCondition)
      Matched:
         - @ConditionalOnClass found required classes 'io.micrometer.core.instrument.MeterRegistry', 'org.aspectj.weaver.Advice' (OnClassCondition)

   MicrometerTracingAutoConfiguration:
      Did not match:
         - @ConditionalOnClass did not find required class 'io.micrometer.tracing.Tracer' (OnClassCondition)

   MongoAutoConfiguration:
      Did not match:
         - @ConditionalOnClass did not find required class 'com.mongodb.client.MongoClient' (OnClassCondition)

   MongoDataAutoConfiguration:
      Did not match:
         - @ConditionalOnClass did not find required class 'com.mongodb.client.MongoClient' (OnClassCondition)

   MongoHealthContributorAutoConfiguration:
      Did not match:
         - @ConditionalOnClass did not find required class 'org.springframework.data.mongodb.core.MongoTemplate' (OnClassCondition)

   MongoMetricsAutoConfiguration:
      Did not match:
         - @ConditionalOnClass did not find required class 'com.mongodb.MongoClientSettings' (OnClassCondition)

   MongoReactiveAutoConfiguration:
      Did not match:
         - @ConditionalOnClass did not find required class 'com.mongodb.reactivestreams.client.MongoClient' (OnClassCondition)

   MongoReactiveDataAutoConfiguration:
      Did not match:
         - @ConditionalOnClass did not find required class 'com.mongodb.reactivestreams.client.MongoClient' (OnClassCondition)

   MongoReactiveHealthContributorAutoConfiguration:
      Did not match:
         - @ConditionalOnClass did not find required class 'org.springframework.data.mongodb.core.ReactiveMongoTemplate' (OnClassCondition)

   MongoReactiveRepositoriesAutoConfiguration:
      Did not match:
         - @ConditionalOnClass did not find required class 'com.mongodb.reactivestreams.client.MongoClient' (OnClassCondition)

   MongoRepositoriesAutoConfiguration:
      Did not match:
         - @ConditionalOnClass did not find required class 'com.mongodb.client.MongoClient' (OnClassCondition)

   MultipleOpenApiSupportConfiguration.SpringDocWebMvcActuatorDifferentConfiguration:
      Did not match:
         - Management Port actual port type (SAME) did not match required type (DIFFERENT) (OnManagementPortCondition)
      Matched:
         - @ConditionalOnClass found required class 'org.springframework.boot.actuate.endpoint.web.servlet.WebMvcEndpointHandlerMapping' (OnClassCondition)

   MustacheAutoConfiguration:
      Did not match:
         - @ConditionalOnClass did not find required class 'com.samskivert.mustache.Mustache' (OnClassCondition)

   Neo4jAutoConfiguration:
      Did not match:
         - @ConditionalOnClass did not find required class 'org.neo4j.driver.Driver' (OnClassCondition)

   Neo4jDataAutoConfiguration:
      Did not match:
         - @ConditionalOnClass did not find required class 'org.neo4j.driver.Driver' (OnClassCondition)

   Neo4jHealthContributorAutoConfiguration:
      Did not match:
         - @ConditionalOnClass did not find required class 'org.neo4j.driver.Driver' (OnClassCondition)

   Neo4jReactiveDataAutoConfiguration:
      Did not match:
         - @ConditionalOnClass did not find required class 'org.neo4j.driver.Driver' (OnClassCondition)

   Neo4jReactiveRepositoriesAutoConfiguration:
      Did not match:
         - @ConditionalOnClass did not find required class 'org.neo4j.driver.Driver' (OnClassCondition)

   Neo4jRepositoriesAutoConfiguration:
      Did not match:
         - @ConditionalOnClass did not find required class 'org.neo4j.driver.Driver' (OnClassCondition)

   NewRelicMetricsExportAutoConfiguration:
      Did not match:
         - @ConditionalOnClass did not find required class 'io.micrometer.newrelic.NewRelicMeterRegistry' (OnClassCondition)

   NoOpMeterRegistryConfiguration:
      Did not match:
         - @ConditionalOnMissingBean (types: io.micrometer.core.instrument.MeterRegistry; SearchStrategy: all) found beans of type 'io.micrometer.core.instrument.MeterRegistry' simpleMeterRegistry (OnBeanCondition)

   NoopTracerAutoConfiguration:
      Did not match:
         - @ConditionalOnClass did not find required class 'io.micrometer.tracing.Tracer' (OnClassCondition)

   OAuth2AuthorizationServerAutoConfiguration:
      Did not match:
         - @ConditionalOnClass did not find required class 'org.springframework.security.oauth2.server.authorization.OAuth2Authorization' (OnClassCondition)

   OAuth2AuthorizationServerJwtAutoConfiguration:
      Did not match:
         - @ConditionalOnClass did not find required class 'org.springframework.security.oauth2.server.authorization.OAuth2Authorization' (OnClassCondition)

   OAuth2ClientAutoConfiguration:
      Did not match:
         - @ConditionalOnClass did not find required class 'org.springframework.security.oauth2.client.registration.ClientRegistration' (OnClassCondition)

   OAuth2ResourceServerAutoConfiguration:
      Did not match:
         - @ConditionalOnClass did not find required class 'org.springframework.security.oauth2.server.resource.authentication.BearerTokenAuthenticationToken' (OnClassCondition)

   ObservationAutoConfiguration.MeterObservationHandlerConfiguration.TracingAndMetricsObservationHandlerConfiguration:
      Did not match:
         - @ConditionalOnBean did not find required type 'io.micrometer.tracing.Tracer' (OnBeanCondition)
         - @ConditionalOnBean (types: io.micrometer.tracing.Tracer; SearchStrategy: all) did not find any beans of type io.micrometer.tracing.Tracer (OnBeanCondition)

   ObservationAutoConfiguration.MetricsWithTracingConfiguration:
      Did not match:
         - @ConditionalOnClass did not find required class 'io.micrometer.tracing.Tracer' (OnClassCondition)

   ObservationAutoConfiguration.OnlyTracingConfiguration:
      Did not match:
         - @ConditionalOnClass did not find required class 'io.micrometer.tracing.Tracer' (OnClassCondition)

   org.springframework.boot.actuate.autoconfigure.opentelemetry.OpenTelemetryAutoConfiguration:
      Did not match:
         - @ConditionalOnClass did not find required class 'io.opentelemetry.sdk.OpenTelemetrySdk' (OnClassCondition)

   org.springframework.boot.actuate.autoconfigure.tracing.OpenTelemetryAutoConfiguration:
      Did not match:
         - @ConditionalOnClass did not find required class 'io.micrometer.tracing.otel.bridge.OtelTracer' (OnClassCondition)

   OtlpAutoConfiguration:
      Did not match:
         - @ConditionalOnClass did not find required class 'io.micrometer.tracing.otel.bridge.OtelTracer' (OnClassCondition)

   OtlpMetricsExportAutoConfiguration:
      Did not match:
         - @ConditionalOnClass did not find required class 'io.micrometer.registry.otlp.OtlpMeterRegistry' (OnClassCondition)

   ProjectInfoAutoConfiguration#buildProperties:
      Did not match:
         - @ConditionalOnResource did not find resource '${spring.info.build.location:classpath:META-INF/build-info.properties}' (OnResourceCondition)

   ProjectInfoAutoConfiguration#gitProperties:
      Did not match:
         - GitResource did not find git info at classpath:git.properties (ProjectInfoAutoConfiguration.GitResourceAvailableCondition)

   PrometheusExemplarsAutoConfiguration:
      Did not match:
         - @ConditionalOnClass did not find required class 'io.micrometer.tracing.Tracer' (OnClassCondition)

   PrometheusMetricsExportAutoConfiguration:
      Did not match:
         - @ConditionalOnClass did not find required class 'io.micrometer.prometheusmetrics.PrometheusMeterRegistry' (OnClassCondition)

   PrometheusSimpleclientExemplarsAutoConfiguration:
      Did not match:
         - @ConditionalOnClass did not find required class 'io.micrometer.tracing.Tracer' (OnClassCondition)

   PrometheusSimpleclientMetricsExportAutoConfiguration:
      Did not match:
         - @ConditionalOnClass did not find required class 'io.micrometer.prometheus.PrometheusMeterRegistry' (OnClassCondition)

   PulsarAutoConfiguration:
      Did not match:
         - @ConditionalOnClass did not find required class 'org.apache.pulsar.client.api.PulsarClient' (OnClassCondition)

   PulsarReactiveAutoConfiguration:
      Did not match:
         - @ConditionalOnClass did not find required class 'org.apache.pulsar.client.api.PulsarClient' (OnClassCondition)

   QuartzAutoConfiguration:
      Did not match:
         - @ConditionalOnClass did not find required class 'org.quartz.Scheduler' (OnClassCondition)

   QuartzEndpointAutoConfiguration:
      Did not match:
         - @ConditionalOnClass did not find required class 'org.quartz.Scheduler' (OnClassCondition)

   R2dbcAutoConfiguration:
      Did not match:
         - @ConditionalOnClass did not find required class 'io.r2dbc.spi.ConnectionFactory' (OnClassCondition)

   R2dbcDataAutoConfiguration:
      Did not match:
         - @ConditionalOnClass did not find required class 'org.springframework.data.r2dbc.core.R2dbcEntityTemplate' (OnClassCondition)

   R2dbcInitializationConfiguration:
      Did not match:
         - @ConditionalOnClass did not find required classes 'io.r2dbc.spi.ConnectionFactory', 'org.springframework.r2dbc.connection.init.DatabasePopulator' (OnClassCondition)

   R2dbcObservationAutoConfiguration:
      Did not match:
         - @ConditionalOnClass did not find required class 'io.r2dbc.proxy.ProxyConnectionFactory' (OnClassCondition)

   R2dbcRepositoriesAutoConfiguration:
      Did not match:
         - @ConditionalOnClass did not find required class 'io.r2dbc.spi.ConnectionFactory' (OnClassCondition)

   R2dbcTransactionManagerAutoConfiguration:
      Did not match:
         - @ConditionalOnClass did not find required class 'org.springframework.r2dbc.connection.R2dbcTransactionManager' (OnClassCondition)

   RSocketGraphQlClientAutoConfiguration:
      Did not match:
         - @ConditionalOnClass did not find required class 'graphql.GraphQL' (OnClassCondition)

   RSocketMessagingAutoConfiguration:
      Did not match:
         - @ConditionalOnClass did not find required class 'io.rsocket.RSocket' (OnClassCondition)

   RSocketRequesterAutoConfiguration:
      Did not match:
         - @ConditionalOnClass did not find required class 'io.rsocket.RSocket' (OnClassCondition)

   RSocketSecurityAutoConfiguration:
      Did not match:
         - @ConditionalOnClass did not find required class 'org.springframework.security.rsocket.core.SecuritySocketAcceptorInterceptor' (OnClassCondition)

   RSocketServerAutoConfiguration:
      Did not match:
         - @ConditionalOnClass did not find required class 'io.rsocket.core.RSocketServer' (OnClassCondition)

   RSocketStrategiesAutoConfiguration:
      Did not match:
         - @ConditionalOnClass did not find required class 'io.rsocket.RSocket' (OnClassCondition)

   RabbitAutoConfiguration:
      Did not match:
         - @ConditionalOnClass did not find required class 'com.rabbitmq.client.Channel' (OnClassCondition)

   RabbitHealthContributorAutoConfiguration:
      Did not match:
         - @ConditionalOnClass did not find required class 'org.springframework.amqp.rabbit.core.RabbitTemplate' (OnClassCondition)

   RabbitMetricsAutoConfiguration:
      Did not match:
         - @ConditionalOnClass did not find required class 'com.rabbitmq.client.ConnectionFactory' (OnClassCondition)

   RateLimiterMetricsAutoConfiguration#registerRateLimiterMetrics:
      Did not match:
         - @ConditionalOnProperty (resilience4j.ratelimiter.metrics.legacy.enabled=true) did not find property 'resilience4j.ratelimiter.metrics.legacy.enabled' (OnPropertyCondition)

   RateLimitersHealthIndicatorAutoConfiguration#rateLimitersHealthIndicator:
      Did not match:
         - @ConditionalOnProperty (management.health.ratelimiters.enabled) did not find property 'enabled' (OnPropertyCondition)

   ReactiveCloudFoundryActuatorAutoConfiguration:
      Did not match:
         - not a reactive web application (OnWebApplicationCondition)

   ReactiveElasticsearchClientAutoConfiguration:
      Did not match:
         - @ConditionalOnClass did not find required class 'co.elastic.clients.transport.ElasticsearchTransport' (OnClassCondition)

   ReactiveElasticsearchRepositoriesAutoConfiguration:
      Did not match:
         - @ConditionalOnClass did not find required class 'org.springframework.data.elasticsearch.client.elc.ReactiveElasticsearchClient' (OnClassCondition)

   ReactiveManagementContextAutoConfiguration:
      Did not match:
         - not a reactive web application (OnWebApplicationCondition)
      Matched:
         - @ConditionalOnClass found required class 'reactor.core.publisher.Flux' (OnClassCondition)

   ReactiveManagementWebSecurityAutoConfiguration:
      Did not match:
         - not a reactive web application (OnWebApplicationCondition)
      Matched:
         - @ConditionalOnClass found required classes 'org.springframework.security.config.annotation.web.reactive.EnableWebFluxSecurity', 'org.springframework.security.web.server.WebFilterChainProxy' (OnClassCondition)

   ReactiveMultipartAutoConfiguration:
      Did not match:
         - not a reactive web application (OnWebApplicationCondition)
      Matched:
         - @ConditionalOnClass found required classes 'org.springframework.http.codec.multipart.DefaultPartHttpMessageReader', 'org.springframework.web.reactive.config.WebFluxConfigurer' (OnClassCondition)

   ReactiveOAuth2ClientAutoConfiguration:
      Did not match:
         - @ConditionalOnClass did not find required class 'org.springframework.security.oauth2.client.registration.ClientRegistration' (OnClassCondition)

   ReactiveOAuth2ResourceServerAutoConfiguration:
      Did not match:
         - not a reactive web application (OnWebApplicationCondition)
      Matched:
         - @ConditionalOnClass found required class 'org.springframework.security.config.annotation.web.reactive.EnableWebFluxSecurity' (OnClassCondition)

   ReactiveSecurityAutoConfiguration.SpringBootWebFluxSecurityConfiguration:
      Did not match:
         - not a reactive web application (OnWebApplicationCondition)

   ReactiveUserDetailsServiceAutoConfiguration:
      Did not match:
         - AnyNestedCondition 0 matched 2 did not; NestedCondition on ReactiveUserDetailsServiceAutoConfiguration.RSocketEnabledOrReactiveWebApplication.ReactiveWebApplicationCondition not a reactive web application; NestedCondition on ReactiveUserDetailsServiceAutoConfiguration.RSocketEnabledOrReactiveWebApplication.RSocketSecurityEnabledCondition @ConditionalOnBean (types: org.springframework.messaging.rsocket.annotation.support.RSocketMessageHandler; SearchStrategy: all) did not find any beans of type org.springframework.messaging.rsocket.annotation.support.RSocketMessageHandler (ReactiveUserDetailsServiceAutoConfiguration.RSocketEnabledOrReactiveWebApplication)
      Matched:
         - @ConditionalOnClass found required class 'org.springframework.security.authentication.ReactiveAuthenticationManager' (OnClassCondition)
         - AnyNestedCondition 1 matched 2 did not; NestedCondition on ReactiveUserDetailsServiceAutoConfiguration.MissingAlternativeOrUserPropertiesConfigured.PasswordConfigured @ConditionalOnProperty (spring.security.user.password) did not find property 'password'; NestedCondition on ReactiveUserDetailsServiceAutoConfiguration.MissingAlternativeOrUserPropertiesConfigured.NameConfigured @ConditionalOnProperty (spring.security.user.name) did not find property 'name'; NestedCondition on ReactiveUserDetailsServiceAutoConfiguration.MissingAlternativeOrUserPropertiesConfigured.MissingAlternative @ConditionalOnMissingClass did not find unwanted classes 'org.springframework.security.oauth2.client.registration.ClientRegistrationRepository', 'org.springframework.security.oauth2.server.resource.introspection.ReactiveOpaqueTokenIntrospector' (ReactiveUserDetailsServiceAutoConfiguration.MissingAlternativeOrUserPropertiesConfigured)

   ReactiveWebServerFactoryAutoConfiguration:
      Did not match:
         - not a reactive web application (OnWebApplicationCondition)
      Matched:
         - @ConditionalOnClass found required class 'org.springframework.http.ReactiveHttpInputMessage' (OnClassCondition)

   RedisAutoConfiguration#redisTemplate:
      Did not match:
         - @ConditionalOnMissingBean (names: redisTemplate; SearchStrategy: all) found beans named redisTemplate (OnBeanCondition)

   RedisReactiveAutoConfiguration#reactiveRedisTemplate:
      Did not match:
         - @ConditionalOnBean (types: org.springframework.data.redis.connection.ReactiveRedisConnectionFactory; SearchStrategy: all) did not find any beans of type org.springframework.data.redis.connection.ReactiveRedisConnectionFactory (OnBeanCondition)

   RedisReactiveAutoConfiguration#reactiveStringRedisTemplate:
      Did not match:
         - @ConditionalOnBean (types: org.springframework.data.redis.connection.ReactiveRedisConnectionFactory; SearchStrategy: all) did not find any beans of type org.springframework.data.redis.connection.ReactiveRedisConnectionFactory (OnBeanCondition)

   RedisReactiveHealthContributorAutoConfiguration:
      Did not match:
         - @ConditionalOnBean (types: org.springframework.data.redis.connection.ReactiveRedisConnectionFactory; SearchStrategy: all) did not find any beans of type org.springframework.data.redis.connection.ReactiveRedisConnectionFactory (OnBeanCondition)
      Matched:
         - @ConditionalOnClass found required classes 'org.springframework.data.redis.connection.ReactiveRedisConnectionFactory', 'reactor.core.publisher.Flux' (OnClassCondition)
         - @ConditionalOnEnabledHealthIndicator management.health.defaults.enabled is considered true (OnEnabledHealthIndicatorCondition)

   RepositoryRestMvcAutoConfiguration:
      Did not match:
         - @ConditionalOnClass did not find required class 'org.springframework.data.rest.webmvc.config.RepositoryRestMvcConfiguration' (OnClassCondition)

   RetryMetricsAutoConfiguration#registerRetryMetrics:
      Did not match:
         - @ConditionalOnProperty (resilience4j.retry.metrics.legacy.enabled=true) did not find property 'resilience4j.retry.metrics.legacy.enabled' (OnPropertyCondition)

   Saml2RelyingPartyAutoConfiguration:
      Did not match:
         - @ConditionalOnClass did not find required class 'org.springframework.security.saml2.provider.service.registration.RelyingPartyRegistrationRepository' (OnClassCondition)

   SecurityDataConfiguration:
      Did not match:
         - @ConditionalOnClass did not find required class 'org.springframework.security.data.repository.query.SecurityEvaluationContextExtension' (OnClassCondition)

   SecurityRequestMatchersManagementContextConfiguration.JerseyRequestMatcherConfiguration:
      Did not match:
         - @ConditionalOnClass did not find required class 'org.glassfish.jersey.server.ResourceConfig' (OnClassCondition)

   SendGridAutoConfiguration:
      Did not match:
         - @ConditionalOnClass did not find required class 'com.sendgrid.SendGrid' (OnClassCondition)

   ServletEndpointManagementContextConfiguration.JerseyServletEndpointManagementContextConfiguration:
      Did not match:
         - @ConditionalOnClass did not find required class 'org.glassfish.jersey.server.ResourceConfig' (OnClassCondition)

   ServletManagementContextAutoConfiguration.ApplicationContextFilterConfiguration:
      Did not match:
         - @ConditionalOnProperty (management.server.add-application-context-header=true) did not find property 'add-application-context-header' (OnPropertyCondition)

   ServletWebServerFactoryAutoConfiguration.ForwardedHeaderFilterConfiguration:
      Did not match:
         - @ConditionalOnProperty (server.forward-headers-strategy=framework) did not find property 'server.forward-headers-strategy' (OnPropertyCondition)

   ServletWebServerFactoryConfiguration.EmbeddedJetty:
      Did not match:
         - @ConditionalOnClass did not find required classes 'org.eclipse.jetty.server.Server', 'org.eclipse.jetty.util.Loader', 'org.eclipse.jetty.ee10.webapp.WebAppContext' (OnClassCondition)

   ServletWebServerFactoryConfiguration.EmbeddedUndertow:
      Did not match:
         - @ConditionalOnClass did not find required classes 'io.undertow.Undertow', 'org.xnio.SslClientAuthMode' (OnClassCondition)

   SessionAutoConfiguration:
      Did not match:
         - @ConditionalOnClass did not find required class 'org.springframework.session.Session' (OnClassCondition)

   SessionsEndpointAutoConfiguration:
      Did not match:
         - @ConditionalOnClass did not find required class 'org.springframework.session.Session' (OnClassCondition)

   ShutdownEndpointAutoConfiguration:
      Did not match:
         - @ConditionalOnAvailableEndpoint no property management.endpoint.shutdown.enabled found so using endpoint default of false (OnAvailableEndpointCondition)

   SignalFxMetricsExportAutoConfiguration:
      Did not match:
         - @ConditionalOnClass did not find required class 'io.micrometer.signalfx.SignalFxMeterRegistry' (OnClassCondition)

   SpringApplicationAdminJmxAutoConfiguration:
      Did not match:
         - @ConditionalOnProperty (spring.application.admin.enabled=true) did not find property 'enabled' (OnPropertyCondition)

   SpringBootWebSecurityConfiguration.SecurityFilterChainConfiguration:
      Did not match:
         - AllNestedConditions 1 matched 1 did not; NestedCondition on DefaultWebSecurityCondition.Beans @ConditionalOnMissingBean (types: org.springframework.security.web.SecurityFilterChain; SearchStrategy: all) found beans of type 'org.springframework.security.web.SecurityFilterChain' configure; NestedCondition on DefaultWebSecurityCondition.Classes @ConditionalOnClass found required classes 'org.springframework.security.web.SecurityFilterChain', 'org.springframework.security.config.annotation.web.builders.HttpSecurity' (DefaultWebSecurityCondition)

   SpringDocConfiguration#propertiesResolverForSchema:
      Did not match:
         - @ConditionalOnProperty (springdoc.api-docs.resolve-schema-properties) did not find property 'springdoc.api-docs.resolve-schema-properties' (OnPropertyCondition)

   SpringDocConfiguration#propertyCustomizingConverter:
      Did not match:
         - @ConditionalOnBean (types: org.springdoc.core.customizers.PropertyCustomizer; SearchStrategy: all) did not find any beans of type org.springdoc.core.customizers.PropertyCustomizer (OnBeanCondition)

   SpringDocConfiguration#springdocBeanFactoryPostProcessor2:
      Did not match:
         - @ConditionalOnMissingClass found unwanted class 'org.springframework.boot.context.properties.bind.BindResult' (OnClassCondition)

   SpringDocConfiguration.SpringDocActuatorConfiguration:
      Did not match:
         - @ConditionalOnProperty (springdoc.show-actuator) did not find property 'springdoc.show-actuator' (OnPropertyCondition)
      Matched:
         - @ConditionalOnClass found required class 'org.springframework.boot.actuate.autoconfigure.endpoint.web.WebEndpointProperties' (OnClassCondition)

   SpringDocConfiguration.SpringDocRepositoryRestConfiguration:
      Did not match:
         - @ConditionalOnClass did not find required class 'org.springframework.data.rest.core.config.RepositoryRestConfiguration' (OnClassCondition)

   SpringDocDataRestConfiguration:
      Did not match:
         - @ConditionalOnClass did not find required class 'org.springframework.data.rest.core.config.RepositoryRestConfiguration' (OnClassCondition)

   SpringDocFunctionCatalogConfiguration:
      Did not match:
         - @ConditionalOnClass did not find required class 'org.springframework.cloud.function.web.function.FunctionEndpointInitializer' (OnClassCondition)

   SpringDocGroovyConfiguration:
      Did not match:
         - @ConditionalOnClass did not find required class 'groovy.lang.MetaClass' (OnClassCondition)

   SpringDocHateoasConfiguration:
      Did not match:
         - @ConditionalOnClass did not find required class 'org.springframework.hateoas.server.LinkRelationProvider' (OnClassCondition)

   SpringDocJacksonKotlinModuleConfiguration:
      Did not match:
         - @ConditionalOnClass did not find required class 'com.fasterxml.jackson.module.kotlin.KotlinModule' (OnClassCondition)

   SpringDocJavadocConfiguration:
      Did not match:
         - @ConditionalOnClass did not find required class 'com.github.therapi.runtimejavadoc.CommentFormatter' (OnClassCondition)

   SpringDocKotlinConfiguration:
      Did not match:
         - @ConditionalOnClass did not find required class 'kotlin.coroutines.Continuation' (OnClassCondition)

   SpringDocKotlinxConfiguration:
      Did not match:
         - @ConditionalOnClass did not find required class 'kotlinx.coroutines.flow.Flow' (OnClassCondition)

   SpringDocSecurityConfiguration.SpringDocSecurityOAuth2Configuration:
      Did not match:
         - @ConditionalOnClass did not find required class 'org.springframework.security.oauth2.server.authorization.OAuth2AuthorizationService' (OnClassCondition)

   SpringDocSecurityConfiguration.SpringSecurityLoginEndpointConfiguration#springSecurityLoginEndpointCustomiser:
      Did not match:
         - @ConditionalOnProperty (springdoc.show-login-endpoint) did not find property 'springdoc.show-login-endpoint' (OnPropertyCondition)

   SpringDocSortConfiguration#delegatingMethodParameterCustomizer:
      Did not match:
         - @ConditionalOnMissingBean (types: org.springdoc.core.customizers.DelegatingMethodParameterCustomizer; SearchStrategy: all) found beans of type 'org.springdoc.core.customizers.DelegatingMethodParameterCustomizer' delegatingMethodParameterCustomizer (OnBeanCondition)

   SpringDocWebMvcConfiguration.SpringDocWebMvcActuatorConfiguration#actuatorProvider:
      Did not match:
         - @ConditionalOnExpression (#{${springdoc.show-actuator:false} or ${springdoc.use-management-port:false}}) resulted in false (OnExpressionCondition)

   SpringDocWebMvcConfiguration.SpringDocWebMvcActuatorConfiguration#openApiActuatorResource:
      Did not match:
         - @ConditionalOnProperty (springdoc.use-management-port) did not find property 'springdoc.use-management-port' (OnPropertyCondition)

   StackdriverMetricsExportAutoConfiguration:
      Did not match:
         - @ConditionalOnClass did not find required class 'io.micrometer.stackdriver.StackdriverMeterRegistry' (OnClassCondition)

   StartupEndpointAutoConfiguration:
      Did not match:
         - ApplicationStartup configured applicationStartup is of type class org.springframework.core.metrics.DefaultApplicationStartup, expected BufferingApplicationStartup. (StartupEndpointAutoConfiguration.ApplicationStartupCondition)

   StatsdMetricsExportAutoConfiguration:
      Did not match:
         - @ConditionalOnClass did not find required class 'io.micrometer.statsd.StatsdMeterRegistry' (OnClassCondition)

   SwaggerConfig#springWebProvider:
      Did not match:
         - @ConditionalOnMissingBean (types: org.springdoc.core.providers.SpringWebProvider; SearchStrategy: all) found beans of type 'org.springdoc.core.providers.SpringWebProvider' springWebProvider (OnBeanCondition)

   SwaggerConfig#swaggerUiConfigParameters:
      Did not match:
         - @ConditionalOnMissingBean (types: org.springdoc.core.properties.SwaggerUiConfigParameters; SearchStrategy: all) found beans of type 'org.springdoc.core.properties.SwaggerUiConfigParameters' org.springdoc.core.properties.SwaggerUiConfigParameters (OnBeanCondition)

   SwaggerConfig#swaggerUiHome:
      Did not match:
         - @ConditionalOnProperty (springdoc.swagger-ui.use-root-path=true) did not find property 'springdoc.swagger-ui.use-root-path' (OnPropertyCondition)

   SwaggerConfig.SwaggerActuatorWelcomeConfiguration:
      Did not match:
         - @ConditionalOnProperty (springdoc.use-management-port) did not find property 'springdoc.use-management-port' (OnPropertyCondition)
      Matched:
         - @ConditionalOnClass found required class 'org.springframework.boot.actuate.endpoint.web.servlet.WebMvcEndpointHandlerMapping' (OnClassCondition)

   TaskExecutorConfigurations.SimpleAsyncTaskExecutorBuilderConfiguration#simpleAsyncTaskExecutorBuilderVirtualThreads:
      Did not match:
         - @ConditionalOnMissingBean (types: org.springframework.boot.task.SimpleAsyncTaskExecutorBuilder; SearchStrategy: all) found beans of type 'org.springframework.boot.task.SimpleAsyncTaskExecutorBuilder' simpleAsyncTaskExecutorBuilder (OnBeanCondition)

   TaskExecutorConfigurations.TaskExecutorConfiguration#applicationTaskExecutorVirtualThreads:
      Did not match:
         - @ConditionalOnThreading did not find VIRTUAL (OnThreadingCondition)

   TaskSchedulingAutoConfiguration#scheduledBeanLazyInitializationExcludeFilter:
      Did not match:
         - @ConditionalOnBean (names: org.springframework.context.annotation.internalScheduledAnnotationProcessor; SearchStrategy: all) did not find any beans named org.springframework.context.annotation.internalScheduledAnnotationProcessor (OnBeanCondition)

   TaskSchedulingConfigurations.SimpleAsyncTaskSchedulerBuilderConfiguration#simpleAsyncTaskSchedulerBuilderVirtualThreads:
      Did not match:
         - @ConditionalOnMissingBean (types: org.springframework.boot.task.SimpleAsyncTaskSchedulerBuilder; SearchStrategy: all) found beans of type 'org.springframework.boot.task.SimpleAsyncTaskSchedulerBuilder' simpleAsyncTaskSchedulerBuilder (OnBeanCondition)

   TaskSchedulingConfigurations.TaskSchedulerConfiguration:
      Did not match:
         - @ConditionalOnBean (names: org.springframework.context.annotation.internalScheduledAnnotationProcessor; SearchStrategy: all) did not find any beans named org.springframework.context.annotation.internalScheduledAnnotationProcessor (OnBeanCondition)

   ThreadPoolBulkheadMetricsAutoConfiguration#registerThreadPoolBulkheadMetrics:
      Did not match:
         - @ConditionalOnProperty (resilience4j.thread-pool-bulkhead.metrics.legacy.enabled=true) did not find property 'resilience4j.thread-pool-bulkhead.metrics.legacy.enabled' (OnPropertyCondition)

   ThymeleafAutoConfiguration:
      Did not match:
         - @ConditionalOnClass did not find required class 'org.thymeleaf.spring6.SpringTemplateEngine' (OnClassCondition)

   TimeLimiterMetricsAutoConfiguration#registerTimeLimiterMetrics:
      Did not match:
         - @ConditionalOnProperty (resilience4j.timelimiter.metrics.legacy.enabled=true) did not find property 'resilience4j.timelimiter.metrics.legacy.enabled' (OnPropertyCondition)

   TransactionAutoConfiguration#transactionalOperator:
      Did not match:
         - @ConditionalOnSingleCandidate (types: org.springframework.transaction.ReactiveTransactionManager; SearchStrategy: all) did not find any beans (OnBeanCondition)

   TransactionAutoConfiguration.AspectJTransactionManagementConfiguration:
      Did not match:
         - @ConditionalOnBean (types: org.springframework.transaction.aspectj.AbstractTransactionAspect; SearchStrategy: all) did not find any beans of type org.springframework.transaction.aspectj.AbstractTransactionAspect (OnBeanCondition)

   TransactionAutoConfiguration.EnableTransactionManagementConfiguration.JdkDynamicAutoProxyConfiguration:
      Did not match:
         - @ConditionalOnProperty (spring.aop.proxy-target-class=false) did not find property 'proxy-target-class' (OnPropertyCondition)

   UserDetailsServiceAutoConfiguration:
      Did not match:
         - @ConditionalOnMissingBean (types: org.springframework.security.authentication.AuthenticationManager,org.springframework.security.authentication.AuthenticationProvider,org.springframework.security.core.userdetails.UserDetailsService,org.springframework.security.authentication.AuthenticationManagerResolver,org.springframework.security.oauth2.jwt.JwtDecoder; SearchStrategy: all) found beans of type 'org.springframework.security.authentication.AuthenticationManager' authenticationManager and found beans of type 'org.springframework.security.authentication.AuthenticationProvider' provider (OnBeanCondition)
      Matched:
         - @ConditionalOnClass found required class 'org.springframework.security.authentication.AuthenticationManager' (OnClassCondition)
         - AnyNestedCondition 1 matched 2 did not; NestedCondition on UserDetailsServiceAutoConfiguration.MissingAlternativeOrUserPropertiesConfigured.PasswordConfigured @ConditionalOnProperty (spring.security.user.password) did not find property 'password'; NestedCondition on UserDetailsServiceAutoConfiguration.MissingAlternativeOrUserPropertiesConfigured.NameConfigured @ConditionalOnProperty (spring.security.user.name) did not find property 'name'; NestedCondition on UserDetailsServiceAutoConfiguration.MissingAlternativeOrUserPropertiesConfigured.MissingAlternative @ConditionalOnMissingClass did not find unwanted classes 'org.springframework.security.oauth2.client.registration.ClientRegistrationRepository', 'org.springframework.security.oauth2.server.resource.introspection.OpaqueTokenIntrospector', 'org.springframework.security.saml2.provider.service.registration.RelyingPartyRegistrationRepository' (UserDetailsServiceAutoConfiguration.MissingAlternativeOrUserPropertiesConfigured)

   WavefrontAutoConfiguration:
      Did not match:
         - @ConditionalOnClass did not find required class 'com.wavefront.sdk.common.application.ApplicationTags' (OnClassCondition)

   WavefrontMetricsExportAutoConfiguration:
      Did not match:
         - @ConditionalOnClass did not find required class 'com.wavefront.sdk.common.WavefrontSender' (OnClassCondition)

   WavefrontTracingAutoConfiguration:
      Did not match:
         - @ConditionalOnClass did not find required class 'com.wavefront.sdk.common.WavefrontSender' (OnClassCondition)

   WebFluxAutoConfiguration:
      Did not match:
         - not a reactive web application (OnWebApplicationCondition)
      Matched:
         - @ConditionalOnClass found required class 'org.springframework.web.reactive.config.WebFluxConfigurer' (OnClassCondition)

   WebFluxEndpointManagementContextConfiguration:
      Did not match:
         - not a reactive web application (OnWebApplicationCondition)
      Matched:
         - @ConditionalOnClass found required classes 'org.springframework.web.reactive.DispatcherHandler', 'org.springframework.http.server.reactive.HttpHandler' (OnClassCondition)

   WebFluxObservationAutoConfiguration:
      Did not match:
         - not a reactive web application (OnWebApplicationCondition)
      Matched:
         - @ConditionalOnClass found required classes 'io.micrometer.observation.Observation', 'io.micrometer.core.instrument.MeterRegistry' (OnClassCondition)

   WebMvcAutoConfiguration#hiddenHttpMethodFilter:
      Did not match:
         - @ConditionalOnProperty (spring.mvc.hiddenmethod.filter.enabled) did not find property 'enabled' (OnPropertyCondition)

   WebMvcAutoConfiguration.ProblemDetailsErrorHandlingConfiguration:
      Did not match:
         - @ConditionalOnProperty (spring.mvc.problemdetails.enabled=true) did not find property 'enabled' (OnPropertyCondition)

   WebMvcAutoConfiguration.ResourceChainCustomizerConfiguration:
      Did not match:
         - @ConditionalOnEnabledResourceChain did not find class org.webjars.WebJarAssetLocator (OnEnabledResourceChainCondition)

   WebMvcAutoConfiguration.WebMvcAutoConfigurationAdapter#beanNameViewResolver:
      Did not match:
         - @ConditionalOnMissingBean (types: org.springframework.web.servlet.view.BeanNameViewResolver; SearchStrategy: all) found beans of type 'org.springframework.web.servlet.view.BeanNameViewResolver' beanNameViewResolver (OnBeanCondition)

   WebMvcEndpointManagementContextConfiguration#managementHealthEndpointWebMvcHandlerMapping:
      Did not match:
         - Management Port actual port type (SAME) did not match required type (DIFFERENT) (OnManagementPortCondition)

   WebServiceTemplateAutoConfiguration:
      Did not match:
         - @ConditionalOnClass did not find required class 'org.springframework.ws.client.core.WebServiceTemplate' (OnClassCondition)

   WebServicesAutoConfiguration:
      Did not match:
         - @ConditionalOnClass did not find required class 'org.springframework.ws.transport.http.MessageDispatcherServlet' (OnClassCondition)

   WebSessionIdResolverAutoConfiguration:
      Did not match:
         - not a reactive web application (OnWebApplicationCondition)
      Matched:
         - @ConditionalOnClass found required classes 'org.springframework.web.server.session.WebSessionManager', 'reactor.core.publisher.Mono' (OnClassCondition)

   WebSocketMessagingAutoConfiguration:
      Did not match:
         - @ConditionalOnClass did not find required class 'org.springframework.web.socket.config.annotation.WebSocketMessageBrokerConfigurer' (OnClassCondition)

   WebSocketReactiveAutoConfiguration:
      Did not match:
         - not a reactive web application (OnWebApplicationCondition)
      Matched:
         - @ConditionalOnClass found required classes 'jakarta.servlet.Servlet', 'jakarta.websocket.server.ServerContainer' (OnClassCondition)

   WebSocketServletAutoConfiguration.JettyWebSocketConfiguration:
      Did not match:
         - @ConditionalOnClass did not find required class 'org.eclipse.jetty.ee10.websocket.jakarta.server.config.JakartaWebSocketServletContainerInitializer' (OnClassCondition)

   WebSocketServletAutoConfiguration.UndertowWebSocketConfiguration:
      Did not match:
         - @ConditionalOnClass did not find required class 'io.undertow.websockets.jsr.Bootstrap' (OnClassCondition)

   XADataSourceAutoConfiguration:
      Did not match:
         - @ConditionalOnBean (types: org.springframework.boot.jdbc.XADataSourceWrapper; SearchStrategy: all) did not find any beans of type org.springframework.boot.jdbc.XADataSourceWrapper (OnBeanCondition)
      Matched:
         - @ConditionalOnClass found required classes 'javax.sql.DataSource', 'jakarta.transaction.TransactionManager', 'org.springframework.jdbc.datasource.embedded.EmbeddedDatabaseType' (OnClassCondition)

   ZipkinAutoConfiguration:
      Did not match:
         - @ConditionalOnClass did not find required class 'zipkin2.reporter.Encoding' (OnClassCondition)


Exclusions:
-----------

    None


Unconditional classes:
----------------------

    org.springframework.boot.autoconfigure.context.ConfigurationPropertiesAutoConfiguration

    org.springframework.boot.actuate.autoconfigure.availability.AvailabilityHealthContributorAutoConfiguration

    org.springframework.boot.autoconfigure.ssl.SslAutoConfiguration

    org.springframework.boot.actuate.autoconfigure.info.InfoContributorAutoConfiguration

    org.springframework.boot.autoconfigure.context.PropertyPlaceholderAutoConfiguration

    org.springframework.boot.autoconfigure.context.LifecycleAutoConfiguration

    org.springframework.boot.actuate.autoconfigure.metrics.integration.IntegrationMetricsAutoConfiguration

    org.springframework.boot.actuate.autoconfigure.endpoint.EndpointAutoConfiguration

    net.devh.boot.grpc.server.autoconfigure.GrpcAdviceAutoConfiguration

    org.springframework.boot.actuate.autoconfigure.web.server.ManagementContextAutoConfiguration

    org.springframework.boot.actuate.autoconfigure.health.HealthContributorAutoConfiguration

    org.springframework.boot.actuate.autoconfigure.endpoint.jackson.JacksonEndpointAutoConfiguration

    org.springframework.boot.autoconfigure.availability.ApplicationAvailabilityAutoConfiguration

    org.springframework.boot.autoconfigure.info.ProjectInfoAutoConfiguration



2026-05-13T07:28:38.791+07:00  INFO 24684 --- [authentication-service] [           main] v.a.AuthenticationServiceApplication     : Started AuthenticationServiceApplication in 16.285 seconds (process running for 17.618)
2026-05-13T07:28:38.797+07:00 DEBUG 24684 --- [authentication-service] [           main] o.s.b.a.ApplicationAvailabilityBean      : Application availability state LivenessState changed to CORRECT
2026-05-13T07:28:38.800+07:00 DEBUG 24684 --- [authentication-service] [           main] o.s.b.a.ApplicationAvailabilityBean      : Application availability state ReadinessState changed to ACCEPTING_TRAFFIC
2026-05-13T07:28:57.256+07:00  INFO 24684 --- [authentication-service] [nio-8081-exec-2] o.a.c.c.C.[Tomcat].[localhost].[/]       : Initializing Spring DispatcherServlet 'dispatcherServlet'
2026-05-13T07:28:57.259+07:00  INFO 24684 --- [authentication-service] [nio-8081-exec-2] o.s.web.servlet.DispatcherServlet        : Initializing Servlet 'dispatcherServlet'
2026-05-13T07:28:57.262+07:00  INFO 24684 --- [authentication-service] [nio-8081-exec-2] o.s.web.servlet.DispatcherServlet        : Completed initialization in 2 ms
2026-05-13T07:28:57.496+07:00 DEBUG 24684 --- [authentication-service] [nio-8081-exec-2] org.hibernate.SQL                        : select u1_0.id,u1_0.avatar_url,u1_0.date_of_birth,u1_0.email,u1_0.first_name,u1_0.gender,u1_0.is_two_factor_enabled,u1_0.last_name,u1_0.password,u1_0.phone,u1_0.require_password_change,u1_0.secret,u1_0.status,u1_0.type,u1_0.username from tbl_user u1_0 where upper(u1_0.username)=upper(?)
Hibernate: select u1_0.id,u1_0.avatar_url,u1_0.date_of_birth,u1_0.email,u1_0.first_name,u1_0.gender,u1_0.is_two_factor_enabled,u1_0.last_name,u1_0.password,u1_0.phone,u1_0.require_password_change,u1_0.secret,u1_0.status,u1_0.type,u1_0.username from tbl_user u1_0 where upper(u1_0.username)=upper(?)
2026-05-13T07:28:57.614+07:00 DEBUG 24684 --- [authentication-service] [nio-8081-exec-2] org.hibernate.SQL                        : select r1_0.user_id,r1_0.id,r2_0.id,r2_0.name from tbl_user_has_role r1_0 left join tbl_role r2_0 on r2_0.id=r1_0.role_id where r1_0.user_id=?
Hibernate: select r1_0.user_id,r1_0.id,r2_0.id,r2_0.name from tbl_user_has_role r1_0 left join tbl_role r2_0 on r2_0.id=r1_0.role_id where r1_0.user_id=?
2026-05-13T07:28:57.624+07:00  INFO 24684 --- [authentication-service] [nio-8081-exec-2] vn.agent.service.impl.JwtServiceImpl     : ---------- generateToken ----------
2026-05-13T07:28:57.634+07:00  INFO 24684 --- [authentication-service] [nio-8081-exec-2] vn.agent.service.impl.JwtServiceImpl     : ---------- getKey ----------
2026-05-13T07:28:57.650+07:00  INFO 24684 --- [authentication-service] [nio-8081-exec-2] vn.agent.service.impl.JwtServiceImpl     : ---------- generateRefreshToken ----------
2026-05-13T07:28:57.652+07:00  INFO 24684 --- [authentication-service] [nio-8081-exec-2] vn.agent.service.impl.JwtServiceImpl     : ---------- getKey ----------
2026-05-13T07:28:57.862+07:00 DEBUG 24684 --- [authentication-service] [nio-8081-exec-4] org.hibernate.SQL                        : select uhr1_0.id,uhr1_0.role_id,uhr1_0.user_id from tbl_user_has_role uhr1_0 where uhr1_0.user_id=?
Hibernate: select uhr1_0.id,uhr1_0.role_id,uhr1_0.user_id from tbl_user_has_role uhr1_0 where uhr1_0.user_id=?
2026-05-13T07:28:57.870+07:00 DEBUG 24684 --- [authentication-service] [nio-8081-exec-4] org.hibernate.SQL                        : select r1_0.id,r1_0.name from tbl_role r1_0 where r1_0.id=?
Hibernate: select r1_0.id,r1_0.name from tbl_role r1_0 where r1_0.id=?
2026-05-13T07:28:57.872+07:00 DEBUG 24684 --- [authentication-service] [nio-8081-exec-4] org.hibernate.SQL                        : select u1_0.id,u1_0.avatar_url,u1_0.date_of_birth,u1_0.email,u1_0.first_name,u1_0.gender,u1_0.is_two_factor_enabled,u1_0.last_name,u1_0.password,u1_0.phone,u1_0.require_password_change,u1_0.secret,u1_0.status,u1_0.type,u1_0.username from tbl_user u1_0 where u1_0.id=?
Hibernate: select u1_0.id,u1_0.avatar_url,u1_0.date_of_birth,u1_0.email,u1_0.first_name,u1_0.gender,u1_0.is_two_factor_enabled,u1_0.last_name,u1_0.password,u1_0.phone,u1_0.require_password_change,u1_0.secret,u1_0.status,u1_0.type,u1_0.username from tbl_user u1_0 where u1_0.id=?
2026-05-13T07:28:57.874+07:00 DEBUG 24684 --- [authentication-service] [nio-8081-exec-4] org.hibernate.SQL                        : select r1_0.id,r1_0.name from tbl_role r1_0 where r1_0.id=?
Hibernate: select r1_0.id,r1_0.name from tbl_role r1_0 where r1_0.id=?
2026-05-13T07:28:57.876+07:00 DEBUG 24684 --- [authentication-service] [nio-8081-exec-4] org.hibernate.SQL                        : select r1_0.id,r1_0.name from tbl_role r1_0 where r1_0.id=?
Hibernate: select r1_0.id,r1_0.name from tbl_role r1_0 where r1_0.id=?
2026-05-13T07:28:57.884+07:00 DEBUG 24684 --- [authentication-service] [nio-8081-exec-4] org.hibernate.SQL                        : select rhp1_0.id,rhp1_0.permission_id,rhp1_0.role_id from tbl_role_has_permission rhp1_0 where rhp1_0.role_id in (?,?,?)
Hibernate: select rhp1_0.id,rhp1_0.permission_id,rhp1_0.role_id from tbl_role_has_permission rhp1_0 where rhp1_0.role_id in (?,?,?)
2026-05-13T07:28:57.887+07:00 DEBUG 24684 --- [authentication-service] [nio-8081-exec-4] org.hibernate.SQL                        : select p1_0.id,p1_0.api_method,p1_0.api_path,p1_0.description,p1_0.menu_key,p1_0.name,p1_0.type from tbl_permission p1_0 where p1_0.id=?
Hibernate: select p1_0.id,p1_0.api_method,p1_0.api_path,p1_0.description,p1_0.menu_key,p1_0.name,p1_0.type from tbl_permission p1_0 where p1_0.id=?
2026-05-13T07:28:57.891+07:00 DEBUG 24684 --- [authentication-service] [nio-8081-exec-4] org.hibernate.SQL                        : select p1_0.id,p1_0.api_method,p1_0.api_path,p1_0.description,p1_0.menu_key,p1_0.name,p1_0.type from tbl_permission p1_0 where p1_0.id=?
Hibernate: select p1_0.id,p1_0.api_method,p1_0.api_path,p1_0.description,p1_0.menu_key,p1_0.name,p1_0.type from tbl_permission p1_0 where p1_0.id=?
2026-05-13T07:28:57.894+07:00 DEBUG 24684 --- [authentication-service] [nio-8081-exec-4] org.hibernate.SQL                        : select p1_0.id,p1_0.api_method,p1_0.api_path,p1_0.description,p1_0.menu_key,p1_0.name,p1_0.type from tbl_permission p1_0 where p1_0.id=?
Hibernate: select p1_0.id,p1_0.api_method,p1_0.api_path,p1_0.description,p1_0.menu_key,p1_0.name,p1_0.type from tbl_permission p1_0 where p1_0.id=?
2026-05-13T07:28:57.897+07:00 DEBUG 24684 --- [authentication-service] [nio-8081-exec-4] org.hibernate.SQL                        : select p1_0.id,p1_0.api_method,p1_0.api_path,p1_0.description,p1_0.menu_key,p1_0.name,p1_0.type from tbl_permission p1_0 where p1_0.id=?
Hibernate: select p1_0.id,p1_0.api_method,p1_0.api_path,p1_0.description,p1_0.menu_key,p1_0.name,p1_0.type from tbl_permission p1_0 where p1_0.id=?
2026-05-13T07:28:57.902+07:00 DEBUG 24684 --- [authentication-service] [nio-8081-exec-4] org.hibernate.SQL                        : select p1_0.id,p1_0.api_method,p1_0.api_path,p1_0.description,p1_0.menu_key,p1_0.name,p1_0.type from tbl_permission p1_0 where p1_0.id=?
Hibernate: select p1_0.id,p1_0.api_method,p1_0.api_path,p1_0.description,p1_0.menu_key,p1_0.name,p1_0.type from tbl_permission p1_0 where p1_0.id=?
2026-05-13T07:28:57.904+07:00 DEBUG 24684 --- [authentication-service] [nio-8081-exec-4] org.hibernate.SQL                        : select p1_0.id,p1_0.api_method,p1_0.api_path,p1_0.description,p1_0.menu_key,p1_0.name,p1_0.type from tbl_permission p1_0 where p1_0.id=?
Hibernate: select p1_0.id,p1_0.api_method,p1_0.api_path,p1_0.description,p1_0.menu_key,p1_0.name,p1_0.type from tbl_permission p1_0 where p1_0.id=?
2026-05-13T07:28:57.906+07:00 DEBUG 24684 --- [authentication-service] [nio-8081-exec-4] org.hibernate.SQL                        : select p1_0.id,p1_0.api_method,p1_0.api_path,p1_0.description,p1_0.menu_key,p1_0.name,p1_0.type from tbl_permission p1_0 where p1_0.id=?
Hibernate: select p1_0.id,p1_0.api_method,p1_0.api_path,p1_0.description,p1_0.menu_key,p1_0.name,p1_0.type from tbl_permission p1_0 where p1_0.id=?
2026-05-13T07:28:57.908+07:00 DEBUG 24684 --- [authentication-service] [nio-8081-exec-4] org.hibernate.SQL                        : select p1_0.id,p1_0.api_method,p1_0.api_path,p1_0.description,p1_0.menu_key,p1_0.name,p1_0.type from tbl_permission p1_0 where p1_0.id=?
Hibernate: select p1_0.id,p1_0.api_method,p1_0.api_path,p1_0.description,p1_0.menu_key,p1_0.name,p1_0.type from tbl_permission p1_0 where p1_0.id=?
2026-05-13T07:28:57.910+07:00 DEBUG 24684 --- [authentication-service] [nio-8081-exec-4] org.hibernate.SQL                        : select p1_0.id,p1_0.api_method,p1_0.api_path,p1_0.description,p1_0.menu_key,p1_0.name,p1_0.type from tbl_permission p1_0 where p1_0.id=?
Hibernate: select p1_0.id,p1_0.api_method,p1_0.api_path,p1_0.description,p1_0.menu_key,p1_0.name,p1_0.type from tbl_permission p1_0 where p1_0.id=?
2026-05-13T07:28:57.912+07:00 DEBUG 24684 --- [authentication-service] [nio-8081-exec-4] org.hibernate.SQL                        : select p1_0.id,p1_0.api_method,p1_0.api_path,p1_0.description,p1_0.menu_key,p1_0.name,p1_0.type from tbl_permission p1_0 where p1_0.id=?
Hibernate: select p1_0.id,p1_0.api_method,p1_0.api_path,p1_0.description,p1_0.menu_key,p1_0.name,p1_0.type from tbl_permission p1_0 where p1_0.id=?
2026-05-13T07:28:57.914+07:00 DEBUG 24684 --- [authentication-service] [nio-8081-exec-4] org.hibernate.SQL                        : select p1_0.id,p1_0.api_method,p1_0.api_path,p1_0.description,p1_0.menu_key,p1_0.name,p1_0.type from tbl_permission p1_0 where p1_0.id=?
Hibernate: select p1_0.id,p1_0.api_method,p1_0.api_path,p1_0.description,p1_0.menu_key,p1_0.name,p1_0.type from tbl_permission p1_0 where p1_0.id=?
2026-05-13T07:28:57.917+07:00 DEBUG 24684 --- [authentication-service] [nio-8081-exec-4] org.hibernate.SQL                        : select p1_0.id,p1_0.api_method,p1_0.api_path,p1_0.description,p1_0.menu_key,p1_0.name,p1_0.type from tbl_permission p1_0 where p1_0.id=?
Hibernate: select p1_0.id,p1_0.api_method,p1_0.api_path,p1_0.description,p1_0.menu_key,p1_0.name,p1_0.type from tbl_permission p1_0 where p1_0.id=?
2026-05-13T07:28:57.918+07:00 DEBUG 24684 --- [authentication-service] [nio-8081-exec-4] org.hibernate.SQL                        : select p1_0.id,p1_0.api_method,p1_0.api_path,p1_0.description,p1_0.menu_key,p1_0.name,p1_0.type from tbl_permission p1_0 where p1_0.id=?
Hibernate: select p1_0.id,p1_0.api_method,p1_0.api_path,p1_0.description,p1_0.menu_key,p1_0.name,p1_0.type from tbl_permission p1_0 where p1_0.id=?
2026-05-13T07:28:57.920+07:00 DEBUG 24684 --- [authentication-service] [nio-8081-exec-4] org.hibernate.SQL                        : select p1_0.id,p1_0.api_method,p1_0.api_path,p1_0.description,p1_0.menu_key,p1_0.name,p1_0.type from tbl_permission p1_0 where p1_0.id=?
Hibernate: select p1_0.id,p1_0.api_method,p1_0.api_path,p1_0.description,p1_0.menu_key,p1_0.name,p1_0.type from tbl_permission p1_0 where p1_0.id=?
2026-05-13T07:28:57.921+07:00 DEBUG 24684 --- [authentication-service] [nio-8081-exec-4] org.hibernate.SQL                        : select p1_0.id,p1_0.api_method,p1_0.api_path,p1_0.description,p1_0.menu_key,p1_0.name,p1_0.type from tbl_permission p1_0 where p1_0.id=?
Hibernate: select p1_0.id,p1_0.api_method,p1_0.api_path,p1_0.description,p1_0.menu_key,p1_0.name,p1_0.type from tbl_permission p1_0 where p1_0.id=?
2026-05-13T07:28:57.923+07:00 DEBUG 24684 --- [authentication-service] [nio-8081-exec-4] org.hibernate.SQL                        : select p1_0.id,p1_0.api_method,p1_0.api_path,p1_0.description,p1_0.menu_key,p1_0.name,p1_0.type from tbl_permission p1_0 where p1_0.id=?
Hibernate: select p1_0.id,p1_0.api_method,p1_0.api_path,p1_0.description,p1_0.menu_key,p1_0.name,p1_0.type from tbl_permission p1_0 where p1_0.id=?
2026-05-13T07:28:57.924+07:00 DEBUG 24684 --- [authentication-service] [nio-8081-exec-4] org.hibernate.SQL                        : select p1_0.id,p1_0.api_method,p1_0.api_path,p1_0.description,p1_0.menu_key,p1_0.name,p1_0.type from tbl_permission p1_0 where p1_0.id=?
Hibernate: select p1_0.id,p1_0.api_method,p1_0.api_path,p1_0.description,p1_0.menu_key,p1_0.name,p1_0.type from tbl_permission p1_0 where p1_0.id=?
2026-05-13T07:28:57.926+07:00 DEBUG 24684 --- [authentication-service] [nio-8081-exec-4] org.hibernate.SQL                        : select p1_0.id,p1_0.api_method,p1_0.api_path,p1_0.description,p1_0.menu_key,p1_0.name,p1_0.type from tbl_permission p1_0 where p1_0.id=?
Hibernate: select p1_0.id,p1_0.api_method,p1_0.api_path,p1_0.description,p1_0.menu_key,p1_0.name,p1_0.type from tbl_permission p1_0 where p1_0.id=?
2026-05-13T07:28:58.227+07:00 DEBUG 24684 --- [authentication-service] [nio-8081-exec-5] org.hibernate.SQL                        : select uhr1_0.id,uhr1_0.role_id,uhr1_0.user_id from tbl_user_has_role uhr1_0 where uhr1_0.user_id=?
Hibernate: select uhr1_0.id,uhr1_0.role_id,uhr1_0.user_id from tbl_user_has_role uhr1_0 where uhr1_0.user_id=?
2026-05-13T07:28:58.229+07:00 DEBUG 24684 --- [authentication-service] [nio-8081-exec-5] org.hibernate.SQL                        : select r1_0.id,r1_0.name from tbl_role r1_0 where r1_0.id=?
Hibernate: select r1_0.id,r1_0.name from tbl_role r1_0 where r1_0.id=?
2026-05-13T07:28:58.231+07:00 DEBUG 24684 --- [authentication-service] [nio-8081-exec-5] org.hibernate.SQL                        : select u1_0.id,u1_0.avatar_url,u1_0.date_of_birth,u1_0.email,u1_0.first_name,u1_0.gender,u1_0.is_two_factor_enabled,u1_0.last_name,u1_0.password,u1_0.phone,u1_0.require_password_change,u1_0.secret,u1_0.status,u1_0.type,u1_0.username from tbl_user u1_0 where u1_0.id=?
Hibernate: select u1_0.id,u1_0.avatar_url,u1_0.date_of_birth,u1_0.email,u1_0.first_name,u1_0.gender,u1_0.is_two_factor_enabled,u1_0.last_name,u1_0.password,u1_0.phone,u1_0.require_password_change,u1_0.secret,u1_0.status,u1_0.type,u1_0.username from tbl_user u1_0 where u1_0.id=?
2026-05-13T07:28:58.233+07:00 DEBUG 24684 --- [authentication-service] [nio-8081-exec-5] org.hibernate.SQL                        : select r1_0.id,r1_0.name from tbl_role r1_0 where r1_0.id=?
Hibernate: select r1_0.id,r1_0.name from tbl_role r1_0 where r1_0.id=?
2026-05-13T07:28:58.235+07:00 DEBUG 24684 --- [authentication-service] [nio-8081-exec-5] org.hibernate.SQL                        : select r1_0.id,r1_0.name from tbl_role r1_0 where r1_0.id=?
Hibernate: select r1_0.id,r1_0.name from tbl_role r1_0 where r1_0.id=?
2026-05-13T07:28:58.237+07:00 DEBUG 24684 --- [authentication-service] [nio-8081-exec-5] org.hibernate.SQL                        : select rhp1_0.id,rhp1_0.permission_id,rhp1_0.role_id from tbl_role_has_permission rhp1_0 where rhp1_0.role_id in (?,?,?)
Hibernate: select rhp1_0.id,rhp1_0.permission_id,rhp1_0.role_id from tbl_role_has_permission rhp1_0 where rhp1_0.role_id in (?,?,?)
2026-05-13T07:28:58.239+07:00 DEBUG 24684 --- [authentication-service] [nio-8081-exec-5] org.hibernate.SQL                        : select p1_0.id,p1_0.api_method,p1_0.api_path,p1_0.description,p1_0.menu_key,p1_0.name,p1_0.type from tbl_permission p1_0 where p1_0.id=?
Hibernate: select p1_0.id,p1_0.api_method,p1_0.api_path,p1_0.description,p1_0.menu_key,p1_0.name,p1_0.type from tbl_permission p1_0 where p1_0.id=?
2026-05-13T07:28:58.240+07:00 DEBUG 24684 --- [authentication-service] [nio-8081-exec-5] org.hibernate.SQL                        : select p1_0.id,p1_0.api_method,p1_0.api_path,p1_0.description,p1_0.menu_key,p1_0.name,p1_0.type from tbl_permission p1_0 where p1_0.id=?
Hibernate: select p1_0.id,p1_0.api_method,p1_0.api_path,p1_0.description,p1_0.menu_key,p1_0.name,p1_0.type from tbl_permission p1_0 where p1_0.id=?
2026-05-13T07:28:58.242+07:00 DEBUG 24684 --- [authentication-service] [nio-8081-exec-5] org.hibernate.SQL                        : select p1_0.id,p1_0.api_method,p1_0.api_path,p1_0.description,p1_0.menu_key,p1_0.name,p1_0.type from tbl_permission p1_0 where p1_0.id=?
Hibernate: select p1_0.id,p1_0.api_method,p1_0.api_path,p1_0.description,p1_0.menu_key,p1_0.name,p1_0.type from tbl_permission p1_0 where p1_0.id=?
2026-05-13T07:28:58.243+07:00 DEBUG 24684 --- [authentication-service] [nio-8081-exec-5] org.hibernate.SQL                        : select p1_0.id,p1_0.api_method,p1_0.api_path,p1_0.description,p1_0.menu_key,p1_0.name,p1_0.type from tbl_permission p1_0 where p1_0.id=?
Hibernate: select p1_0.id,p1_0.api_method,p1_0.api_path,p1_0.description,p1_0.menu_key,p1_0.name,p1_0.type from tbl_permission p1_0 where p1_0.id=?
2026-05-13T07:28:58.245+07:00 DEBUG 24684 --- [authentication-service] [nio-8081-exec-5] org.hibernate.SQL                        : select p1_0.id,p1_0.api_method,p1_0.api_path,p1_0.description,p1_0.menu_key,p1_0.name,p1_0.type from tbl_permission p1_0 where p1_0.id=?
Hibernate: select p1_0.id,p1_0.api_method,p1_0.api_path,p1_0.description,p1_0.menu_key,p1_0.name,p1_0.type from tbl_permission p1_0 where p1_0.id=?
2026-05-13T07:28:58.246+07:00 DEBUG 24684 --- [authentication-service] [nio-8081-exec-5] org.hibernate.SQL                        : select p1_0.id,p1_0.api_method,p1_0.api_path,p1_0.description,p1_0.menu_key,p1_0.name,p1_0.type from tbl_permission p1_0 where p1_0.id=?
Hibernate: select p1_0.id,p1_0.api_method,p1_0.api_path,p1_0.description,p1_0.menu_key,p1_0.name,p1_0.type from tbl_permission p1_0 where p1_0.id=?
2026-05-13T07:28:58.247+07:00 DEBUG 24684 --- [authentication-service] [nio-8081-exec-5] org.hibernate.SQL                        : select p1_0.id,p1_0.api_method,p1_0.api_path,p1_0.description,p1_0.menu_key,p1_0.name,p1_0.type from tbl_permission p1_0 where p1_0.id=?
Hibernate: select p1_0.id,p1_0.api_method,p1_0.api_path,p1_0.description,p1_0.menu_key,p1_0.name,p1_0.type from tbl_permission p1_0 where p1_0.id=?
2026-05-13T07:28:58.248+07:00 DEBUG 24684 --- [authentication-service] [nio-8081-exec-5] org.hibernate.SQL                        : select p1_0.id,p1_0.api_method,p1_0.api_path,p1_0.description,p1_0.menu_key,p1_0.name,p1_0.type from tbl_permission p1_0 where p1_0.id=?
Hibernate: select p1_0.id,p1_0.api_method,p1_0.api_path,p1_0.description,p1_0.menu_key,p1_0.name,p1_0.type from tbl_permission p1_0 where p1_0.id=?
2026-05-13T07:28:58.249+07:00 DEBUG 24684 --- [authentication-service] [nio-8081-exec-5] org.hibernate.SQL                        : select p1_0.id,p1_0.api_method,p1_0.api_path,p1_0.description,p1_0.menu_key,p1_0.name,p1_0.type from tbl_permission p1_0 where p1_0.id=?
Hibernate: select p1_0.id,p1_0.api_method,p1_0.api_path,p1_0.description,p1_0.menu_key,p1_0.name,p1_0.type from tbl_permission p1_0 where p1_0.id=?
2026-05-13T07:28:58.251+07:00 DEBUG 24684 --- [authentication-service] [nio-8081-exec-5] org.hibernate.SQL                        : select p1_0.id,p1_0.api_method,p1_0.api_path,p1_0.description,p1_0.menu_key,p1_0.name,p1_0.type from tbl_permission p1_0 where p1_0.id=?
Hibernate: select p1_0.id,p1_0.api_method,p1_0.api_path,p1_0.description,p1_0.menu_key,p1_0.name,p1_0.type from tbl_permission p1_0 where p1_0.id=?
2026-05-13T07:28:58.252+07:00 DEBUG 24684 --- [authentication-service] [nio-8081-exec-5] org.hibernate.SQL                        : select p1_0.id,p1_0.api_method,p1_0.api_path,p1_0.description,p1_0.menu_key,p1_0.name,p1_0.type from tbl_permission p1_0 where p1_0.id=?
Hibernate: select p1_0.id,p1_0.api_method,p1_0.api_path,p1_0.description,p1_0.menu_key,p1_0.name,p1_0.type from tbl_permission p1_0 where p1_0.id=?
2026-05-13T07:28:58.253+07:00 DEBUG 24684 --- [authentication-service] [nio-8081-exec-5] org.hibernate.SQL                        : select p1_0.id,p1_0.api_method,p1_0.api_path,p1_0.description,p1_0.menu_key,p1_0.name,p1_0.type from tbl_permission p1_0 where p1_0.id=?
Hibernate: select p1_0.id,p1_0.api_method,p1_0.api_path,p1_0.description,p1_0.menu_key,p1_0.name,p1_0.type from tbl_permission p1_0 where p1_0.id=?
2026-05-13T07:28:58.255+07:00 DEBUG 24684 --- [authentication-service] [nio-8081-exec-5] org.hibernate.SQL                        : select p1_0.id,p1_0.api_method,p1_0.api_path,p1_0.description,p1_0.menu_key,p1_0.name,p1_0.type from tbl_permission p1_0 where p1_0.id=?
Hibernate: select p1_0.id,p1_0.api_method,p1_0.api_path,p1_0.description,p1_0.menu_key,p1_0.name,p1_0.type from tbl_permission p1_0 where p1_0.id=?
2026-05-13T07:28:58.256+07:00 DEBUG 24684 --- [authentication-service] [nio-8081-exec-5] org.hibernate.SQL                        : select p1_0.id,p1_0.api_method,p1_0.api_path,p1_0.description,p1_0.menu_key,p1_0.name,p1_0.type from tbl_permission p1_0 where p1_0.id=?
Hibernate: select p1_0.id,p1_0.api_method,p1_0.api_path,p1_0.description,p1_0.menu_key,p1_0.name,p1_0.type from tbl_permission p1_0 where p1_0.id=?
2026-05-13T07:28:58.257+07:00 DEBUG 24684 --- [authentication-service] [nio-8081-exec-5] org.hibernate.SQL                        : select p1_0.id,p1_0.api_method,p1_0.api_path,p1_0.description,p1_0.menu_key,p1_0.name,p1_0.type from tbl_permission p1_0 where p1_0.id=?
Hibernate: select p1_0.id,p1_0.api_method,p1_0.api_path,p1_0.description,p1_0.menu_key,p1_0.name,p1_0.type from tbl_permission p1_0 where p1_0.id=?
2026-05-13T07:28:58.259+07:00 DEBUG 24684 --- [authentication-service] [nio-8081-exec-5] org.hibernate.SQL                        : select p1_0.id,p1_0.api_method,p1_0.api_path,p1_0.description,p1_0.menu_key,p1_0.name,p1_0.type from tbl_permission p1_0 where p1_0.id=?
Hibernate: select p1_0.id,p1_0.api_method,p1_0.api_path,p1_0.description,p1_0.menu_key,p1_0.name,p1_0.type from tbl_permission p1_0 where p1_0.id=?
2026-05-13T07:28:58.260+07:00 DEBUG 24684 --- [authentication-service] [nio-8081-exec-5] org.hibernate.SQL                        : select p1_0.id,p1_0.api_method,p1_0.api_path,p1_0.description,p1_0.menu_key,p1_0.name,p1_0.type from tbl_permission p1_0 where p1_0.id=?
Hibernate: select p1_0.id,p1_0.api_method,p1_0.api_path,p1_0.description,p1_0.menu_key,p1_0.name,p1_0.type from tbl_permission p1_0 where p1_0.id=?
2026-05-13T07:28:58.261+07:00 DEBUG 24684 --- [authentication-service] [nio-8081-exec-5] org.hibernate.SQL                        : select p1_0.id,p1_0.api_method,p1_0.api_path,p1_0.description,p1_0.menu_key,p1_0.name,p1_0.type from tbl_permission p1_0 where p1_0.id=?
Hibernate: select p1_0.id,p1_0.api_method,p1_0.api_path,p1_0.description,p1_0.menu_key,p1_0.name,p1_0.type from tbl_permission p1_0 where p1_0.id=?
2026-05-13T07:28:58.480+07:00 DEBUG 24684 --- [authentication-service] [nio-8081-exec-3] org.hibernate.SQL                        : select uhr1_0.id,uhr1_0.role_id,uhr1_0.user_id from tbl_user_has_role uhr1_0 where uhr1_0.user_id=?
Hibernate: select uhr1_0.id,uhr1_0.role_id,uhr1_0.user_id from tbl_user_has_role uhr1_0 where uhr1_0.user_id=?
2026-05-13T07:28:58.483+07:00 DEBUG 24684 --- [authentication-service] [nio-8081-exec-3] org.hibernate.SQL                        : select r1_0.id,r1_0.name from tbl_role r1_0 where r1_0.id=?
Hibernate: select r1_0.id,r1_0.name from tbl_role r1_0 where r1_0.id=?
2026-05-13T07:28:58.485+07:00 DEBUG 24684 --- [authentication-service] [nio-8081-exec-3] org.hibernate.SQL                        : select u1_0.id,u1_0.avatar_url,u1_0.date_of_birth,u1_0.email,u1_0.first_name,u1_0.gender,u1_0.is_two_factor_enabled,u1_0.last_name,u1_0.password,u1_0.phone,u1_0.require_password_change,u1_0.secret,u1_0.status,u1_0.type,u1_0.username from tbl_user u1_0 where u1_0.id=?
Hibernate: select u1_0.id,u1_0.avatar_url,u1_0.date_of_birth,u1_0.email,u1_0.first_name,u1_0.gender,u1_0.is_two_factor_enabled,u1_0.last_name,u1_0.password,u1_0.phone,u1_0.require_password_change,u1_0.secret,u1_0.status,u1_0.type,u1_0.username from tbl_user u1_0 where u1_0.id=?
2026-05-13T07:28:58.487+07:00 DEBUG 24684 --- [authentication-service] [nio-8081-exec-3] org.hibernate.SQL                        : select r1_0.id,r1_0.name from tbl_role r1_0 where r1_0.id=?
Hibernate: select r1_0.id,r1_0.name from tbl_role r1_0 where r1_0.id=?
2026-05-13T07:28:58.489+07:00 DEBUG 24684 --- [authentication-service] [nio-8081-exec-3] org.hibernate.SQL                        : select r1_0.id,r1_0.name from tbl_role r1_0 where r1_0.id=?
Hibernate: select r1_0.id,r1_0.name from tbl_role r1_0 where r1_0.id=?
2026-05-13T07:28:58.491+07:00 DEBUG 24684 --- [authentication-service] [nio-8081-exec-3] org.hibernate.SQL                        : select rhp1_0.id,rhp1_0.permission_id,rhp1_0.role_id from tbl_role_has_permission rhp1_0 where rhp1_0.role_id in (?,?,?)
Hibernate: select rhp1_0.id,rhp1_0.permission_id,rhp1_0.role_id from tbl_role_has_permission rhp1_0 where rhp1_0.role_id in (?,?,?)
2026-05-13T07:28:58.493+07:00 DEBUG 24684 --- [authentication-service] [nio-8081-exec-3] org.hibernate.SQL                        : select p1_0.id,p1_0.api_method,p1_0.api_path,p1_0.description,p1_0.menu_key,p1_0.name,p1_0.type from tbl_permission p1_0 where p1_0.id=?
Hibernate: select p1_0.id,p1_0.api_method,p1_0.api_path,p1_0.description,p1_0.menu_key,p1_0.name,p1_0.type from tbl_permission p1_0 where p1_0.id=?
2026-05-13T07:28:58.494+07:00 DEBUG 24684 --- [authentication-service] [nio-8081-exec-3] org.hibernate.SQL                        : select p1_0.id,p1_0.api_method,p1_0.api_path,p1_0.description,p1_0.menu_key,p1_0.name,p1_0.type from tbl_permission p1_0 where p1_0.id=?
Hibernate: select p1_0.id,p1_0.api_method,p1_0.api_path,p1_0.description,p1_0.menu_key,p1_0.name,p1_0.type from tbl_permission p1_0 where p1_0.id=?
2026-05-13T07:28:58.495+07:00 DEBUG 24684 --- [authentication-service] [nio-8081-exec-3] org.hibernate.SQL                        : select p1_0.id,p1_0.api_method,p1_0.api_path,p1_0.description,p1_0.menu_key,p1_0.name,p1_0.type from tbl_permission p1_0 where p1_0.id=?
Hibernate: select p1_0.id,p1_0.api_method,p1_0.api_path,p1_0.description,p1_0.menu_key,p1_0.name,p1_0.type from tbl_permission p1_0 where p1_0.id=?
2026-05-13T07:28:58.497+07:00 DEBUG 24684 --- [authentication-service] [nio-8081-exec-3] org.hibernate.SQL                        : select p1_0.id,p1_0.api_method,p1_0.api_path,p1_0.description,p1_0.menu_key,p1_0.name,p1_0.type from tbl_permission p1_0 where p1_0.id=?
Hibernate: select p1_0.id,p1_0.api_method,p1_0.api_path,p1_0.description,p1_0.menu_key,p1_0.name,p1_0.type from tbl_permission p1_0 where p1_0.id=?
2026-05-13T07:28:58.498+07:00 DEBUG 24684 --- [authentication-service] [nio-8081-exec-3] org.hibernate.SQL                        : select p1_0.id,p1_0.api_method,p1_0.api_path,p1_0.description,p1_0.menu_key,p1_0.name,p1_0.type from tbl_permission p1_0 where p1_0.id=?
Hibernate: select p1_0.id,p1_0.api_method,p1_0.api_path,p1_0.description,p1_0.menu_key,p1_0.name,p1_0.type from tbl_permission p1_0 where p1_0.id=?
2026-05-13T07:28:58.500+07:00 DEBUG 24684 --- [authentication-service] [nio-8081-exec-3] org.hibernate.SQL                        : select p1_0.id,p1_0.api_method,p1_0.api_path,p1_0.description,p1_0.menu_key,p1_0.name,p1_0.type from tbl_permission p1_0 where p1_0.id=?
Hibernate: select p1_0.id,p1_0.api_method,p1_0.api_path,p1_0.description,p1_0.menu_key,p1_0.name,p1_0.type from tbl_permission p1_0 where p1_0.id=?
2026-05-13T07:28:58.501+07:00 DEBUG 24684 --- [authentication-service] [nio-8081-exec-3] org.hibernate.SQL                        : select p1_0.id,p1_0.api_method,p1_0.api_path,p1_0.description,p1_0.menu_key,p1_0.name,p1_0.type from tbl_permission p1_0 where p1_0.id=?
Hibernate: select p1_0.id,p1_0.api_method,p1_0.api_path,p1_0.description,p1_0.menu_key,p1_0.name,p1_0.type from tbl_permission p1_0 where p1_0.id=?
2026-05-13T07:28:58.502+07:00 DEBUG 24684 --- [authentication-service] [nio-8081-exec-3] org.hibernate.SQL                        : select p1_0.id,p1_0.api_method,p1_0.api_path,p1_0.description,p1_0.menu_key,p1_0.name,p1_0.type from tbl_permission p1_0 where p1_0.id=?
Hibernate: select p1_0.id,p1_0.api_method,p1_0.api_path,p1_0.description,p1_0.menu_key,p1_0.name,p1_0.type from tbl_permission p1_0 where p1_0.id=?
2026-05-13T07:28:58.503+07:00 DEBUG 24684 --- [authentication-service] [nio-8081-exec-3] org.hibernate.SQL                        : select p1_0.id,p1_0.api_method,p1_0.api_path,p1_0.description,p1_0.menu_key,p1_0.name,p1_0.type from tbl_permission p1_0 where p1_0.id=?
Hibernate: select p1_0.id,p1_0.api_method,p1_0.api_path,p1_0.description,p1_0.menu_key,p1_0.name,p1_0.type from tbl_permission p1_0 where p1_0.id=?
2026-05-13T07:28:58.504+07:00 DEBUG 24684 --- [authentication-service] [nio-8081-exec-3] org.hibernate.SQL                        : select p1_0.id,p1_0.api_method,p1_0.api_path,p1_0.description,p1_0.menu_key,p1_0.name,p1_0.type from tbl_permission p1_0 where p1_0.id=?
Hibernate: select p1_0.id,p1_0.api_method,p1_0.api_path,p1_0.description,p1_0.menu_key,p1_0.name,p1_0.type from tbl_permission p1_0 where p1_0.id=?
2026-05-13T07:28:58.506+07:00 DEBUG 24684 --- [authentication-service] [nio-8081-exec-3] org.hibernate.SQL                        : select p1_0.id,p1_0.api_method,p1_0.api_path,p1_0.description,p1_0.menu_key,p1_0.name,p1_0.type from tbl_permission p1_0 where p1_0.id=?
Hibernate: select p1_0.id,p1_0.api_method,p1_0.api_path,p1_0.description,p1_0.menu_key,p1_0.name,p1_0.type from tbl_permission p1_0 where p1_0.id=?
2026-05-13T07:28:58.507+07:00 DEBUG 24684 --- [authentication-service] [nio-8081-exec-3] org.hibernate.SQL                        : select p1_0.id,p1_0.api_method,p1_0.api_path,p1_0.description,p1_0.menu_key,p1_0.name,p1_0.type from tbl_permission p1_0 where p1_0.id=?
Hibernate: select p1_0.id,p1_0.api_method,p1_0.api_path,p1_0.description,p1_0.menu_key,p1_0.name,p1_0.type from tbl_permission p1_0 where p1_0.id=?
2026-05-13T07:28:58.508+07:00 DEBUG 24684 --- [authentication-service] [nio-8081-exec-3] org.hibernate.SQL                        : select p1_0.id,p1_0.api_method,p1_0.api_path,p1_0.description,p1_0.menu_key,p1_0.name,p1_0.type from tbl_permission p1_0 where p1_0.id=?
Hibernate: select p1_0.id,p1_0.api_method,p1_0.api_path,p1_0.description,p1_0.menu_key,p1_0.name,p1_0.type from tbl_permission p1_0 where p1_0.id=?
2026-05-13T07:28:58.510+07:00 DEBUG 24684 --- [authentication-service] [nio-8081-exec-3] org.hibernate.SQL                        : select p1_0.id,p1_0.api_method,p1_0.api_path,p1_0.description,p1_0.menu_key,p1_0.name,p1_0.type from tbl_permission p1_0 where p1_0.id=?
Hibernate: select p1_0.id,p1_0.api_method,p1_0.api_path,p1_0.description,p1_0.menu_key,p1_0.name,p1_0.type from tbl_permission p1_0 where p1_0.id=?
2026-05-13T07:28:58.511+07:00 DEBUG 24684 --- [authentication-service] [nio-8081-exec-3] org.hibernate.SQL                        : select p1_0.id,p1_0.api_method,p1_0.api_path,p1_0.description,p1_0.menu_key,p1_0.name,p1_0.type from tbl_permission p1_0 where p1_0.id=?
Hibernate: select p1_0.id,p1_0.api_method,p1_0.api_path,p1_0.description,p1_0.menu_key,p1_0.name,p1_0.type from tbl_permission p1_0 where p1_0.id=?
2026-05-13T07:28:58.512+07:00 DEBUG 24684 --- [authentication-service] [nio-8081-exec-3] org.hibernate.SQL                        : select p1_0.id,p1_0.api_method,p1_0.api_path,p1_0.description,p1_0.menu_key,p1_0.name,p1_0.type from tbl_permission p1_0 where p1_0.id=?
Hibernate: select p1_0.id,p1_0.api_method,p1_0.api_path,p1_0.description,p1_0.menu_key,p1_0.name,p1_0.type from tbl_permission p1_0 where p1_0.id=?
2026-05-13T07:28:58.515+07:00 DEBUG 24684 --- [authentication-service] [nio-8081-exec-3] org.hibernate.SQL                        : select p1_0.id,p1_0.api_method,p1_0.api_path,p1_0.description,p1_0.menu_key,p1_0.name,p1_0.type from tbl_permission p1_0 where p1_0.id=?
Hibernate: select p1_0.id,p1_0.api_method,p1_0.api_path,p1_0.description,p1_0.menu_key,p1_0.name,p1_0.type from tbl_permission p1_0 where p1_0.id=?
2026-05-13T07:28:58.517+07:00 DEBUG 24684 --- [authentication-service] [nio-8081-exec-3] org.hibernate.SQL                        : select p1_0.id,p1_0.api_method,p1_0.api_path,p1_0.description,p1_0.menu_key,p1_0.name,p1_0.type from tbl_permission p1_0 where p1_0.id=?
Hibernate: select p1_0.id,p1_0.api_method,p1_0.api_path,p1_0.description,p1_0.menu_key,p1_0.name,p1_0.type from tbl_permission p1_0 where p1_0.id=?
2026-05-13T07:28:59.085+07:00 DEBUG 24684 --- [authentication-service] [nio-8081-exec-6] org.hibernate.SQL                        : select uhr1_0.id,uhr1_0.role_id,uhr1_0.user_id from tbl_user_has_role uhr1_0 where uhr1_0.user_id=?
Hibernate: select uhr1_0.id,uhr1_0.role_id,uhr1_0.user_id from tbl_user_has_role uhr1_0 where uhr1_0.user_id=?
2026-05-13T07:28:59.087+07:00 DEBUG 24684 --- [authentication-service] [nio-8081-exec-6] org.hibernate.SQL                        : select r1_0.id,r1_0.name from tbl_role r1_0 where r1_0.id=?
Hibernate: select r1_0.id,r1_0.name from tbl_role r1_0 where r1_0.id=?
2026-05-13T07:28:59.088+07:00 DEBUG 24684 --- [authentication-service] [nio-8081-exec-6] org.hibernate.SQL                        : select u1_0.id,u1_0.avatar_url,u1_0.date_of_birth,u1_0.email,u1_0.first_name,u1_0.gender,u1_0.is_two_factor_enabled,u1_0.last_name,u1_0.password,u1_0.phone,u1_0.require_password_change,u1_0.secret,u1_0.status,u1_0.type,u1_0.username from tbl_user u1_0 where u1_0.id=?
Hibernate: select u1_0.id,u1_0.avatar_url,u1_0.date_of_birth,u1_0.email,u1_0.first_name,u1_0.gender,u1_0.is_two_factor_enabled,u1_0.last_name,u1_0.password,u1_0.phone,u1_0.require_password_change,u1_0.secret,u1_0.status,u1_0.type,u1_0.username from tbl_user u1_0 where u1_0.id=?
2026-05-13T07:28:59.089+07:00 DEBUG 24684 --- [authentication-service] [nio-8081-exec-6] org.hibernate.SQL                        : select r1_0.id,r1_0.name from tbl_role r1_0 where r1_0.id=?
Hibernate: select r1_0.id,r1_0.name from tbl_role r1_0 where r1_0.id=?
2026-05-13T07:28:59.091+07:00 DEBUG 24684 --- [authentication-service] [nio-8081-exec-6] org.hibernate.SQL                        : select r1_0.id,r1_0.name from tbl_role r1_0 where r1_0.id=?
Hibernate: select r1_0.id,r1_0.name from tbl_role r1_0 where r1_0.id=?
2026-05-13T07:28:59.093+07:00 DEBUG 24684 --- [authentication-service] [nio-8081-exec-6] org.hibernate.SQL                        : select rhp1_0.id,rhp1_0.permission_id,rhp1_0.role_id from tbl_role_has_permission rhp1_0 where rhp1_0.role_id in (?,?,?)
Hibernate: select rhp1_0.id,rhp1_0.permission_id,rhp1_0.role_id from tbl_role_has_permission rhp1_0 where rhp1_0.role_id in (?,?,?)
2026-05-13T07:28:59.095+07:00 DEBUG 24684 --- [authentication-service] [nio-8081-exec-6] org.hibernate.SQL                        : select p1_0.id,p1_0.api_method,p1_0.api_path,p1_0.description,p1_0.menu_key,p1_0.name,p1_0.type from tbl_permission p1_0 where p1_0.id=?
Hibernate: select p1_0.id,p1_0.api_method,p1_0.api_path,p1_0.description,p1_0.menu_key,p1_0.name,p1_0.type from tbl_permission p1_0 where p1_0.id=?
2026-05-13T07:28:59.096+07:00 DEBUG 24684 --- [authentication-service] [nio-8081-exec-6] org.hibernate.SQL                        : select p1_0.id,p1_0.api_method,p1_0.api_path,p1_0.description,p1_0.menu_key,p1_0.name,p1_0.type from tbl_permission p1_0 where p1_0.id=?
Hibernate: select p1_0.id,p1_0.api_method,p1_0.api_path,p1_0.description,p1_0.menu_key,p1_0.name,p1_0.type from tbl_permission p1_0 where p1_0.id=?
2026-05-13T07:28:59.098+07:00 DEBUG 24684 --- [authentication-service] [nio-8081-exec-6] org.hibernate.SQL                        : select p1_0.id,p1_0.api_method,p1_0.api_path,p1_0.description,p1_0.menu_key,p1_0.name,p1_0.type from tbl_permission p1_0 where p1_0.id=?
Hibernate: select p1_0.id,p1_0.api_method,p1_0.api_path,p1_0.description,p1_0.menu_key,p1_0.name,p1_0.type from tbl_permission p1_0 where p1_0.id=?
2026-05-13T07:28:59.099+07:00 DEBUG 24684 --- [authentication-service] [nio-8081-exec-6] org.hibernate.SQL                        : select p1_0.id,p1_0.api_method,p1_0.api_path,p1_0.description,p1_0.menu_key,p1_0.name,p1_0.type from tbl_permission p1_0 where p1_0.id=?
Hibernate: select p1_0.id,p1_0.api_method,p1_0.api_path,p1_0.description,p1_0.menu_key,p1_0.name,p1_0.type from tbl_permission p1_0 where p1_0.id=?
2026-05-13T07:28:59.101+07:00 DEBUG 24684 --- [authentication-service] [nio-8081-exec-6] org.hibernate.SQL                        : select p1_0.id,p1_0.api_method,p1_0.api_path,p1_0.description,p1_0.menu_key,p1_0.name,p1_0.type from tbl_permission p1_0 where p1_0.id=?
Hibernate: select p1_0.id,p1_0.api_method,p1_0.api_path,p1_0.description,p1_0.menu_key,p1_0.name,p1_0.type from tbl_permission p1_0 where p1_0.id=?
2026-05-13T07:28:59.102+07:00 DEBUG 24684 --- [authentication-service] [nio-8081-exec-6] org.hibernate.SQL                        : select p1_0.id,p1_0.api_method,p1_0.api_path,p1_0.description,p1_0.menu_key,p1_0.name,p1_0.type from tbl_permission p1_0 where p1_0.id=?
Hibernate: select p1_0.id,p1_0.api_method,p1_0.api_path,p1_0.description,p1_0.menu_key,p1_0.name,p1_0.type from tbl_permission p1_0 where p1_0.id=?
2026-05-13T07:28:59.103+07:00 DEBUG 24684 --- [authentication-service] [nio-8081-exec-6] org.hibernate.SQL                        : select p1_0.id,p1_0.api_method,p1_0.api_path,p1_0.description,p1_0.menu_key,p1_0.name,p1_0.type from tbl_permission p1_0 where p1_0.id=?
Hibernate: select p1_0.id,p1_0.api_method,p1_0.api_path,p1_0.description,p1_0.menu_key,p1_0.name,p1_0.type from tbl_permission p1_0 where p1_0.id=?
2026-05-13T07:28:59.104+07:00 DEBUG 24684 --- [authentication-service] [nio-8081-exec-6] org.hibernate.SQL                        : select p1_0.id,p1_0.api_method,p1_0.api_path,p1_0.description,p1_0.menu_key,p1_0.name,p1_0.type from tbl_permission p1_0 where p1_0.id=?
Hibernate: select p1_0.id,p1_0.api_method,p1_0.api_path,p1_0.description,p1_0.menu_key,p1_0.name,p1_0.type from tbl_permission p1_0 where p1_0.id=?
2026-05-13T07:28:59.106+07:00 DEBUG 24684 --- [authentication-service] [nio-8081-exec-6] org.hibernate.SQL                        : select p1_0.id,p1_0.api_method,p1_0.api_path,p1_0.description,p1_0.menu_key,p1_0.name,p1_0.type from tbl_permission p1_0 where p1_0.id=?
Hibernate: select p1_0.id,p1_0.api_method,p1_0.api_path,p1_0.description,p1_0.menu_key,p1_0.name,p1_0.type from tbl_permission p1_0 where p1_0.id=?
2026-05-13T07:28:59.107+07:00 DEBUG 24684 --- [authentication-service] [nio-8081-exec-6] org.hibernate.SQL                        : select p1_0.id,p1_0.api_method,p1_0.api_path,p1_0.description,p1_0.menu_key,p1_0.name,p1_0.type from tbl_permission p1_0 where p1_0.id=?
Hibernate: select p1_0.id,p1_0.api_method,p1_0.api_path,p1_0.description,p1_0.menu_key,p1_0.name,p1_0.type from tbl_permission p1_0 where p1_0.id=?
2026-05-13T07:28:59.108+07:00 DEBUG 24684 --- [authentication-service] [nio-8081-exec-6] org.hibernate.SQL                        : select p1_0.id,p1_0.api_method,p1_0.api_path,p1_0.description,p1_0.menu_key,p1_0.name,p1_0.type from tbl_permission p1_0 where p1_0.id=?
Hibernate: select p1_0.id,p1_0.api_method,p1_0.api_path,p1_0.description,p1_0.menu_key,p1_0.name,p1_0.type from tbl_permission p1_0 where p1_0.id=?
2026-05-13T07:28:59.109+07:00 DEBUG 24684 --- [authentication-service] [nio-8081-exec-6] org.hibernate.SQL                        : select p1_0.id,p1_0.api_method,p1_0.api_path,p1_0.description,p1_0.menu_key,p1_0.name,p1_0.type from tbl_permission p1_0 where p1_0.id=?
Hibernate: select p1_0.id,p1_0.api_method,p1_0.api_path,p1_0.description,p1_0.menu_key,p1_0.name,p1_0.type from tbl_permission p1_0 where p1_0.id=?
2026-05-13T07:28:59.111+07:00 DEBUG 24684 --- [authentication-service] [nio-8081-exec-6] org.hibernate.SQL                        : select p1_0.id,p1_0.api_method,p1_0.api_path,p1_0.description,p1_0.menu_key,p1_0.name,p1_0.type from tbl_permission p1_0 where p1_0.id=?
Hibernate: select p1_0.id,p1_0.api_method,p1_0.api_path,p1_0.description,p1_0.menu_key,p1_0.name,p1_0.type from tbl_permission p1_0 where p1_0.id=?
2026-05-13T07:28:59.112+07:00 DEBUG 24684 --- [authentication-service] [nio-8081-exec-6] org.hibernate.SQL                        : select p1_0.id,p1_0.api_method,p1_0.api_path,p1_0.description,p1_0.menu_key,p1_0.name,p1_0.type from tbl_permission p1_0 where p1_0.id=?
Hibernate: select p1_0.id,p1_0.api_method,p1_0.api_path,p1_0.description,p1_0.menu_key,p1_0.name,p1_0.type from tbl_permission p1_0 where p1_0.id=?
2026-05-13T07:28:59.113+07:00 DEBUG 24684 --- [authentication-service] [nio-8081-exec-6] org.hibernate.SQL                        : select p1_0.id,p1_0.api_method,p1_0.api_path,p1_0.description,p1_0.menu_key,p1_0.name,p1_0.type from tbl_permission p1_0 where p1_0.id=?
Hibernate: select p1_0.id,p1_0.api_method,p1_0.api_path,p1_0.description,p1_0.menu_key,p1_0.name,p1_0.type from tbl_permission p1_0 where p1_0.id=?
2026-05-13T07:28:59.115+07:00 DEBUG 24684 --- [authentication-service] [nio-8081-exec-6] org.hibernate.SQL                        : select p1_0.id,p1_0.api_method,p1_0.api_path,p1_0.description,p1_0.menu_key,p1_0.name,p1_0.type from tbl_permission p1_0 where p1_0.id=?
Hibernate: select p1_0.id,p1_0.api_method,p1_0.api_path,p1_0.description,p1_0.menu_key,p1_0.name,p1_0.type from tbl_permission p1_0 where p1_0.id=?
2026-05-13T07:28:59.116+07:00 DEBUG 24684 --- [authentication-service] [nio-8081-exec-6] org.hibernate.SQL                        : select p1_0.id,p1_0.api_method,p1_0.api_path,p1_0.description,p1_0.menu_key,p1_0.name,p1_0.type from tbl_permission p1_0 where p1_0.id=?
Hibernate: select p1_0.id,p1_0.api_method,p1_0.api_path,p1_0.description,p1_0.menu_key,p1_0.name,p1_0.type from tbl_permission p1_0 where p1_0.id=?
2026-05-13T07:28:59.118+07:00 DEBUG 24684 --- [authentication-service] [nio-8081-exec-6] org.hibernate.SQL                        : select p1_0.id,p1_0.api_method,p1_0.api_path,p1_0.description,p1_0.menu_key,p1_0.name,p1_0.type from tbl_permission p1_0 where p1_0.id=?
Hibernate: select p1_0.id,p1_0.api_method,p1_0.api_path,p1_0.description,p1_0.menu_key,p1_0.name,p1_0.type from tbl_permission p1_0 where p1_0.id=?
2026-05-13T07:28:59.319+07:00 DEBUG 24684 --- [authentication-service] [nio-8081-exec-7] org.hibernate.SQL                        : select uhr1_0.id,uhr1_0.role_id,uhr1_0.user_id from tbl_user_has_role uhr1_0 where uhr1_0.user_id=?
Hibernate: select uhr1_0.id,uhr1_0.role_id,uhr1_0.user_id from tbl_user_has_role uhr1_0 where uhr1_0.user_id=?
2026-05-13T07:28:59.322+07:00 DEBUG 24684 --- [authentication-service] [nio-8081-exec-7] org.hibernate.SQL                        : select r1_0.id,r1_0.name from tbl_role r1_0 where r1_0.id=?
Hibernate: select r1_0.id,r1_0.name from tbl_role r1_0 where r1_0.id=?
2026-05-13T07:28:59.323+07:00 DEBUG 24684 --- [authentication-service] [nio-8081-exec-7] org.hibernate.SQL                        : select u1_0.id,u1_0.avatar_url,u1_0.date_of_birth,u1_0.email,u1_0.first_name,u1_0.gender,u1_0.is_two_factor_enabled,u1_0.last_name,u1_0.password,u1_0.phone,u1_0.require_password_change,u1_0.secret,u1_0.status,u1_0.type,u1_0.username from tbl_user u1_0 where u1_0.id=?
Hibernate: select u1_0.id,u1_0.avatar_url,u1_0.date_of_birth,u1_0.email,u1_0.first_name,u1_0.gender,u1_0.is_two_factor_enabled,u1_0.last_name,u1_0.password,u1_0.phone,u1_0.require_password_change,u1_0.secret,u1_0.status,u1_0.type,u1_0.username from tbl_user u1_0 where u1_0.id=?
2026-05-13T07:28:59.325+07:00 DEBUG 24684 --- [authentication-service] [nio-8081-exec-7] org.hibernate.SQL                        : select r1_0.id,r1_0.name from tbl_role r1_0 where r1_0.id=?
Hibernate: select r1_0.id,r1_0.name from tbl_role r1_0 where r1_0.id=?
2026-05-13T07:28:59.327+07:00 DEBUG 24684 --- [authentication-service] [nio-8081-exec-7] org.hibernate.SQL                        : select r1_0.id,r1_0.name from tbl_role r1_0 where r1_0.id=?
Hibernate: select r1_0.id,r1_0.name from tbl_role r1_0 where r1_0.id=?
2026-05-13T07:28:59.329+07:00 DEBUG 24684 --- [authentication-service] [nio-8081-exec-7] org.hibernate.SQL                        : select rhp1_0.id,rhp1_0.permission_id,rhp1_0.role_id from tbl_role_has_permission rhp1_0 where rhp1_0.role_id in (?,?,?)
Hibernate: select rhp1_0.id,rhp1_0.permission_id,rhp1_0.role_id from tbl_role_has_permission rhp1_0 where rhp1_0.role_id in (?,?,?)
2026-05-13T07:28:59.332+07:00 DEBUG 24684 --- [authentication-service] [nio-8081-exec-7] org.hibernate.SQL                        : select p1_0.id,p1_0.api_method,p1_0.api_path,p1_0.description,p1_0.menu_key,p1_0.name,p1_0.type from tbl_permission p1_0 where p1_0.id=?
Hibernate: select p1_0.id,p1_0.api_method,p1_0.api_path,p1_0.description,p1_0.menu_key,p1_0.name,p1_0.type from tbl_permission p1_0 where p1_0.id=?
2026-05-13T07:28:59.333+07:00 DEBUG 24684 --- [authentication-service] [nio-8081-exec-7] org.hibernate.SQL                        : select p1_0.id,p1_0.api_method,p1_0.api_path,p1_0.description,p1_0.menu_key,p1_0.name,p1_0.type from tbl_permission p1_0 where p1_0.id=?
Hibernate: select p1_0.id,p1_0.api_method,p1_0.api_path,p1_0.description,p1_0.menu_key,p1_0.name,p1_0.type from tbl_permission p1_0 where p1_0.id=?
2026-05-13T07:28:59.334+07:00 DEBUG 24684 --- [authentication-service] [nio-8081-exec-7] org.hibernate.SQL                        : select p1_0.id,p1_0.api_method,p1_0.api_path,p1_0.description,p1_0.menu_key,p1_0.name,p1_0.type from tbl_permission p1_0 where p1_0.id=?
Hibernate: select p1_0.id,p1_0.api_method,p1_0.api_path,p1_0.description,p1_0.menu_key,p1_0.name,p1_0.type from tbl_permission p1_0 where p1_0.id=?
2026-05-13T07:28:59.335+07:00 DEBUG 24684 --- [authentication-service] [nio-8081-exec-7] org.hibernate.SQL                        : select p1_0.id,p1_0.api_method,p1_0.api_path,p1_0.description,p1_0.menu_key,p1_0.name,p1_0.type from tbl_permission p1_0 where p1_0.id=?
Hibernate: select p1_0.id,p1_0.api_method,p1_0.api_path,p1_0.description,p1_0.menu_key,p1_0.name,p1_0.type from tbl_permission p1_0 where p1_0.id=?
2026-05-13T07:28:59.336+07:00 DEBUG 24684 --- [authentication-service] [nio-8081-exec-7] org.hibernate.SQL                        : select p1_0.id,p1_0.api_method,p1_0.api_path,p1_0.description,p1_0.menu_key,p1_0.name,p1_0.type from tbl_permission p1_0 where p1_0.id=?
Hibernate: select p1_0.id,p1_0.api_method,p1_0.api_path,p1_0.description,p1_0.menu_key,p1_0.name,p1_0.type from tbl_permission p1_0 where p1_0.id=?
2026-05-13T07:28:59.338+07:00 DEBUG 24684 --- [authentication-service] [nio-8081-exec-7] org.hibernate.SQL                        : select p1_0.id,p1_0.api_method,p1_0.api_path,p1_0.description,p1_0.menu_key,p1_0.name,p1_0.type from tbl_permission p1_0 where p1_0.id=?
Hibernate: select p1_0.id,p1_0.api_method,p1_0.api_path,p1_0.description,p1_0.menu_key,p1_0.name,p1_0.type from tbl_permission p1_0 where p1_0.id=?
2026-05-13T07:28:59.339+07:00 DEBUG 24684 --- [authentication-service] [nio-8081-exec-7] org.hibernate.SQL                        : select p1_0.id,p1_0.api_method,p1_0.api_path,p1_0.description,p1_0.menu_key,p1_0.name,p1_0.type from tbl_permission p1_0 where p1_0.id=?
Hibernate: select p1_0.id,p1_0.api_method,p1_0.api_path,p1_0.description,p1_0.menu_key,p1_0.name,p1_0.type from tbl_permission p1_0 where p1_0.id=?
2026-05-13T07:28:59.340+07:00 DEBUG 24684 --- [authentication-service] [nio-8081-exec-7] org.hibernate.SQL                        : select p1_0.id,p1_0.api_method,p1_0.api_path,p1_0.description,p1_0.menu_key,p1_0.name,p1_0.type from tbl_permission p1_0 where p1_0.id=?
Hibernate: select p1_0.id,p1_0.api_method,p1_0.api_path,p1_0.description,p1_0.menu_key,p1_0.name,p1_0.type from tbl_permission p1_0 where p1_0.id=?
2026-05-13T07:28:59.341+07:00 DEBUG 24684 --- [authentication-service] [nio-8081-exec-7] org.hibernate.SQL                        : select p1_0.id,p1_0.api_method,p1_0.api_path,p1_0.description,p1_0.menu_key,p1_0.name,p1_0.type from tbl_permission p1_0 where p1_0.id=?
Hibernate: select p1_0.id,p1_0.api_method,p1_0.api_path,p1_0.description,p1_0.menu_key,p1_0.name,p1_0.type from tbl_permission p1_0 where p1_0.id=?
2026-05-13T07:28:59.342+07:00 DEBUG 24684 --- [authentication-service] [nio-8081-exec-7] org.hibernate.SQL                        : select p1_0.id,p1_0.api_method,p1_0.api_path,p1_0.description,p1_0.menu_key,p1_0.name,p1_0.type from tbl_permission p1_0 where p1_0.id=?
Hibernate: select p1_0.id,p1_0.api_method,p1_0.api_path,p1_0.description,p1_0.menu_key,p1_0.name,p1_0.type from tbl_permission p1_0 where p1_0.id=?
2026-05-13T07:28:59.343+07:00 DEBUG 24684 --- [authentication-service] [nio-8081-exec-7] org.hibernate.SQL                        : select p1_0.id,p1_0.api_method,p1_0.api_path,p1_0.description,p1_0.menu_key,p1_0.name,p1_0.type from tbl_permission p1_0 where p1_0.id=?
Hibernate: select p1_0.id,p1_0.api_method,p1_0.api_path,p1_0.description,p1_0.menu_key,p1_0.name,p1_0.type from tbl_permission p1_0 where p1_0.id=?
2026-05-13T07:28:59.344+07:00 DEBUG 24684 --- [authentication-service] [nio-8081-exec-7] org.hibernate.SQL                        : select p1_0.id,p1_0.api_method,p1_0.api_path,p1_0.description,p1_0.menu_key,p1_0.name,p1_0.type from tbl_permission p1_0 where p1_0.id=?
Hibernate: select p1_0.id,p1_0.api_method,p1_0.api_path,p1_0.description,p1_0.menu_key,p1_0.name,p1_0.type from tbl_permission p1_0 where p1_0.id=?
2026-05-13T07:28:59.345+07:00 DEBUG 24684 --- [authentication-service] [nio-8081-exec-7] org.hibernate.SQL                        : select p1_0.id,p1_0.api_method,p1_0.api_path,p1_0.description,p1_0.menu_key,p1_0.name,p1_0.type from tbl_permission p1_0 where p1_0.id=?
Hibernate: select p1_0.id,p1_0.api_method,p1_0.api_path,p1_0.description,p1_0.menu_key,p1_0.name,p1_0.type from tbl_permission p1_0 where p1_0.id=?
2026-05-13T07:28:59.347+07:00 DEBUG 24684 --- [authentication-service] [nio-8081-exec-7] org.hibernate.SQL                        : select p1_0.id,p1_0.api_method,p1_0.api_path,p1_0.description,p1_0.menu_key,p1_0.name,p1_0.type from tbl_permission p1_0 where p1_0.id=?
Hibernate: select p1_0.id,p1_0.api_method,p1_0.api_path,p1_0.description,p1_0.menu_key,p1_0.name,p1_0.type from tbl_permission p1_0 where p1_0.id=?
2026-05-13T07:28:59.349+07:00 DEBUG 24684 --- [authentication-service] [nio-8081-exec-7] org.hibernate.SQL                        : select p1_0.id,p1_0.api_method,p1_0.api_path,p1_0.description,p1_0.menu_key,p1_0.name,p1_0.type from tbl_permission p1_0 where p1_0.id=?
Hibernate: select p1_0.id,p1_0.api_method,p1_0.api_path,p1_0.description,p1_0.menu_key,p1_0.name,p1_0.type from tbl_permission p1_0 where p1_0.id=?
2026-05-13T07:28:59.350+07:00 DEBUG 24684 --- [authentication-service] [nio-8081-exec-7] org.hibernate.SQL                        : select p1_0.id,p1_0.api_method,p1_0.api_path,p1_0.description,p1_0.menu_key,p1_0.name,p1_0.type from tbl_permission p1_0 where p1_0.id=?
Hibernate: select p1_0.id,p1_0.api_method,p1_0.api_path,p1_0.description,p1_0.menu_key,p1_0.name,p1_0.type from tbl_permission p1_0 where p1_0.id=?
2026-05-13T07:28:59.351+07:00 DEBUG 24684 --- [authentication-service] [nio-8081-exec-7] org.hibernate.SQL                        : select p1_0.id,p1_0.api_method,p1_0.api_path,p1_0.description,p1_0.menu_key,p1_0.name,p1_0.type from tbl_permission p1_0 where p1_0.id=?
Hibernate: select p1_0.id,p1_0.api_method,p1_0.api_path,p1_0.description,p1_0.menu_key,p1_0.name,p1_0.type from tbl_permission p1_0 where p1_0.id=?
2026-05-13T07:28:59.352+07:00 DEBUG 24684 --- [authentication-service] [nio-8081-exec-7] org.hibernate.SQL                        : select p1_0.id,p1_0.api_method,p1_0.api_path,p1_0.description,p1_0.menu_key,p1_0.name,p1_0.type from tbl_permission p1_0 where p1_0.id=?
Hibernate: select p1_0.id,p1_0.api_method,p1_0.api_path,p1_0.description,p1_0.menu_key,p1_0.name,p1_0.type from tbl_permission p1_0 where p1_0.id=?
2026-05-13T07:28:59.583+07:00 DEBUG 24684 --- [authentication-service] [nio-8081-exec-8] org.hibernate.SQL                        : select uhr1_0.id,uhr1_0.role_id,uhr1_0.user_id from tbl_user_has_role uhr1_0 where uhr1_0.user_id=?
Hibernate: select uhr1_0.id,uhr1_0.role_id,uhr1_0.user_id from tbl_user_has_role uhr1_0 where uhr1_0.user_id=?
2026-05-13T07:28:59.585+07:00 DEBUG 24684 --- [authentication-service] [nio-8081-exec-8] org.hibernate.SQL                        : select r1_0.id,r1_0.name from tbl_role r1_0 where r1_0.id=?
Hibernate: select r1_0.id,r1_0.name from tbl_role r1_0 where r1_0.id=?
2026-05-13T07:28:59.587+07:00 DEBUG 24684 --- [authentication-service] [nio-8081-exec-8] org.hibernate.SQL                        : select u1_0.id,u1_0.avatar_url,u1_0.date_of_birth,u1_0.email,u1_0.first_name,u1_0.gender,u1_0.is_two_factor_enabled,u1_0.last_name,u1_0.password,u1_0.phone,u1_0.require_password_change,u1_0.secret,u1_0.status,u1_0.type,u1_0.username from tbl_user u1_0 where u1_0.id=?
Hibernate: select u1_0.id,u1_0.avatar_url,u1_0.date_of_birth,u1_0.email,u1_0.first_name,u1_0.gender,u1_0.is_two_factor_enabled,u1_0.last_name,u1_0.password,u1_0.phone,u1_0.require_password_change,u1_0.secret,u1_0.status,u1_0.type,u1_0.username from tbl_user u1_0 where u1_0.id=?
2026-05-13T07:28:59.589+07:00 DEBUG 24684 --- [authentication-service] [nio-8081-exec-8] org.hibernate.SQL                        : select r1_0.id,r1_0.name from tbl_role r1_0 where r1_0.id=?
Hibernate: select r1_0.id,r1_0.name from tbl_role r1_0 where r1_0.id=?
2026-05-13T07:28:59.591+07:00 DEBUG 24684 --- [authentication-service] [nio-8081-exec-8] org.hibernate.SQL                        : select r1_0.id,r1_0.name from tbl_role r1_0 where r1_0.id=?
Hibernate: select r1_0.id,r1_0.name from tbl_role r1_0 where r1_0.id=?
2026-05-13T07:28:59.593+07:00 DEBUG 24684 --- [authentication-service] [nio-8081-exec-8] org.hibernate.SQL                        : select rhp1_0.id,rhp1_0.permission_id,rhp1_0.role_id from tbl_role_has_permission rhp1_0 where rhp1_0.role_id in (?,?,?)
Hibernate: select rhp1_0.id,rhp1_0.permission_id,rhp1_0.role_id from tbl_role_has_permission rhp1_0 where rhp1_0.role_id in (?,?,?)
2026-05-13T07:28:59.595+07:00 DEBUG 24684 --- [authentication-service] [nio-8081-exec-8] org.hibernate.SQL                        : select p1_0.id,p1_0.api_method,p1_0.api_path,p1_0.description,p1_0.menu_key,p1_0.name,p1_0.type from tbl_permission p1_0 where p1_0.id=?
Hibernate: select p1_0.id,p1_0.api_method,p1_0.api_path,p1_0.description,p1_0.menu_key,p1_0.name,p1_0.type from tbl_permission p1_0 where p1_0.id=?
2026-05-13T07:28:59.597+07:00 DEBUG 24684 --- [authentication-service] [nio-8081-exec-8] org.hibernate.SQL                        : select p1_0.id,p1_0.api_method,p1_0.api_path,p1_0.description,p1_0.menu_key,p1_0.name,p1_0.type from tbl_permission p1_0 where p1_0.id=?
Hibernate: select p1_0.id,p1_0.api_method,p1_0.api_path,p1_0.description,p1_0.menu_key,p1_0.name,p1_0.type from tbl_permission p1_0 where p1_0.id=?
2026-05-13T07:28:59.599+07:00 DEBUG 24684 --- [authentication-service] [nio-8081-exec-8] org.hibernate.SQL                        : select p1_0.id,p1_0.api_method,p1_0.api_path,p1_0.description,p1_0.menu_key,p1_0.name,p1_0.type from tbl_permission p1_0 where p1_0.id=?
Hibernate: select p1_0.id,p1_0.api_method,p1_0.api_path,p1_0.description,p1_0.menu_key,p1_0.name,p1_0.type from tbl_permission p1_0 where p1_0.id=?
2026-05-13T07:28:59.601+07:00 DEBUG 24684 --- [authentication-service] [nio-8081-exec-8] org.hibernate.SQL                        : select p1_0.id,p1_0.api_method,p1_0.api_path,p1_0.description,p1_0.menu_key,p1_0.name,p1_0.type from tbl_permission p1_0 where p1_0.id=?
Hibernate: select p1_0.id,p1_0.api_method,p1_0.api_path,p1_0.description,p1_0.menu_key,p1_0.name,p1_0.type from tbl_permission p1_0 where p1_0.id=?
2026-05-13T07:28:59.602+07:00 DEBUG 24684 --- [authentication-service] [nio-8081-exec-8] org.hibernate.SQL                        : select p1_0.id,p1_0.api_method,p1_0.api_path,p1_0.description,p1_0.menu_key,p1_0.name,p1_0.type from tbl_permission p1_0 where p1_0.id=?
Hibernate: select p1_0.id,p1_0.api_method,p1_0.api_path,p1_0.description,p1_0.menu_key,p1_0.name,p1_0.type from tbl_permission p1_0 where p1_0.id=?
2026-05-13T07:28:59.604+07:00 DEBUG 24684 --- [authentication-service] [nio-8081-exec-8] org.hibernate.SQL                        : select p1_0.id,p1_0.api_method,p1_0.api_path,p1_0.description,p1_0.menu_key,p1_0.name,p1_0.type from tbl_permission p1_0 where p1_0.id=?
Hibernate: select p1_0.id,p1_0.api_method,p1_0.api_path,p1_0.description,p1_0.menu_key,p1_0.name,p1_0.type from tbl_permission p1_0 where p1_0.id=?
2026-05-13T07:28:59.605+07:00 DEBUG 24684 --- [authentication-service] [nio-8081-exec-8] org.hibernate.SQL                        : select p1_0.id,p1_0.api_method,p1_0.api_path,p1_0.description,p1_0.menu_key,p1_0.name,p1_0.type from tbl_permission p1_0 where p1_0.id=?
Hibernate: select p1_0.id,p1_0.api_method,p1_0.api_path,p1_0.description,p1_0.menu_key,p1_0.name,p1_0.type from tbl_permission p1_0 where p1_0.id=?
2026-05-13T07:28:59.607+07:00 DEBUG 24684 --- [authentication-service] [nio-8081-exec-8] org.hibernate.SQL                        : select p1_0.id,p1_0.api_method,p1_0.api_path,p1_0.description,p1_0.menu_key,p1_0.name,p1_0.type from tbl_permission p1_0 where p1_0.id=?
Hibernate: select p1_0.id,p1_0.api_method,p1_0.api_path,p1_0.description,p1_0.menu_key,p1_0.name,p1_0.type from tbl_permission p1_0 where p1_0.id=?
2026-05-13T07:28:59.608+07:00 DEBUG 24684 --- [authentication-service] [nio-8081-exec-8] org.hibernate.SQL                        : select p1_0.id,p1_0.api_method,p1_0.api_path,p1_0.description,p1_0.menu_key,p1_0.name,p1_0.type from tbl_permission p1_0 where p1_0.id=?
Hibernate: select p1_0.id,p1_0.api_method,p1_0.api_path,p1_0.description,p1_0.menu_key,p1_0.name,p1_0.type from tbl_permission p1_0 where p1_0.id=?
2026-05-13T07:28:59.610+07:00 DEBUG 24684 --- [authentication-service] [nio-8081-exec-8] org.hibernate.SQL                        : select p1_0.id,p1_0.api_method,p1_0.api_path,p1_0.description,p1_0.menu_key,p1_0.name,p1_0.type from tbl_permission p1_0 where p1_0.id=?
Hibernate: select p1_0.id,p1_0.api_method,p1_0.api_path,p1_0.description,p1_0.menu_key,p1_0.name,p1_0.type from tbl_permission p1_0 where p1_0.id=?
2026-05-13T07:28:59.611+07:00 DEBUG 24684 --- [authentication-service] [nio-8081-exec-8] org.hibernate.SQL                        : select p1_0.id,p1_0.api_method,p1_0.api_path,p1_0.description,p1_0.menu_key,p1_0.name,p1_0.type from tbl_permission p1_0 where p1_0.id=?
Hibernate: select p1_0.id,p1_0.api_method,p1_0.api_path,p1_0.description,p1_0.menu_key,p1_0.name,p1_0.type from tbl_permission p1_0 where p1_0.id=?
2026-05-13T07:28:59.612+07:00 DEBUG 24684 --- [authentication-service] [nio-8081-exec-8] org.hibernate.SQL                        : select p1_0.id,p1_0.api_method,p1_0.api_path,p1_0.description,p1_0.menu_key,p1_0.name,p1_0.type from tbl_permission p1_0 where p1_0.id=?
Hibernate: select p1_0.id,p1_0.api_method,p1_0.api_path,p1_0.description,p1_0.menu_key,p1_0.name,p1_0.type from tbl_permission p1_0 where p1_0.id=?
2026-05-13T07:28:59.613+07:00 DEBUG 24684 --- [authentication-service] [nio-8081-exec-8] org.hibernate.SQL                        : select p1_0.id,p1_0.api_method,p1_0.api_path,p1_0.description,p1_0.menu_key,p1_0.name,p1_0.type from tbl_permission p1_0 where p1_0.id=?
Hibernate: select p1_0.id,p1_0.api_method,p1_0.api_path,p1_0.description,p1_0.menu_key,p1_0.name,p1_0.type from tbl_permission p1_0 where p1_0.id=?
2026-05-13T07:28:59.615+07:00 DEBUG 24684 --- [authentication-service] [nio-8081-exec-8] org.hibernate.SQL                        : select p1_0.id,p1_0.api_method,p1_0.api_path,p1_0.description,p1_0.menu_key,p1_0.name,p1_0.type from tbl_permission p1_0 where p1_0.id=?
Hibernate: select p1_0.id,p1_0.api_method,p1_0.api_path,p1_0.description,p1_0.menu_key,p1_0.name,p1_0.type from tbl_permission p1_0 where p1_0.id=?
2026-05-13T07:28:59.616+07:00 DEBUG 24684 --- [authentication-service] [nio-8081-exec-8] org.hibernate.SQL                        : select p1_0.id,p1_0.api_method,p1_0.api_path,p1_0.description,p1_0.menu_key,p1_0.name,p1_0.type from tbl_permission p1_0 where p1_0.id=?
Hibernate: select p1_0.id,p1_0.api_method,p1_0.api_path,p1_0.description,p1_0.menu_key,p1_0.name,p1_0.type from tbl_permission p1_0 where p1_0.id=?
2026-05-13T07:28:59.618+07:00 DEBUG 24684 --- [authentication-service] [nio-8081-exec-8] org.hibernate.SQL                        : select p1_0.id,p1_0.api_method,p1_0.api_path,p1_0.description,p1_0.menu_key,p1_0.name,p1_0.type from tbl_permission p1_0 where p1_0.id=?
Hibernate: select p1_0.id,p1_0.api_method,p1_0.api_path,p1_0.description,p1_0.menu_key,p1_0.name,p1_0.type from tbl_permission p1_0 where p1_0.id=?
2026-05-13T07:28:59.620+07:00 DEBUG 24684 --- [authentication-service] [nio-8081-exec-8] org.hibernate.SQL                        : select p1_0.id,p1_0.api_method,p1_0.api_path,p1_0.description,p1_0.menu_key,p1_0.name,p1_0.type from tbl_permission p1_0 where p1_0.id=?
Hibernate: select p1_0.id,p1_0.api_method,p1_0.api_path,p1_0.description,p1_0.menu_key,p1_0.name,p1_0.type from tbl_permission p1_0 where p1_0.id=?
2026-05-13T07:28:59.621+07:00 DEBUG 24684 --- [authentication-service] [nio-8081-exec-8] org.hibernate.SQL                        : select p1_0.id,p1_0.api_method,p1_0.api_path,p1_0.description,p1_0.menu_key,p1_0.name,p1_0.type from tbl_permission p1_0 where p1_0.id=?
Hibernate: select p1_0.id,p1_0.api_method,p1_0.api_path,p1_0.description,p1_0.menu_key,p1_0.name,p1_0.type from tbl_permission p1_0 where p1_0.id=?
2026-05-13T07:28:59.829+07:00 DEBUG 24684 --- [authentication-service] [nio-8081-exec-9] org.hibernate.SQL                        : select uhr1_0.id,uhr1_0.role_id,uhr1_0.user_id from tbl_user_has_role uhr1_0 where uhr1_0.user_id=?
Hibernate: select uhr1_0.id,uhr1_0.role_id,uhr1_0.user_id from tbl_user_has_role uhr1_0 where uhr1_0.user_id=?
2026-05-13T07:28:59.832+07:00 DEBUG 24684 --- [authentication-service] [nio-8081-exec-9] org.hibernate.SQL                        : select r1_0.id,r1_0.name from tbl_role r1_0 where r1_0.id=?
Hibernate: select r1_0.id,r1_0.name from tbl_role r1_0 where r1_0.id=?
2026-05-13T07:28:59.833+07:00 DEBUG 24684 --- [authentication-service] [nio-8081-exec-9] org.hibernate.SQL                        : select u1_0.id,u1_0.avatar_url,u1_0.date_of_birth,u1_0.email,u1_0.first_name,u1_0.gender,u1_0.is_two_factor_enabled,u1_0.last_name,u1_0.password,u1_0.phone,u1_0.require_password_change,u1_0.secret,u1_0.status,u1_0.type,u1_0.username from tbl_user u1_0 where u1_0.id=?
Hibernate: select u1_0.id,u1_0.avatar_url,u1_0.date_of_birth,u1_0.email,u1_0.first_name,u1_0.gender,u1_0.is_two_factor_enabled,u1_0.last_name,u1_0.password,u1_0.phone,u1_0.require_password_change,u1_0.secret,u1_0.status,u1_0.type,u1_0.username from tbl_user u1_0 where u1_0.id=?
2026-05-13T07:28:59.835+07:00 DEBUG 24684 --- [authentication-service] [nio-8081-exec-9] org.hibernate.SQL                        : select r1_0.id,r1_0.name from tbl_role r1_0 where r1_0.id=?
Hibernate: select r1_0.id,r1_0.name from tbl_role r1_0 where r1_0.id=?
2026-05-13T07:28:59.836+07:00 DEBUG 24684 --- [authentication-service] [nio-8081-exec-9] org.hibernate.SQL                        : select r1_0.id,r1_0.name from tbl_role r1_0 where r1_0.id=?
Hibernate: select r1_0.id,r1_0.name from tbl_role r1_0 where r1_0.id=?
2026-05-13T07:28:59.839+07:00 DEBUG 24684 --- [authentication-service] [nio-8081-exec-9] org.hibernate.SQL                        : select rhp1_0.id,rhp1_0.permission_id,rhp1_0.role_id from tbl_role_has_permission rhp1_0 where rhp1_0.role_id in (?,?,?)
Hibernate: select rhp1_0.id,rhp1_0.permission_id,rhp1_0.role_id from tbl_role_has_permission rhp1_0 where rhp1_0.role_id in (?,?,?)
2026-05-13T07:28:59.840+07:00 DEBUG 24684 --- [authentication-service] [nio-8081-exec-9] org.hibernate.SQL                        : select p1_0.id,p1_0.api_method,p1_0.api_path,p1_0.description,p1_0.menu_key,p1_0.name,p1_0.type from tbl_permission p1_0 where p1_0.id=?
Hibernate: select p1_0.id,p1_0.api_method,p1_0.api_path,p1_0.description,p1_0.menu_key,p1_0.name,p1_0.type from tbl_permission p1_0 where p1_0.id=?
2026-05-13T07:28:59.842+07:00 DEBUG 24684 --- [authentication-service] [nio-8081-exec-9] org.hibernate.SQL                        : select p1_0.id,p1_0.api_method,p1_0.api_path,p1_0.description,p1_0.menu_key,p1_0.name,p1_0.type from tbl_permission p1_0 where p1_0.id=?
Hibernate: select p1_0.id,p1_0.api_method,p1_0.api_path,p1_0.description,p1_0.menu_key,p1_0.name,p1_0.type from tbl_permission p1_0 where p1_0.id=?
2026-05-13T07:28:59.843+07:00 DEBUG 24684 --- [authentication-service] [nio-8081-exec-9] org.hibernate.SQL                        : select p1_0.id,p1_0.api_method,p1_0.api_path,p1_0.description,p1_0.menu_key,p1_0.name,p1_0.type from tbl_permission p1_0 where p1_0.id=?
Hibernate: select p1_0.id,p1_0.api_method,p1_0.api_path,p1_0.description,p1_0.menu_key,p1_0.name,p1_0.type from tbl_permission p1_0 where p1_0.id=?
2026-05-13T07:28:59.844+07:00 DEBUG 24684 --- [authentication-service] [nio-8081-exec-9] org.hibernate.SQL                        : select p1_0.id,p1_0.api_method,p1_0.api_path,p1_0.description,p1_0.menu_key,p1_0.name,p1_0.type from tbl_permission p1_0 where p1_0.id=?
Hibernate: select p1_0.id,p1_0.api_method,p1_0.api_path,p1_0.description,p1_0.menu_key,p1_0.name,p1_0.type from tbl_permission p1_0 where p1_0.id=?
2026-05-13T07:28:59.845+07:00 DEBUG 24684 --- [authentication-service] [nio-8081-exec-9] org.hibernate.SQL                        : select p1_0.id,p1_0.api_method,p1_0.api_path,p1_0.description,p1_0.menu_key,p1_0.name,p1_0.type from tbl_permission p1_0 where p1_0.id=?
Hibernate: select p1_0.id,p1_0.api_method,p1_0.api_path,p1_0.description,p1_0.menu_key,p1_0.name,p1_0.type from tbl_permission p1_0 where p1_0.id=?
2026-05-13T07:28:59.847+07:00 DEBUG 24684 --- [authentication-service] [nio-8081-exec-9] org.hibernate.SQL                        : select p1_0.id,p1_0.api_method,p1_0.api_path,p1_0.description,p1_0.menu_key,p1_0.name,p1_0.type from tbl_permission p1_0 where p1_0.id=?
Hibernate: select p1_0.id,p1_0.api_method,p1_0.api_path,p1_0.description,p1_0.menu_key,p1_0.name,p1_0.type from tbl_permission p1_0 where p1_0.id=?
2026-05-13T07:28:59.848+07:00 DEBUG 24684 --- [authentication-service] [nio-8081-exec-9] org.hibernate.SQL                        : select p1_0.id,p1_0.api_method,p1_0.api_path,p1_0.description,p1_0.menu_key,p1_0.name,p1_0.type from tbl_permission p1_0 where p1_0.id=?
Hibernate: select p1_0.id,p1_0.api_method,p1_0.api_path,p1_0.description,p1_0.menu_key,p1_0.name,p1_0.type from tbl_permission p1_0 where p1_0.id=?
2026-05-13T07:28:59.850+07:00 DEBUG 24684 --- [authentication-service] [nio-8081-exec-9] org.hibernate.SQL                        : select p1_0.id,p1_0.api_method,p1_0.api_path,p1_0.description,p1_0.menu_key,p1_0.name,p1_0.type from tbl_permission p1_0 where p1_0.id=?
Hibernate: select p1_0.id,p1_0.api_method,p1_0.api_path,p1_0.description,p1_0.menu_key,p1_0.name,p1_0.type from tbl_permission p1_0 where p1_0.id=?
2026-05-13T07:28:59.851+07:00 DEBUG 24684 --- [authentication-service] [nio-8081-exec-9] org.hibernate.SQL                        : select p1_0.id,p1_0.api_method,p1_0.api_path,p1_0.description,p1_0.menu_key,p1_0.name,p1_0.type from tbl_permission p1_0 where p1_0.id=?
Hibernate: select p1_0.id,p1_0.api_method,p1_0.api_path,p1_0.description,p1_0.menu_key,p1_0.name,p1_0.type from tbl_permission p1_0 where p1_0.id=?
2026-05-13T07:28:59.852+07:00 DEBUG 24684 --- [authentication-service] [nio-8081-exec-9] org.hibernate.SQL                        : select p1_0.id,p1_0.api_method,p1_0.api_path,p1_0.description,p1_0.menu_key,p1_0.name,p1_0.type from tbl_permission p1_0 where p1_0.id=?
Hibernate: select p1_0.id,p1_0.api_method,p1_0.api_path,p1_0.description,p1_0.menu_key,p1_0.name,p1_0.type from tbl_permission p1_0 where p1_0.id=?
2026-05-13T07:28:59.854+07:00 DEBUG 24684 --- [authentication-service] [nio-8081-exec-9] org.hibernate.SQL                        : select p1_0.id,p1_0.api_method,p1_0.api_path,p1_0.description,p1_0.menu_key,p1_0.name,p1_0.type from tbl_permission p1_0 where p1_0.id=?
Hibernate: select p1_0.id,p1_0.api_method,p1_0.api_path,p1_0.description,p1_0.menu_key,p1_0.name,p1_0.type from tbl_permission p1_0 where p1_0.id=?
2026-05-13T07:28:59.855+07:00 DEBUG 24684 --- [authentication-service] [nio-8081-exec-9] org.hibernate.SQL                        : select p1_0.id,p1_0.api_method,p1_0.api_path,p1_0.description,p1_0.menu_key,p1_0.name,p1_0.type from tbl_permission p1_0 where p1_0.id=?
Hibernate: select p1_0.id,p1_0.api_method,p1_0.api_path,p1_0.description,p1_0.menu_key,p1_0.name,p1_0.type from tbl_permission p1_0 where p1_0.id=?
2026-05-13T07:28:59.856+07:00 DEBUG 24684 --- [authentication-service] [nio-8081-exec-9] org.hibernate.SQL                        : select p1_0.id,p1_0.api_method,p1_0.api_path,p1_0.description,p1_0.menu_key,p1_0.name,p1_0.type from tbl_permission p1_0 where p1_0.id=?
Hibernate: select p1_0.id,p1_0.api_method,p1_0.api_path,p1_0.description,p1_0.menu_key,p1_0.name,p1_0.type from tbl_permission p1_0 where p1_0.id=?
2026-05-13T07:28:59.857+07:00 DEBUG 24684 --- [authentication-service] [nio-8081-exec-9] org.hibernate.SQL                        : select p1_0.id,p1_0.api_method,p1_0.api_path,p1_0.description,p1_0.menu_key,p1_0.name,p1_0.type from tbl_permission p1_0 where p1_0.id=?
Hibernate: select p1_0.id,p1_0.api_method,p1_0.api_path,p1_0.description,p1_0.menu_key,p1_0.name,p1_0.type from tbl_permission p1_0 where p1_0.id=?
2026-05-13T07:28:59.858+07:00 DEBUG 24684 --- [authentication-service] [nio-8081-exec-9] org.hibernate.SQL                        : select p1_0.id,p1_0.api_method,p1_0.api_path,p1_0.description,p1_0.menu_key,p1_0.name,p1_0.type from tbl_permission p1_0 where p1_0.id=?
Hibernate: select p1_0.id,p1_0.api_method,p1_0.api_path,p1_0.description,p1_0.menu_key,p1_0.name,p1_0.type from tbl_permission p1_0 where p1_0.id=?
2026-05-13T07:28:59.860+07:00 DEBUG 24684 --- [authentication-service] [nio-8081-exec-9] org.hibernate.SQL                        : select p1_0.id,p1_0.api_method,p1_0.api_path,p1_0.description,p1_0.menu_key,p1_0.name,p1_0.type from tbl_permission p1_0 where p1_0.id=?
Hibernate: select p1_0.id,p1_0.api_method,p1_0.api_path,p1_0.description,p1_0.menu_key,p1_0.name,p1_0.type from tbl_permission p1_0 where p1_0.id=?
2026-05-13T07:28:59.861+07:00 DEBUG 24684 --- [authentication-service] [nio-8081-exec-9] org.hibernate.SQL                        : select p1_0.id,p1_0.api_method,p1_0.api_path,p1_0.description,p1_0.menu_key,p1_0.name,p1_0.type from tbl_permission p1_0 where p1_0.id=?
Hibernate: select p1_0.id,p1_0.api_method,p1_0.api_path,p1_0.description,p1_0.menu_key,p1_0.name,p1_0.type from tbl_permission p1_0 where p1_0.id=?
2026-05-13T07:28:59.862+07:00 DEBUG 24684 --- [authentication-service] [nio-8081-exec-9] org.hibernate.SQL                        : select p1_0.id,p1_0.api_method,p1_0.api_path,p1_0.description,p1_0.menu_key,p1_0.name,p1_0.type from tbl_permission p1_0 where p1_0.id=?
Hibernate: select p1_0.id,p1_0.api_method,p1_0.api_path,p1_0.description,p1_0.menu_key,p1_0.name,p1_0.type from tbl_permission p1_0 where p1_0.id=?
2026-05-13T07:29:00.094+07:00 DEBUG 24684 --- [authentication-service] [io-8081-exec-10] org.hibernate.SQL                        : select uhr1_0.id,uhr1_0.role_id,uhr1_0.user_id from tbl_user_has_role uhr1_0 where uhr1_0.user_id=?
Hibernate: select uhr1_0.id,uhr1_0.role_id,uhr1_0.user_id from tbl_user_has_role uhr1_0 where uhr1_0.user_id=?
2026-05-13T07:29:00.096+07:00 DEBUG 24684 --- [authentication-service] [io-8081-exec-10] org.hibernate.SQL                        : select r1_0.id,r1_0.name from tbl_role r1_0 where r1_0.id=?
Hibernate: select r1_0.id,r1_0.name from tbl_role r1_0 where r1_0.id=?
2026-05-13T07:29:00.099+07:00 DEBUG 24684 --- [authentication-service] [io-8081-exec-10] org.hibernate.SQL                        : select u1_0.id,u1_0.avatar_url,u1_0.date_of_birth,u1_0.email,u1_0.first_name,u1_0.gender,u1_0.is_two_factor_enabled,u1_0.last_name,u1_0.password,u1_0.phone,u1_0.require_password_change,u1_0.secret,u1_0.status,u1_0.type,u1_0.username from tbl_user u1_0 where u1_0.id=?
Hibernate: select u1_0.id,u1_0.avatar_url,u1_0.date_of_birth,u1_0.email,u1_0.first_name,u1_0.gender,u1_0.is_two_factor_enabled,u1_0.last_name,u1_0.password,u1_0.phone,u1_0.require_password_change,u1_0.secret,u1_0.status,u1_0.type,u1_0.username from tbl_user u1_0 where u1_0.id=?
2026-05-13T07:29:00.100+07:00 DEBUG 24684 --- [authentication-service] [io-8081-exec-10] org.hibernate.SQL                        : select r1_0.id,r1_0.name from tbl_role r1_0 where r1_0.id=?
Hibernate: select r1_0.id,r1_0.name from tbl_role r1_0 where r1_0.id=?
2026-05-13T07:29:00.102+07:00 DEBUG 24684 --- [authentication-service] [io-8081-exec-10] org.hibernate.SQL                        : select r1_0.id,r1_0.name from tbl_role r1_0 where r1_0.id=?
Hibernate: select r1_0.id,r1_0.name from tbl_role r1_0 where r1_0.id=?
2026-05-13T07:29:00.105+07:00 DEBUG 24684 --- [authentication-service] [io-8081-exec-10] org.hibernate.SQL                        : select rhp1_0.id,rhp1_0.permission_id,rhp1_0.role_id from tbl_role_has_permission rhp1_0 where rhp1_0.role_id in (?,?,?)
Hibernate: select rhp1_0.id,rhp1_0.permission_id,rhp1_0.role_id from tbl_role_has_permission rhp1_0 where rhp1_0.role_id in (?,?,?)
2026-05-13T07:29:00.106+07:00 DEBUG 24684 --- [authentication-service] [io-8081-exec-10] org.hibernate.SQL                        : select p1_0.id,p1_0.api_method,p1_0.api_path,p1_0.description,p1_0.menu_key,p1_0.name,p1_0.type from tbl_permission p1_0 where p1_0.id=?
Hibernate: select p1_0.id,p1_0.api_method,p1_0.api_path,p1_0.description,p1_0.menu_key,p1_0.name,p1_0.type from tbl_permission p1_0 where p1_0.id=?
2026-05-13T07:29:00.108+07:00 DEBUG 24684 --- [authentication-service] [io-8081-exec-10] org.hibernate.SQL                        : select p1_0.id,p1_0.api_method,p1_0.api_path,p1_0.description,p1_0.menu_key,p1_0.name,p1_0.type from tbl_permission p1_0 where p1_0.id=?
Hibernate: select p1_0.id,p1_0.api_method,p1_0.api_path,p1_0.description,p1_0.menu_key,p1_0.name,p1_0.type from tbl_permission p1_0 where p1_0.id=?
2026-05-13T07:29:00.109+07:00 DEBUG 24684 --- [authentication-service] [io-8081-exec-10] org.hibernate.SQL                        : select p1_0.id,p1_0.api_method,p1_0.api_path,p1_0.description,p1_0.menu_key,p1_0.name,p1_0.type from tbl_permission p1_0 where p1_0.id=?
Hibernate: select p1_0.id,p1_0.api_method,p1_0.api_path,p1_0.description,p1_0.menu_key,p1_0.name,p1_0.type from tbl_permission p1_0 where p1_0.id=?
2026-05-13T07:29:00.111+07:00 DEBUG 24684 --- [authentication-service] [io-8081-exec-10] org.hibernate.SQL                        : select p1_0.id,p1_0.api_method,p1_0.api_path,p1_0.description,p1_0.menu_key,p1_0.name,p1_0.type from tbl_permission p1_0 where p1_0.id=?
Hibernate: select p1_0.id,p1_0.api_method,p1_0.api_path,p1_0.description,p1_0.menu_key,p1_0.name,p1_0.type from tbl_permission p1_0 where p1_0.id=?
2026-05-13T07:29:00.112+07:00 DEBUG 24684 --- [authentication-service] [io-8081-exec-10] org.hibernate.SQL                        : select p1_0.id,p1_0.api_method,p1_0.api_path,p1_0.description,p1_0.menu_key,p1_0.name,p1_0.type from tbl_permission p1_0 where p1_0.id=?
Hibernate: select p1_0.id,p1_0.api_method,p1_0.api_path,p1_0.description,p1_0.menu_key,p1_0.name,p1_0.type from tbl_permission p1_0 where p1_0.id=?
2026-05-13T07:29:00.113+07:00 DEBUG 24684 --- [authentication-service] [io-8081-exec-10] org.hibernate.SQL                        : select p1_0.id,p1_0.api_method,p1_0.api_path,p1_0.description,p1_0.menu_key,p1_0.name,p1_0.type from tbl_permission p1_0 where p1_0.id=?
Hibernate: select p1_0.id,p1_0.api_method,p1_0.api_path,p1_0.description,p1_0.menu_key,p1_0.name,p1_0.type from tbl_permission p1_0 where p1_0.id=?
2026-05-13T07:29:00.114+07:00 DEBUG 24684 --- [authentication-service] [io-8081-exec-10] org.hibernate.SQL                        : select p1_0.id,p1_0.api_method,p1_0.api_path,p1_0.description,p1_0.menu_key,p1_0.name,p1_0.type from tbl_permission p1_0 where p1_0.id=?
Hibernate: select p1_0.id,p1_0.api_method,p1_0.api_path,p1_0.description,p1_0.menu_key,p1_0.name,p1_0.type from tbl_permission p1_0 where p1_0.id=?
2026-05-13T07:29:00.115+07:00 DEBUG 24684 --- [authentication-service] [io-8081-exec-10] org.hibernate.SQL                        : select p1_0.id,p1_0.api_method,p1_0.api_path,p1_0.description,p1_0.menu_key,p1_0.name,p1_0.type from tbl_permission p1_0 where p1_0.id=?
Hibernate: select p1_0.id,p1_0.api_method,p1_0.api_path,p1_0.description,p1_0.menu_key,p1_0.name,p1_0.type from tbl_permission p1_0 where p1_0.id=?
2026-05-13T07:29:00.116+07:00 DEBUG 24684 --- [authentication-service] [io-8081-exec-10] org.hibernate.SQL                        : select p1_0.id,p1_0.api_method,p1_0.api_path,p1_0.description,p1_0.menu_key,p1_0.name,p1_0.type from tbl_permission p1_0 where p1_0.id=?
Hibernate: select p1_0.id,p1_0.api_method,p1_0.api_path,p1_0.description,p1_0.menu_key,p1_0.name,p1_0.type from tbl_permission p1_0 where p1_0.id=?
2026-05-13T07:29:00.117+07:00 DEBUG 24684 --- [authentication-service] [io-8081-exec-10] org.hibernate.SQL                        : select p1_0.id,p1_0.api_method,p1_0.api_path,p1_0.description,p1_0.menu_key,p1_0.name,p1_0.type from tbl_permission p1_0 where p1_0.id=?
Hibernate: select p1_0.id,p1_0.api_method,p1_0.api_path,p1_0.description,p1_0.menu_key,p1_0.name,p1_0.type from tbl_permission p1_0 where p1_0.id=?
2026-05-13T07:29:00.119+07:00 DEBUG 24684 --- [authentication-service] [io-8081-exec-10] org.hibernate.SQL                        : select p1_0.id,p1_0.api_method,p1_0.api_path,p1_0.description,p1_0.menu_key,p1_0.name,p1_0.type from tbl_permission p1_0 where p1_0.id=?
Hibernate: select p1_0.id,p1_0.api_method,p1_0.api_path,p1_0.description,p1_0.menu_key,p1_0.name,p1_0.type from tbl_permission p1_0 where p1_0.id=?
2026-05-13T07:29:00.120+07:00 DEBUG 24684 --- [authentication-service] [io-8081-exec-10] org.hibernate.SQL                        : select p1_0.id,p1_0.api_method,p1_0.api_path,p1_0.description,p1_0.menu_key,p1_0.name,p1_0.type from tbl_permission p1_0 where p1_0.id=?
Hibernate: select p1_0.id,p1_0.api_method,p1_0.api_path,p1_0.description,p1_0.menu_key,p1_0.name,p1_0.type from tbl_permission p1_0 where p1_0.id=?
2026-05-13T07:29:00.121+07:00 DEBUG 24684 --- [authentication-service] [io-8081-exec-10] org.hibernate.SQL                        : select p1_0.id,p1_0.api_method,p1_0.api_path,p1_0.description,p1_0.menu_key,p1_0.name,p1_0.type from tbl_permission p1_0 where p1_0.id=?
Hibernate: select p1_0.id,p1_0.api_method,p1_0.api_path,p1_0.description,p1_0.menu_key,p1_0.name,p1_0.type from tbl_permission p1_0 where p1_0.id=?
2026-05-13T07:29:00.122+07:00 DEBUG 24684 --- [authentication-service] [io-8081-exec-10] org.hibernate.SQL                        : select p1_0.id,p1_0.api_method,p1_0.api_path,p1_0.description,p1_0.menu_key,p1_0.name,p1_0.type from tbl_permission p1_0 where p1_0.id=?
Hibernate: select p1_0.id,p1_0.api_method,p1_0.api_path,p1_0.description,p1_0.menu_key,p1_0.name,p1_0.type from tbl_permission p1_0 where p1_0.id=?
2026-05-13T07:29:00.123+07:00 DEBUG 24684 --- [authentication-service] [io-8081-exec-10] org.hibernate.SQL                        : select p1_0.id,p1_0.api_method,p1_0.api_path,p1_0.description,p1_0.menu_key,p1_0.name,p1_0.type from tbl_permission p1_0 where p1_0.id=?
Hibernate: select p1_0.id,p1_0.api_method,p1_0.api_path,p1_0.description,p1_0.menu_key,p1_0.name,p1_0.type from tbl_permission p1_0 where p1_0.id=?
2026-05-13T07:29:00.125+07:00 DEBUG 24684 --- [authentication-service] [io-8081-exec-10] org.hibernate.SQL                        : select p1_0.id,p1_0.api_method,p1_0.api_path,p1_0.description,p1_0.menu_key,p1_0.name,p1_0.type from tbl_permission p1_0 where p1_0.id=?
Hibernate: select p1_0.id,p1_0.api_method,p1_0.api_path,p1_0.description,p1_0.menu_key,p1_0.name,p1_0.type from tbl_permission p1_0 where p1_0.id=?
2026-05-13T07:29:00.126+07:00 DEBUG 24684 --- [authentication-service] [io-8081-exec-10] org.hibernate.SQL                        : select p1_0.id,p1_0.api_method,p1_0.api_path,p1_0.description,p1_0.menu_key,p1_0.name,p1_0.type from tbl_permission p1_0 where p1_0.id=?
Hibernate: select p1_0.id,p1_0.api_method,p1_0.api_path,p1_0.description,p1_0.menu_key,p1_0.name,p1_0.type from tbl_permission p1_0 where p1_0.id=?
2026-05-13T07:29:00.127+07:00 DEBUG 24684 --- [authentication-service] [io-8081-exec-10] org.hibernate.SQL                        : select p1_0.id,p1_0.api_method,p1_0.api_path,p1_0.description,p1_0.menu_key,p1_0.name,p1_0.type from tbl_permission p1_0 where p1_0.id=?
Hibernate: select p1_0.id,p1_0.api_method,p1_0.api_path,p1_0.description,p1_0.menu_key,p1_0.name,p1_0.type from tbl_permission p1_0 where p1_0.id=?
2026-05-13T07:29:00.252+07:00 DEBUG 24684 --- [authentication-service] [nio-8081-exec-1] org.hibernate.SQL                        : select uhr1_0.id,uhr1_0.role_id,uhr1_0.user_id from tbl_user_has_role uhr1_0 where uhr1_0.user_id=?
Hibernate: select uhr1_0.id,uhr1_0.role_id,uhr1_0.user_id from tbl_user_has_role uhr1_0 where uhr1_0.user_id=?
2026-05-13T07:29:00.254+07:00 DEBUG 24684 --- [authentication-service] [nio-8081-exec-1] org.hibernate.SQL                        : select r1_0.id,r1_0.name from tbl_role r1_0 where r1_0.id=?
Hibernate: select r1_0.id,r1_0.name from tbl_role r1_0 where r1_0.id=?
2026-05-13T07:29:00.256+07:00 DEBUG 24684 --- [authentication-service] [nio-8081-exec-1] org.hibernate.SQL                        : select u1_0.id,u1_0.avatar_url,u1_0.date_of_birth,u1_0.email,u1_0.first_name,u1_0.gender,u1_0.is_two_factor_enabled,u1_0.last_name,u1_0.password,u1_0.phone,u1_0.require_password_change,u1_0.secret,u1_0.status,u1_0.type,u1_0.username from tbl_user u1_0 where u1_0.id=?
Hibernate: select u1_0.id,u1_0.avatar_url,u1_0.date_of_birth,u1_0.email,u1_0.first_name,u1_0.gender,u1_0.is_two_factor_enabled,u1_0.last_name,u1_0.password,u1_0.phone,u1_0.require_password_change,u1_0.secret,u1_0.status,u1_0.type,u1_0.username from tbl_user u1_0 where u1_0.id=?
2026-05-13T07:29:00.257+07:00 DEBUG 24684 --- [authentication-service] [nio-8081-exec-1] org.hibernate.SQL                        : select r1_0.id,r1_0.name from tbl_role r1_0 where r1_0.id=?
Hibernate: select r1_0.id,r1_0.name from tbl_role r1_0 where r1_0.id=?
2026-05-13T07:29:00.258+07:00 DEBUG 24684 --- [authentication-service] [nio-8081-exec-1] org.hibernate.SQL                        : select r1_0.id,r1_0.name from tbl_role r1_0 where r1_0.id=?
Hibernate: select r1_0.id,r1_0.name from tbl_role r1_0 where r1_0.id=?
2026-05-13T07:29:00.260+07:00 DEBUG 24684 --- [authentication-service] [nio-8081-exec-1] org.hibernate.SQL                        : select rhp1_0.id,rhp1_0.permission_id,rhp1_0.role_id from tbl_role_has_permission rhp1_0 where rhp1_0.role_id in (?,?,?)
Hibernate: select rhp1_0.id,rhp1_0.permission_id,rhp1_0.role_id from tbl_role_has_permission rhp1_0 where rhp1_0.role_id in (?,?,?)
2026-05-13T07:29:00.261+07:00 DEBUG 24684 --- [authentication-service] [nio-8081-exec-1] org.hibernate.SQL                        : select p1_0.id,p1_0.api_method,p1_0.api_path,p1_0.description,p1_0.menu_key,p1_0.name,p1_0.type from tbl_permission p1_0 where p1_0.id=?
Hibernate: select p1_0.id,p1_0.api_method,p1_0.api_path,p1_0.description,p1_0.menu_key,p1_0.name,p1_0.type from tbl_permission p1_0 where p1_0.id=?
2026-05-13T07:29:00.262+07:00 DEBUG 24684 --- [authentication-service] [nio-8081-exec-1] org.hibernate.SQL                        : select p1_0.id,p1_0.api_method,p1_0.api_path,p1_0.description,p1_0.menu_key,p1_0.name,p1_0.type from tbl_permission p1_0 where p1_0.id=?
Hibernate: select p1_0.id,p1_0.api_method,p1_0.api_path,p1_0.description,p1_0.menu_key,p1_0.name,p1_0.type from tbl_permission p1_0 where p1_0.id=?
2026-05-13T07:29:00.264+07:00 DEBUG 24684 --- [authentication-service] [nio-8081-exec-1] org.hibernate.SQL                        : select p1_0.id,p1_0.api_method,p1_0.api_path,p1_0.description,p1_0.menu_key,p1_0.name,p1_0.type from tbl_permission p1_0 where p1_0.id=?
Hibernate: select p1_0.id,p1_0.api_method,p1_0.api_path,p1_0.description,p1_0.menu_key,p1_0.name,p1_0.type from tbl_permission p1_0 where p1_0.id=?
2026-05-13T07:29:00.265+07:00 DEBUG 24684 --- [authentication-service] [nio-8081-exec-1] org.hibernate.SQL                        : select p1_0.id,p1_0.api_method,p1_0.api_path,p1_0.description,p1_0.menu_key,p1_0.name,p1_0.type from tbl_permission p1_0 where p1_0.id=?
Hibernate: select p1_0.id,p1_0.api_method,p1_0.api_path,p1_0.description,p1_0.menu_key,p1_0.name,p1_0.type from tbl_permission p1_0 where p1_0.id=?
2026-05-13T07:29:00.267+07:00 DEBUG 24684 --- [authentication-service] [nio-8081-exec-1] org.hibernate.SQL                        : select p1_0.id,p1_0.api_method,p1_0.api_path,p1_0.description,p1_0.menu_key,p1_0.name,p1_0.type from tbl_permission p1_0 where p1_0.id=?
Hibernate: select p1_0.id,p1_0.api_method,p1_0.api_path,p1_0.description,p1_0.menu_key,p1_0.name,p1_0.type from tbl_permission p1_0 where p1_0.id=?
2026-05-13T07:29:00.269+07:00 DEBUG 24684 --- [authentication-service] [nio-8081-exec-1] org.hibernate.SQL                        : select p1_0.id,p1_0.api_method,p1_0.api_path,p1_0.description,p1_0.menu_key,p1_0.name,p1_0.type from tbl_permission p1_0 where p1_0.id=?
Hibernate: select p1_0.id,p1_0.api_method,p1_0.api_path,p1_0.description,p1_0.menu_key,p1_0.name,p1_0.type from tbl_permission p1_0 where p1_0.id=?
2026-05-13T07:29:00.270+07:00 DEBUG 24684 --- [authentication-service] [nio-8081-exec-1] org.hibernate.SQL                        : select p1_0.id,p1_0.api_method,p1_0.api_path,p1_0.description,p1_0.menu_key,p1_0.name,p1_0.type from tbl_permission p1_0 where p1_0.id=?
Hibernate: select p1_0.id,p1_0.api_method,p1_0.api_path,p1_0.description,p1_0.menu_key,p1_0.name,p1_0.type from tbl_permission p1_0 where p1_0.id=?
2026-05-13T07:29:00.271+07:00 DEBUG 24684 --- [authentication-service] [nio-8081-exec-1] org.hibernate.SQL                        : select p1_0.id,p1_0.api_method,p1_0.api_path,p1_0.description,p1_0.menu_key,p1_0.name,p1_0.type from tbl_permission p1_0 where p1_0.id=?
Hibernate: select p1_0.id,p1_0.api_method,p1_0.api_path,p1_0.description,p1_0.menu_key,p1_0.name,p1_0.type from tbl_permission p1_0 where p1_0.id=?
2026-05-13T07:29:00.272+07:00 DEBUG 24684 --- [authentication-service] [nio-8081-exec-1] org.hibernate.SQL                        : select p1_0.id,p1_0.api_method,p1_0.api_path,p1_0.description,p1_0.menu_key,p1_0.name,p1_0.type from tbl_permission p1_0 where p1_0.id=?
Hibernate: select p1_0.id,p1_0.api_method,p1_0.api_path,p1_0.description,p1_0.menu_key,p1_0.name,p1_0.type from tbl_permission p1_0 where p1_0.id=?
2026-05-13T07:29:00.273+07:00 DEBUG 24684 --- [authentication-service] [nio-8081-exec-1] org.hibernate.SQL                        : select p1_0.id,p1_0.api_method,p1_0.api_path,p1_0.description,p1_0.menu_key,p1_0.name,p1_0.type from tbl_permission p1_0 where p1_0.id=?
Hibernate: select p1_0.id,p1_0.api_method,p1_0.api_path,p1_0.description,p1_0.menu_key,p1_0.name,p1_0.type from tbl_permission p1_0 where p1_0.id=?
2026-05-13T07:29:00.274+07:00 DEBUG 24684 --- [authentication-service] [nio-8081-exec-1] org.hibernate.SQL                        : select p1_0.id,p1_0.api_method,p1_0.api_path,p1_0.description,p1_0.menu_key,p1_0.name,p1_0.type from tbl_permission p1_0 where p1_0.id=?
Hibernate: select p1_0.id,p1_0.api_method,p1_0.api_path,p1_0.description,p1_0.menu_key,p1_0.name,p1_0.type from tbl_permission p1_0 where p1_0.id=?
2026-05-13T07:29:00.275+07:00 DEBUG 24684 --- [authentication-service] [nio-8081-exec-1] org.hibernate.SQL                        : select p1_0.id,p1_0.api_method,p1_0.api_path,p1_0.description,p1_0.menu_key,p1_0.name,p1_0.type from tbl_permission p1_0 where p1_0.id=?
Hibernate: select p1_0.id,p1_0.api_method,p1_0.api_path,p1_0.description,p1_0.menu_key,p1_0.name,p1_0.type from tbl_permission p1_0 where p1_0.id=?
2026-05-13T07:29:00.277+07:00 DEBUG 24684 --- [authentication-service] [nio-8081-exec-1] org.hibernate.SQL                        : select p1_0.id,p1_0.api_method,p1_0.api_path,p1_0.description,p1_0.menu_key,p1_0.name,p1_0.type from tbl_permission p1_0 where p1_0.id=?
Hibernate: select p1_0.id,p1_0.api_method,p1_0.api_path,p1_0.description,p1_0.menu_key,p1_0.name,p1_0.type from tbl_permission p1_0 where p1_0.id=?
2026-05-13T07:29:00.278+07:00 DEBUG 24684 --- [authentication-service] [nio-8081-exec-1] org.hibernate.SQL                        : select p1_0.id,p1_0.api_method,p1_0.api_path,p1_0.description,p1_0.menu_key,p1_0.name,p1_0.type from tbl_permission p1_0 where p1_0.id=?
Hibernate: select p1_0.id,p1_0.api_method,p1_0.api_path,p1_0.description,p1_0.menu_key,p1_0.name,p1_0.type from tbl_permission p1_0 where p1_0.id=?
2026-05-13T07:29:00.279+07:00 DEBUG 24684 --- [authentication-service] [nio-8081-exec-1] org.hibernate.SQL                        : select p1_0.id,p1_0.api_method,p1_0.api_path,p1_0.description,p1_0.menu_key,p1_0.name,p1_0.type from tbl_permission p1_0 where p1_0.id=?
Hibernate: select p1_0.id,p1_0.api_method,p1_0.api_path,p1_0.description,p1_0.menu_key,p1_0.name,p1_0.type from tbl_permission p1_0 where p1_0.id=?
2026-05-13T07:29:00.280+07:00 DEBUG 24684 --- [authentication-service] [nio-8081-exec-1] org.hibernate.SQL                        : select p1_0.id,p1_0.api_method,p1_0.api_path,p1_0.description,p1_0.menu_key,p1_0.name,p1_0.type from tbl_permission p1_0 where p1_0.id=?
Hibernate: select p1_0.id,p1_0.api_method,p1_0.api_path,p1_0.description,p1_0.menu_key,p1_0.name,p1_0.type from tbl_permission p1_0 where p1_0.id=?
2026-05-13T07:29:00.282+07:00 DEBUG 24684 --- [authentication-service] [nio-8081-exec-1] org.hibernate.SQL                        : select p1_0.id,p1_0.api_method,p1_0.api_path,p1_0.description,p1_0.menu_key,p1_0.name,p1_0.type from tbl_permission p1_0 where p1_0.id=?
Hibernate: select p1_0.id,p1_0.api_method,p1_0.api_path,p1_0.description,p1_0.menu_key,p1_0.name,p1_0.type from tbl_permission p1_0 where p1_0.id=?
2026-05-13T07:29:00.283+07:00 DEBUG 24684 --- [authentication-service] [nio-8081-exec-1] org.hibernate.SQL                        : select p1_0.id,p1_0.api_method,p1_0.api_path,p1_0.description,p1_0.menu_key,p1_0.name,p1_0.type from tbl_permission p1_0 where p1_0.id=?
Hibernate: select p1_0.id,p1_0.api_method,p1_0.api_path,p1_0.description,p1_0.menu_key,p1_0.name,p1_0.type from tbl_permission p1_0 where p1_0.id=?
[INFO] ------------------------------------------------------------------------
[INFO] BUILD FAILURE
[INFO] ------------------------------------------------------------------------
[INFO] Total time:  07:08 min
[INFO] Finished at: 2026-05-13T07:35:02+07:00
[INFO] ------------------------------------------------------------------------
[ERROR] Failed to execute goal org.springframework.boot:spring-boot-maven-plugin:3.3.3:run (default-cli) on project authentication-service: Process terminated with exit code: 1073807364 -> [Help 1]
[ERROR] 
[ERROR] To see the full stack trace of the errors, re-run Maven with the -e switch.
[ERROR] Re-run Maven using the -X switch to enable full debug logging.
[ERROR] 
[ERROR] For more information about the errors and possible solutions, please read the following articles:
[ERROR] [Help 1] http://cwiki.apache.org/confluence/display/MAVEN/MojoExecutionException
